origin_no,origin,horizon,target,model,actual,forecast,forecast_log_mean,forecast_log_variance,inverse,m0_source_date
1,2025-11-30,7,2025-12-07,M0,42.0,34.0,,,not applicable -- original-scale benchmark,2024-12-07
1,2025-11-30,7,2025-12-07,M1,42.0,57.18960072664018,4.028708218276941,0.06999687764425991,exp(m + variance/2) - 1,
1,2025-11-30,7,2025-12-07,M2,42.0,57.080388783326576,4.027040455628651,0.0695752175865691,exp(m + variance/2) - 1,
1,2025-11-30,7,2025-12-07,M3,42.0,54.078804005261354,3.9740989904462856,0.06933193880641986,exp(m + variance/2) - 1,
1,2025-11-30,7,2025-12-07,M4,42.0,57.61406416364597,4.035942010195893,0.07006532076720723,exp(m + variance/2) - 1,
1,2025-11-30,7,2025-12-07,M5,42.0,54.19017024061649,3.9763850603758772,0.06879960339744806,exp(m + variance/2) - 1,
2,2025-12-01,7,2025-12-08,M0,45.0,42.0,,,not applicable -- original-scale benchmark,2024-12-08
2,2025-12-01,7,2025-12-08,M1,45.0,55.18697666379911,3.9936724318066363,0.07002513255627982,exp(m + variance/2) - 1,
2,2025-12-01,7,2025-12-08,M2,45.0,55.10505659121268,3.992422908815807,0.06960606993326857,exp(m + variance/2) - 1,
2,2025-12-01,7,2025-12-08,M3,45.0,52.30976721598982,3.941444112157149,0.06935090411480774,exp(m + variance/2) - 1,
2,2025-12-01,7,2025-12-08,M4,45.0,55.68990048613331,4.0025490073715915,0.07009413111766898,exp(m + variance/2) - 1,
2,2025-12-01,7,2025-12-08,M5,45.0,52.50904042297476,3.9454460943805914,0.06880905022913372,exp(m + variance/2) - 1,
3,2025-12-02,7,2025-12-09,M0,39.0,43.0,,,not applicable -- original-scale benchmark,2024-12-09
3,2025-12-02,7,2025-12-09,M1,39.0,54.82214119073319,3.9871851964545657,0.06997077952604647,exp(m + variance/2) - 1,
3,2025-12-02,7,2025-12-09,M2,39.0,54.747742613742695,3.9860629613743535,0.0695479138255348,exp(m + variance/2) - 1,
3,2025-12-02,7,2025-12-09,M3,39.0,53.58176648306072,3.965055161555573,0.06928943645162783,exp(m + variance/2) - 1,
3,2025-12-02,7,2025-12-09,M4,39.0,55.28612136464653,3.9954245768896413,0.07004683138728432,exp(m + variance/2) - 1,
3,2025-12-02,7,2025-12-09,M5,39.0,53.82244417998295,3.9697311620593076,0.06873702674766637,exp(m + variance/2) - 1,
4,2025-12-03,7,2025-12-10,M0,44.0,42.0,,,not applicable -- original-scale benchmark,2024-12-10
4,2025-12-03,7,2025-12-10,M1,44.0,54.57130035851655,3.9827116577420516,0.0699104592903919,exp(m + variance/2) - 1,
4,2025-12-03,7,2025-12-10,M2,44.0,54.49975316123502,3.9816324255854436,0.06949229522348059,exp(m + variance/2) - 1,
4,2025-12-03,7,2025-12-10,M3,44.0,53.71186977949188,3.967474237215695,0.06921289293710203,exp(m + variance/2) - 1,
4,2025-12-03,7,2025-12-10,M4,44.0,54.98584858539538,3.9901229962159146,0.06995191750403096,exp(m + variance/2) - 1,
4,2025-12-03,7,2025-12-10,M5,44.0,53.9547037865982,3.972178070472441,0.06866241585118611,exp(m + variance/2) - 1,
5,2025-12-04,7,2025-12-11,M0,48.0,41.0,,,not applicable -- original-scale benchmark,2024-12-11
5,2025-12-04,7,2025-12-11,M1,48.0,54.33685645211008,3.9785155274380823,0.06984728208943398,exp(m + variance/2) - 1,
5,2025-12-04,7,2025-12-11,M2,48.0,54.26819224928929,3.977484852255242,0.06942541085002452,exp(m + variance/2) - 1,
5,2025-12-04,7,2025-12-11,M3,48.0,53.9094307600973,3.9711171959226323,0.06913583706835752,exp(m + variance/2) - 1,
5,2025-12-04,7,2025-12-11,M4,48.0,54.727245887307404,3.9855229022704632,0.06989255847312571,exp(m + variance/2) - 1,
5,2025-12-04,7,2025-12-11,M5,48.0,54.153500727810034,3.9758238299133275,0.06859278050102736,exp(m + variance/2) - 1,
6,2025-12-05,7,2025-12-12,M0,55.0,41.0,,,not applicable -- original-scale benchmark,2024-12-12
6,2025-12-05,7,2025-12-12,M1,55.0,49.460031407269206,3.8860310589089666,0.07030101344575918,exp(m + variance/2) - 1,
6,2025-12-05,7,2025-12-12,M2,55.0,49.436502037726896,3.885775089888075,0.06988013965881235,exp(m + variance/2) - 1,
6,2025-12-05,7,2025-12-12,M3,55.0,49.736794490847906,3.891924212772865,0.06945432842481614,exp(m + variance/2) - 1,
6,2025-12-05,7,2025-12-12,M4,55.0,49.77003321473541,3.8921194073169225,0.07037375172378221,exp(m + variance/2) - 1,
6,2025-12-05,7,2025-12-12,M5,55.0,49.98553792393372,3.897095769690148,0.06889250540324542,exp(m + variance/2) - 1,
7,2025-12-06,7,2025-12-13,M0,36.0,34.0,,,not applicable -- original-scale benchmark,2024-12-13
7,2025-12-06,7,2025-12-13,M1,36.0,50.29236610957928,3.902456045388373,0.07017177387018908,exp(m + variance/2) - 1,
7,2025-12-06,7,2025-12-13,M2,36.0,50.258154358293616,3.9019975535532265,0.06975432247769507,exp(m + variance/2) - 1,
7,2025-12-06,7,2025-12-13,M3,36.0,50.57127431936506,3.9082989075763703,0.06933182131896296,exp(m + variance/2) - 1,
7,2025-12-06,7,2025-12-13,M4,36.0,50.594127479241315,3.9082744722107376,0.07026677051652157,exp(m + variance/2) - 1,
7,2025-12-06,7,2025-12-13,M5,36.0,50.806488535068084,3.913132257358537,0.0687662907142195,exp(m + variance/2) - 1,
8,2025-12-07,7,2025-12-14,M0,47.0,39.0,,,not applicable -- original-scale benchmark,2024-12-14
8,2025-12-07,7,2025-12-14,M1,47.0,49.22882088148881,3.88150026290667,0.07017744038343326,exp(m + variance/2) - 1,
8,2025-12-07,7,2025-12-14,M2,47.0,49.19988769746135,3.8811336661946667,0.06975824679630183,exp(m + variance/2) - 1,
8,2025-12-07,7,2025-12-14,M3,47.0,49.79578717180299,3.893162363063577,0.06930211678616982,exp(m + variance/2) - 1,
8,2025-12-07,7,2025-12-14,M4,47.0,49.50257360124957,3.886881852233849,0.07028489029981519,exp(m + variance/2) - 1,
8,2025-12-07,7,2025-12-14,M5,47.0,50.02904268885088,3.8980239461341712,0.06874197798811321,exp(m + variance/2) - 1,
9,2025-12-08,7,2025-12-15,M0,32.0,41.0,,,not applicable -- original-scale benchmark,2024-12-15
9,2025-12-08,7,2025-12-15,M1,32.0,49.1509490079641,3.8799815152936885,0.07011184464865103,exp(m + variance/2) - 1,
9,2025-12-08,7,2025-12-15,M2,32.0,49.11847852273065,3.8795432623815187,0.06969302099248482,exp(m + variance/2) - 1,
9,2025-12-08,7,2025-12-15,M3,32.0,49.930358716841084,3.8958411167195974,0.06923613496595846,exp(m + variance/2) - 1,
9,2025-12-08,7,2025-12-15,M4,32.0,49.231238638264024,3.8815341883211816,0.07020585693817458,exp(m + variance/2) - 1,
9,2025-12-08,7,2025-12-15,M5,32.0,50.015200744901165,3.89778826826238,0.06867074774864182,exp(m + variance/2) - 1,
10,2025-12-09,7,2025-12-16,M0,32.0,45.0,,,not applicable -- original-scale benchmark,2024-12-16
10,2025-12-09,7,2025-12-16,M1,32.0,47.69197718242449,3.850436736351309,0.07015508117114819,exp(m + variance/2) - 1,
10,2025-12-09,7,2025-12-16,M2,32.0,47.66717864856506,3.850140680929418,0.06972834446293372,exp(m + variance/2) - 1,
10,2025-12-09,7,2025-12-16,M3,32.0,48.02315533284631,3.8576600400585512,0.06926540848997073,exp(m + variance/2) - 1,
10,2025-12-09,7,2025-12-16,M4,32.0,47.72964327291586,3.8511471657092478,0.07028074127489649,exp(m + variance/2) - 1,
10,2025-12-09,7,2025-12-16,M5,32.0,48.072423737782245,3.8589446312932454,0.06870522212603104,exp(m + variance/2) - 1,
11,2025-12-10,7,2025-12-17,M0,25.0,51.0,,,not applicable -- original-scale benchmark,2024-12-17
11,2025-12-10,7,2025-12-17,M1,25.0,47.69223184687734,3.8504779919683134,0.07008303013208836,exp(m + variance/2) - 1,
11,2025-12-10,7,2025-12-17,M2,25.0,47.66271497187388,3.850080066032528,0.06966612900558766,exp(m + variance/2) - 1,
11,2025-12-10,7,2025-12-17,M3,25.0,48.513029022462945,3.8676341654675417,0.06920336409551935,exp(m + variance/2) - 1,
11,2025-12-10,7,2025-12-17,M4,25.0,47.73290274181082,3.85126843559114,0.07017197470007398,exp(m + variance/2) - 1,
11,2025-12-10,7,2025-12-17,M5,25.0,48.56973877188899,3.869059277789745,0.06864252869127199,exp(m + variance/2) - 1,
12,2025-12-11,7,2025-12-18,M0,45.0,43.0,,,not applicable -- original-scale benchmark,2024-12-18
12,2025-12-11,7,2025-12-18,M1,45.0,48.33601603196265,3.8636631106862374,0.06998250391510516,exp(m + variance/2) - 1,
12,2025-12-11,7,2025-12-18,M2,45.0,48.29551482550799,3.8630562524529406,0.06955369457361381,exp(m + variance/2) - 1,
12,2025-12-11,7,2025-12-18,M3,45.0,48.853721988621196,3.874536334318904,0.06911364613091668,exp(m + variance/2) - 1,
12,2025-12-11,7,2025-12-18,M4,45.0,48.36025129459667,3.86411305257534,0.07006483613260359,exp(m + variance/2) - 1,
12,2025-12-11,7,2025-12-18,M5,45.0,48.8717746470928,3.8751777117893953,0.06855498519910144,exp(m + variance/2) - 1,
13,2025-12-12,7,2025-12-19,M0,52.0,60.0,,,not applicable -- original-scale benchmark,2024-12-19
13,2025-12-12,7,2025-12-19,M1,52.0,50.04720533604356,3.8978053994586577,0.06989079998261169,exp(m + variance/2) - 1,
13,2025-12-12,7,2025-12-19,M2,52.0,49.98768302936237,3.896851902814943,0.06946438302628803,exp(m + variance/2) - 1,
13,2025-12-12,7,2025-12-19,M3,52.0,51.25258838664085,3.921578359583176,0.06902213707011412,exp(m + variance/2) - 1,
13,2025-12-12,7,2025-12-19,M4,52.0,50.07771641109667,3.8983573285800004,0.06998199091847823,exp(m + variance/2) - 1,
13,2025-12-12,7,2025-12-19,M5,52.0,51.27164206834077,3.9222216935114167,0.0684646276806413,exp(m + variance/2) - 1,
14,2025-12-13,7,2025-12-20,M0,38.0,31.0,,,not applicable -- original-scale benchmark,2024-12-20
14,2025-12-13,7,2025-12-20,M1,38.0,47.49855020644053,3.846556514357084,0.069954780977697,exp(m + variance/2) - 1,
14,2025-12-13,7,2025-12-20,M2,38.0,47.46116875457216,3.8459961428202494,0.06953338040156845,exp(m + variance/2) - 1,
14,2025-12-13,7,2025-12-20,M3,38.0,48.88078253727532,3.8750951191936074,0.06908137978565505,exp(m + variance/2) - 1,
14,2025-12-13,7,2025-12-20,M4,38.0,47.49379500394402,3.846413723890455,0.07004425561040047,exp(m + variance/2) - 1,
14,2025-12-13,7,2025-12-20,M5,38.0,48.91600044560054,3.87607540050754,0.06853240213015134,exp(m + variance/2) - 1,
15,2025-12-14,7,2025-12-21,M0,42.0,53.0,,,not applicable -- original-scale benchmark,2024-12-21
15,2025-12-14,7,2025-12-21,M1,42.0,48.1418067404497,3.859781558357759,0.06985715052859107,exp(m + variance/2) - 1,
15,2025-12-14,7,2025-12-21,M2,42.0,48.09638256378281,3.8590754923591604,0.069419729710295,exp(m + variance/2) - 1,
15,2025-12-14,7,2025-12-21,M3,42.0,49.54584501462346,3.8883855163392376,0.06899046038518553,exp(m + variance/2) - 1,
15,2025-12-14,7,2025-12-21,M4,42.0,48.12871496112826,3.8594721650048,0.06994304988753275,exp(m + variance/2) - 1,
15,2025-12-14,7,2025-12-21,M5,42.0,49.56968224698076,3.889134800251292,0.06843486278313524,exp(m + variance/2) - 1,
16,2025-12-15,7,2025-12-22,M0,39.0,53.0,,,not applicable -- original-scale benchmark,2024-12-22
16,2025-12-15,7,2025-12-22,M1,39.0,45.05452235540703,3.794809390089836,0.07003314623759047,exp(m + variance/2) - 1,
16,2025-12-15,7,2025-12-22,M2,39.0,45.03375742136257,3.7945711433508906,0.06960768196595075,exp(m + variance/2) - 1,
16,2025-12-15,7,2025-12-22,M3,39.0,46.446806772366116,3.8250260622335075,0.06916632774873599,exp(m + variance/2) - 1,
16,2025-12-15,7,2025-12-22,M4,39.0,45.36555955581628,3.8014787170910784,0.07015643116854153,exp(m + variance/2) - 1,
16,2025-12-15,7,2025-12-22,M5,39.0,46.77072422890882,3.8321024244641286,0.0686211271406687,exp(m + variance/2) - 1,
17,2025-12-16,7,2025-12-23,M0,50.0,44.0,,,not applicable -- original-scale benchmark,2024-12-23
17,2025-12-16,7,2025-12-23,M1,50.0,42.92760256899887,3.7474451080891003,0.07019554903814682,exp(m + variance/2) - 1,
17,2025-12-16,7,2025-12-23,M2,50.0,42.92111955431234,3.747509869186016,0.06977083690681372,exp(m + variance/2) - 1,
17,2025-12-16,7,2025-12-23,M3,50.0,44.91310537866068,3.792089152903466,0.0693228872842954,exp(m + variance/2) - 1,
17,2025-12-16,7,2025-12-23,M4,50.0,43.224728876773696,3.7541156506474582,0.0703369176749106,exp(m + variance/2) - 1,
17,2025-12-16,7,2025-12-23,M5,50.0,45.28298194086953,3.800382934973533,0.06878279575861934,exp(m + variance/2) - 1,
18,2025-12-17,7,2025-12-24,M0,57.0,36.0,,,not applicable -- original-scale benchmark,2024-12-24
18,2025-12-17,7,2025-12-24,M1,57.0,39.264021208477864,3.660101227498149,0.07071413742252709,exp(m + variance/2) - 1,
18,2025-12-17,7,2025-12-24,M2,57.0,39.27613600885149,3.660610481577276,0.0702973067818523,exp(m + variance/2) - 1,
18,2025-12-17,7,2025-12-24,M3,57.0,41.38577710227117,3.71188045141312,0.06986481769829225,exp(m + variance/2) - 1,
18,2025-12-17,7,2025-12-24,M4,57.0,39.53847335332701,3.6668381922362183,0.07082658058371784,exp(m + variance/2) - 1,
18,2025-12-17,7,2025-12-24,M5,57.0,41.7703905773026,3.7211824118013888,0.06932728486920954,exp(m + variance/2) - 1,
19,2025-12-18,7,2025-12-25,M0,35.0,29.0,,,not applicable -- original-scale benchmark,2024-12-25
19,2025-12-18,7,2025-12-25,M1,35.0,40.9875324261688,3.7021300548535327,0.07048534473212786,exp(m + variance/2) - 1,
19,2025-12-18,7,2025-12-25,M2,35.0,40.98101666584454,3.70218442368175,0.07006621655887303,exp(m + variance/2) - 1,
19,2025-12-18,7,2025-12-25,M3,35.0,44.087455107365535,3.77378542789363,0.06963724531494661,exp(m + variance/2) - 1,
19,2025-12-18,7,2025-12-25,M4,35.0,41.30474273819649,3.7096038726900065,0.07059065709489998,exp(m + variance/2) - 1,
19,2025-12-18,7,2025-12-25,M5,35.0,44.52287271888293,3.7836643036369315,0.06910118625682336,exp(m + variance/2) - 1,
20,2025-12-19,7,2025-12-26,M0,32.0,64.0,,,not applicable -- original-scale benchmark,2024-12-26
20,2025-12-19,7,2025-12-26,M1,32.0,43.12955265094195,3.751947877907018,0.0703636164989114,exp(m + variance/2) - 1,
20,2025-12-19,7,2025-12-26,M2,32.0,43.098298629274844,3.751448529857435,0.06994534403221334,exp(m + variance/2) - 1,
20,2025-12-19,7,2025-12-26,M3,32.0,46.58104420528502,3.8276787263593106,0.06951144916328258,exp(m + variance/2) - 1,
20,2025-12-19,7,2025-12-26,M4,32.0,43.4913364905289,3.7600626282978697,0.0704637126290595,exp(m + variance/2) - 1,
20,2025-12-19,7,2025-12-26,M5,32.0,47.027589569161535,3.837291289759379,0.06896867743015343,exp(m + variance/2) - 1,
21,2025-12-20,7,2025-12-27,M0,46.0,59.0,,,not applicable -- original-scale benchmark,2024-12-27
21,2025-12-20,7,2025-12-27,M1,46.0,42.3011356342954,3.7330172483289354,0.07032322691114015,exp(m + variance/2) - 1,
21,2025-12-20,7,2025-12-27,M2,46.0,42.271613158147936,3.7325457385753995,0.06990219236177256,exp(m + variance/2) - 1,
21,2025-12-20,7,2025-12-27,M3,46.0,44.9595791269368,3.7930189619582055,0.06948666720613289,exp(m + variance/2) - 1,
21,2025-12-20,7,2025-12-27,M4,46.0,42.656329222617714,3.7411359627924754,0.07042461670885647,exp(m + variance/2) - 1,
21,2025-12-20,7,2025-12-27,M5,46.0,45.36194789321103,3.802003607976164,0.0689508525822395,exp(m + variance/2) - 1,
22,2025-12-21,7,2025-12-28,M0,44.0,53.0,,,not applicable -- original-scale benchmark,2024-12-28
22,2025-12-21,7,2025-12-28,M1,44.0,42.65856181252767,3.7412822544860034,0.07023431094633698,exp(m + variance/2) - 1,
22,2025-12-21,7,2025-12-28,M2,44.0,46.367885907367175,3.8230373469869,0.06981427919203088,exp(m + variance/2) - 1,
22,2025-12-21,7,2025-12-28,M3,44.0,45.24404486693084,3.7992346104440915,0.06939617118036379,exp(m + variance/2) - 1,
22,2025-12-21,7,2025-12-28,M4,44.0,43.02572305234895,3.749607309966351,0.07033353591469632,exp(m + variance/2) - 1,
22,2025-12-21,7,2025-12-28,M5,44.0,50.76004944603764,3.9121877107916765,0.06886178938980485,exp(m + variance/2) - 1,
23,2025-12-22,7,2025-12-29,M0,47.0,62.0,,,not applicable -- original-scale benchmark,2024-12-29
23,2025-12-22,7,2025-12-29,M1,47.0,42.24793642212149,3.7318643696926075,0.07017029952734388,exp(m + variance/2) - 1,
23,2025-12-22,7,2025-12-29,M2,47.0,45.92331531004658,3.8136399713959466,0.06974941735002115,exp(m + variance/2) - 1,
23,2025-12-22,7,2025-12-29,M3,47.0,44.72418504518146,3.787952517913646,0.06934970649010634,exp(m + variance/2) - 1,
23,2025-12-22,7,2025-12-29,M4,47.0,42.41387233451175,3.735644492923773,0.07026907230591924,exp(m + variance/2) - 1,
23,2025-12-22,7,2025-12-29,M5,47.0,49.98974958085687,3.897219937357296,0.06880937311092555,exp(m + variance/2) - 1,
24,2025-12-23,7,2025-12-30,M0,39.0,49.0,,,not applicable -- original-scale benchmark,2024-12-30
24,2025-12-23,7,2025-12-30,M1,39.0,43.958624717365495,3.770692808122222,0.07009961593758375,exp(m + variance/2) - 1,
24,2025-12-23,7,2025-12-30,M2,39.0,47.761959114779394,3.8521091131017267,0.06968273886448764,exp(m + variance/2) - 1,
24,2025-12-23,7,2025-12-30,M3,39.0,45.48044897303527,3.8044082558797383,0.06924703221195092,exp(m + variance/2) - 1,
24,2025-12-23,7,2025-12-30,M4,39.0,44.105628529408406,3.7739044175482532,0.07020524453780078,exp(m + variance/2) - 1,
24,2025-12-23,7,2025-12-30,M5,39.0,50.74404285554438,3.91194566070285,0.06872730182798154,exp(m + variance/2) - 1,
25,2025-12-24,7,2025-12-31,M0,26.0,31.0,,,not applicable -- original-scale benchmark,2024-12-31
25,2025-12-24,7,2025-12-31,M1,26.0,46.31710649391089,3.8218085650827978,0.07012664904555274,exp(m + variance/2) - 1,
25,2025-12-24,7,2025-12-31,M2,26.0,50.30257477942554,3.9028853999625532,0.0697110831734798,exp(m + variance/2) - 1,
25,2025-12-24,7,2025-12-31,M3,26.0,48.762463163515044,3.872635323189237,0.06925124978211536,exp(m + variance/2) - 1,
25,2025-12-24,7,2025-12-31,M4,26.0,46.455181417521665,3.8246686171912554,0.07023419864373799,exp(m + variance/2) - 1,
25,2025-12-24,7,2025-12-31,M5,26.0,54.41517459255814,3.980496166402018,0.06871459891558768,exp(m + variance/2) - 1,
26,2025-12-25,7,2026-01-01,M0,24.0,43.0,,,not applicable -- original-scale benchmark,2025-01-01
26,2025-12-25,7,2026-01-01,M1,24.0,44.09245869064119,3.773674994816013,0.07008004928626653,exp(m + variance/2) - 1,
26,2025-12-25,7,2026-01-01,M2,24.0,47.910673350278756,3.8551662787409025,0.06965872568916845,exp(m + variance/2) - 1,
26,2025-12-25,7,2026-01-01,M3,24.0,46.23141973811065,3.8204304344082374,0.06925781827852483,exp(m + variance/2) - 1,
26,2025-12-25,7,2026-01-01,M4,24.0,44.16911554136297,3.7753288908925553,0.07016935583455325,exp(m + variance/2) - 1,
26,2025-12-25,7,2026-01-01,M5,24.0,51.50693714475344,3.9265863093753324,0.0687179751671663,exp(m + variance/2) - 1,
27,2025-12-26,7,2026-01-02,M0,34.0,70.0,,,not applicable -- original-scale benchmark,2025-01-02
27,2025-12-26,7,2026-01-02,M1,34.0,42.0074002845283,3.7263140239011117,0.07011635325039889,exp(m + variance/2) - 1,
27,2025-12-26,7,2026-01-02,M2,34.0,45.67509291100653,3.808360804394506,0.0696997512519512,exp(m + variance/2) - 1,
27,2025-12-26,7,2026-01-02,M3,34.0,43.976990491235824,3.7714763426487234,0.06934938786945709,exp(m + variance/2) - 1,
27,2025-12-26,7,2026-01-02,M4,34.0,42.036395266013216,3.7269204950484096,0.0702513283691111,exp(m + variance/2) - 1,
27,2025-12-26,7,2026-01-02,M5,34.0,48.98896460825117,3.877379883354185,0.0688447797588525,exp(m + variance/2) - 1,
28,2025-12-27,7,2026-01-03,M0,33.0,58.0,,,not applicable -- original-scale benchmark,2025-01-03
28,2025-12-27,7,2026-01-03,M1,33.0,43.155141002324825,3.75269630827071,0.07002611198790126,exp(m + variance/2) - 1,
28,2025-12-27,7,2026-01-03,M2,33.0,46.9079593526014,3.834476041791781,0.06961122969225009,exp(m + variance/2) - 1,
28,2025-12-27,7,2026-01-03,M3,33.0,45.424775381865246,3.8032054855898494,0.06925556667196472,exp(m + variance/2) - 1,
28,2025-12-27,7,2026-01-03,M4,33.0,43.17155528849191,3.753014485642956,0.0701331015343361,exp(m + variance/2) - 1,
28,2025-12-27,7,2026-01-03,M5,33.0,50.572292298149364,3.9086146097804497,0.06873989504085991,exp(m + variance/2) - 1,
29,2025-12-28,7,2026-01-04,M0,31.0,67.0,,,not applicable -- original-scale benchmark,2025-01-04
29,2025-12-28,7,2026-01-04,M1,31.0,43.45654108648235,3.759537161218006,0.06994989193372858,exp(m + variance/2) - 1,
29,2025-12-28,7,2026-01-04,M2,31.0,46.36565271605377,3.823126320552228,0.06954203847343284,exp(m + variance/2) - 1,
29,2025-12-28,7,2026-01-04,M3,31.0,45.594465438853184,3.806891954629105,0.06917962408500906,exp(m + variance/2) - 1,
29,2025-12-28,7,2026-01-04,M4,31.0,43.45965679424177,3.759573461810988,0.07001745453501394,exp(m + variance/2) - 1,
29,2025-12-28,7,2026-01-04,M5,31.0,49.419190461747434,3.8860240154294896,0.0686957006117165,exp(m + variance/2) - 1,
30,2025-12-29,7,2026-01-05,M0,34.0,70.0,,,not applicable -- original-scale benchmark,2025-01-05
30,2025-12-29,7,2026-01-05,M1,34.0,44.30265005345025,3.7784234663970255,0.06988412891412901,exp(m + variance/2) - 1,
30,2025-12-29,7,2026-01-05,M2,34.0,46.844354931907645,3.8332265351930612,0.06945320298317693,exp(m + variance/2) - 1,
30,2025-12-29,7,2026-01-05,M3,34.0,46.35563679422994,3.8231354735108214,0.06910076864125117,exp(m + variance/2) - 1,
30,2025-12-29,7,2026-01-05,M4,34.0,44.67106075165156,3.7864708737795145,0.0699879591813161,exp(m + variance/2) - 1,
30,2025-12-29,7,2026-01-05,M5,34.0,49.933128786830686,3.8962053261047553,0.06861649197224996,exp(m + variance/2) - 1,
31,2025-12-30,7,2026-01-06,M0,47.0,57.0,,,not applicable -- original-scale benchmark,2025-01-06
31,2025-12-30,7,2026-01-06,M1,47.0,43.42021398955353,3.7587880475515663,0.0698131766352875,exp(m + variance/2) - 1,
31,2025-12-30,7,2026-01-06,M2,47.0,45.28309683081701,3.8000639046846247,0.06942582100379677,exp(m + variance/2) - 1,
31,2025-12-30,7,2026-01-06,M3,47.0,45.72528534562446,3.809765500832277,0.06903991881230756,exp(m + variance/2) - 1,
31,2025-12-30,7,2026-01-06,M4,47.0,43.78682081790268,3.766950046954813,0.06992774203084968,exp(m + variance/2) - 1,
31,2025-12-30,7,2026-01-06,M5,47.0,48.467548882639655,3.8670121917686178,0.06860936938445773,exp(m + variance/2) - 1,
32,2025-12-31,7,2026-01-07,M0,34.0,53.0,,,not applicable -- original-scale benchmark,2025-01-07
32,2025-12-31,7,2026-01-07,M1,34.0,39.7725054092116,3.672980368990546,0.07005519645303497,exp(m + variance/2) - 1,
32,2025-12-31,7,2026-01-07,M2,34.0,40.795077369601735,3.697888390328155,0.06978035198018484,exp(m + variance/2) - 1,
32,2025-12-31,7,2026-01-07,M3,34.0,42.12586132823394,3.729449191833546,0.0693473122942723,exp(m + variance/2) - 1,
32,2025-12-31,7,2026-01-07,M4,34.0,40.07653878739805,3.6803556389802163,0.0701629742234228,exp(m + variance/2) - 1,
32,2025-12-31,7,2026-01-07,M5,34.0,43.75502737368,3.7666656242274783,0.06907631545848901,exp(m + variance/2) - 1,
33,2026-01-01,7,2026-01-08,M0,33.0,49.0,,,not applicable -- original-scale benchmark,2025-01-08
33,2026-01-01,7,2026-01-08,M1,33.0,36.65677836655362,3.593299687603479,0.07042657346815859,exp(m + variance/2) - 1,
33,2026-01-01,7,2026-01-08,M2,33.0,37.20652799784579,3.607891476690762,0.07022982863539694,exp(m + variance/2) - 1,
33,2026-01-01,7,2026-01-08,M3,33.0,39.09756737256219,3.656422703453994,0.06978592998502553,exp(m + variance/2) - 1,
33,2026-01-01,7,2026-01-08,M4,33.0,36.91945663364152,3.6001947920404187,0.07053911192426338,exp(m + variance/2) - 1,
33,2026-01-01,7,2026-01-08,M5,33.0,40.07245057112996,3.6805233052970676,0.06962857809285283,exp(m + variance/2) - 1,
34,2026-01-02,7,2026-01-09,M0,20.0,53.0,,,not applicable -- original-scale benchmark,2025-01-09
34,2026-01-02,7,2026-01-09,M1,20.0,36.53274642120031,3.5900361180271254,0.07035534359503301,exp(m + variance/2) - 1,
34,2026-01-02,7,2026-01-09,M2,20.0,36.968203915153744,3.601663386649745,0.07017136748040145,exp(m + variance/2) - 1,
34,2026-01-02,7,2026-01-09,M3,20.0,38.657758266938714,3.6454268769094504,0.06971944161203981,exp(m + variance/2) - 1,
34,2026-01-02,7,2026-01-09,M4,20.0,36.80158074795837,3.597117507428525,0.07046682610339139,exp(m + variance/2) - 1,
34,2026-01-02,7,2026-01-09,M5,20.0,39.459376937007576,3.665499003083988,0.06959885811251358,exp(m + variance/2) - 1,
35,2026-01-03,7,2026-01-10,M0,30.0,41.0,,,not applicable -- original-scale benchmark,2025-01-10
35,2026-01-03,7,2026-01-10,M1,30.0,35.953874897201366,3.5745071270395155,0.07032676704432539,exp(m + variance/2) - 1,
35,2026-01-03,7,2026-01-10,M2,30.0,36.27665570068243,3.583288500096949,0.07015755619350714,exp(m + variance/2) - 1,
35,2026-01-03,7,2026-01-10,M3,30.0,36.99417403376598,3.6025645304771503,0.06973660518881862,exp(m + variance/2) - 1,
35,2026-01-03,7,2026-01-10,M4,30.0,36.22232611696324,3.5816908901140354,0.0704357111458272,exp(m + variance/2) - 1,
35,2026-01-03,7,2026-01-10,M5,30.0,37.62784007382764,3.6191627597573865,0.06962100435370688,exp(m + variance/2) - 1,
36,2026-01-04,7,2026-01-11,M0,38.0,45.0,,,not applicable -- original-scale benchmark,2025-01-11
36,2026-01-04,7,2026-01-11,M1,38.0,35.0999387186077,3.5511282717046964,0.07032579217441004,exp(m + variance/2) - 1,
36,2026-01-04,7,2026-01-11,M2,38.0,35.33004494288168,3.557558412407908,0.07017334179595258,exp(m + variance/2) - 1,
36,2026-01-04,7,2026-01-11,M3,38.0,35.97062417332386,3.575238904900063,0.06976950228872615,exp(m + variance/2) - 1,
36,2026-01-04,7,2026-01-11,M4,38.0,35.36230176456185,3.5583136078853723,0.07043792855234876,exp(m + variance/2) - 1,
36,2026-01-04,7,2026-01-11,M5,38.0,36.47578495180157,3.5888548447514346,0.06968029005982379,exp(m + variance/2) - 1,
37,2026-01-05,7,2026-01-12,M0,40.0,52.0,,,not applicable -- original-scale benchmark,2025-01-12
37,2026-01-05,7,2026-01-12,M1,40.0,35.03878400557386,3.549471420390961,0.07024854329210818,exp(m + variance/2) - 1,
37,2026-01-05,7,2026-01-12,M2,40.0,35.21830868285721,3.5545151469313963,0.07009921752854816,exp(m + variance/2) - 1,
37,2026-01-05,7,2026-01-12,M3,40.0,35.789319607133436,3.5703575134389887,0.06970012308910907,exp(m + variance/2) - 1,
37,2026-01-05,7,2026-01-12,M4,40.0,35.674280335144296,3.5668941166045762,0.07036316893664363,exp(m + variance/2) - 1,
37,2026-01-05,7,2026-01-12,M5,40.0,36.53977414113253,3.590585246802291,0.06963153570484935,exp(m + variance/2) - 1,
38,2026-01-06,7,2026-01-13,M0,32.0,54.0,,,not applicable -- original-scale benchmark,2025-01-13
38,2026-01-06,7,2026-01-13,M1,32.0,37.10418233605227,3.6052420299434047,0.07016403752895344,exp(m + variance/2) - 1,
38,2026-01-06,7,2026-01-13,M2,32.0,37.28065576703887,3.609948440458082,0.06999251356065876,exp(m + variance/2) - 1,
38,2026-01-06,7,2026-01-13,M3,32.0,37.781657926499314,3.6231519061703987,0.06959098966368556,exp(m + variance/2) - 1,
38,2026-01-06,7,2026-01-13,M4,32.0,37.77548174358963,3.622645355270058,0.07028555558493599,exp(m + variance/2) - 1,
38,2026-01-06,7,2026-01-13,M5,32.0,38.542809991648234,3.6426368654643175,0.069494033630866,exp(m + variance/2) - 1,
39,2026-01-07,7,2026-01-14,M0,35.0,59.0,,,not applicable -- original-scale benchmark,2025-01-14
39,2026-01-07,7,2026-01-14,M1,35.0,36.37960352483191,3.5860732809910862,0.0701038287355426,exp(m + variance/2) - 1,
39,2026-01-07,7,2026-01-14,M2,35.0,35.108352949774755,3.5515526591332756,0.069943126181523,exp(m + variance/2) - 1,
39,2026-01-07,7,2026-01-14,M3,35.0,36.67751736392943,3.594289182359839,0.06954875561695792,exp(m + variance/2) - 1,
39,2026-01-07,7,2026-01-14,M4,35.0,37.001271534773835,3.602514384003712,0.07021047320853788,exp(m + variance/2) - 1,
39,2026-01-07,7,2026-01-14,M5,35.0,35.60728670510559,3.56551486884748,0.06946488409485463,exp(m + variance/2) - 1,
40,2026-01-08,7,2026-01-15,M0,36.0,42.0,,,not applicable -- original-scale benchmark,2025-01-15
40,2026-01-08,7,2026-01-15,M1,36.0,35.833825810066976,3.5713932126398173,0.07004677993911138,exp(m + variance/2) - 1,
40,2026-01-08,7,2026-01-15,M2,36.0,34.56433336938984,3.5364047066311692,0.06987711474320825,exp(m + variance/2) - 1,
40,2026-01-08,7,2026-01-15,M3,36.0,36.02872073818107,3.5769357426605706,0.06951621007046183,exp(m + variance/2) - 1,
40,2026-01-08,7,2026-01-15,M4,36.0,36.41195124966507,3.586899848958379,0.07018071309256349,exp(m + variance/2) - 1,
40,2026-01-08,7,2026-01-15,M5,36.0,34.94005871384197,3.5471305022121484,0.06944402560951296,exp(m + variance/2) - 1,
41,2026-01-09,7,2026-01-16,M0,42.0,59.0,,,not applicable -- original-scale benchmark,2025-01-16
41,2026-01-09,7,2026-01-16,M1,42.0,32.236450453131816,3.4684105891758925,0.07047317940841534,exp(m + variance/2) - 1,
41,2026-01-09,7,2026-01-16,M2,42.0,31.17227159471267,3.4359368665960694,0.0703361687387202,exp(m + variance/2) - 1,
41,2026-01-09,7,2026-01-16,M3,42.0,32.46542018958689,3.4755002520806553,0.07002484096834007,exp(m + variance/2) - 1,
41,2026-01-09,7,2026-01-16,M4,42.0,32.684083468107424,3.481729427764603,0.07059199474999794,exp(m + variance/2) - 1,
41,2026-01-09,7,2026-01-16,M5,42.0,31.51470712382001,3.4466977948843383,0.06998943795742109,exp(m + variance/2) - 1,
42,2026-01-10,7,2026-01-17,M0,45.0,52.0,,,not applicable -- original-scale benchmark,2025-01-17
42,2026-01-10,7,2026-01-17,M1,45.0,32.1132247157953,3.4647355148928654,0.07039445187510297,exp(m + variance/2) - 1,
42,2026-01-10,7,2026-01-17,M2,45.0,31.035995486573604,3.4317299541161366,0.07026035091842278,exp(m + variance/2) - 1,
42,2026-01-10,7,2026-01-17,M3,45.0,32.46355263679144,3.4754816846252745,0.06995036186698894,exp(m + variance/2) - 1,
42,2026-01-10,7,2026-01-17,M4,45.0,32.55140532850288,3.4778206314301756,0.0705162373920672,exp(m + variance/2) - 1,
42,2026-01-10,7,2026-01-17,M5,45.0,31.47986455734295,3.4456580855691747,0.06992451936612674,exp(m + variance/2) - 1,
43,2026-01-11,7,2026-01-18,M0,41.0,51.0,,,not applicable -- original-scale benchmark,2025-01-18
43,2026-01-11,7,2026-01-18,M1,41.0,33.15599351796837,3.495799420264973,0.07027731200624446,exp(m + variance/2) - 1,
43,2026-01-11,7,2026-01-18,M2,41.0,32.00980774874555,3.4617355960586256,0.07013825151756939,exp(m + variance/2) - 1,
43,2026-01-11,7,2026-01-18,M3,41.0,33.51591474750204,3.5065101123232756,0.06982080475663546,exp(m + variance/2) - 1,
43,2026-01-11,7,2026-01-18,M4,41.0,33.598056104064796,3.508594601375193,0.07040579429354896,exp(m + variance/2) - 1,
43,2026-01-11,7,2026-01-18,M5,41.0,32.45866306785422,3.47542767409666,0.06976612906535004,exp(m + variance/2) - 1,
44,2026-01-12,7,2026-01-19,M0,50.0,30.0,,,not applicable -- original-scale benchmark,2025-01-19
44,2026-01-12,7,2026-01-19,M1,50.0,34.22656436712798,3.5266993212649953,0.07020229247976348,exp(m + variance/2) - 1,
44,2026-01-12,7,2026-01-19,M2,50.0,33.013027578262765,3.491713472612987,0.0700602853622426,exp(m + variance/2) - 1,
44,2026-01-12,7,2026-01-19,M3,50.0,34.5906008564977,3.537213531700892,0.06973610082509406,exp(m + variance/2) - 1,
44,2026-01-12,7,2026-01-19,M4,50.0,34.97942631814475,3.54777540027081,0.07034376731867259,exp(m + variance/2) - 1,
44,2026-01-12,7,2026-01-19,M5,50.0,33.720173035154744,3.512467797913559,0.06970615119517432,exp(m + variance/2) - 1,
45,2026-01-13,7,2026-01-20,M0,42.0,41.0,,,not applicable -- original-scale benchmark,2025-01-20
45,2026-01-13,7,2026-01-20,M1,42.0,33.682866986712575,3.5111776986110272,0.07013623925617946,exp(m + variance/2) - 1,
45,2026-01-13,7,2026-01-20,M2,42.0,32.48621031174531,3.476137992165233,0.06999145887333,exp(m + variance/2) - 1,
45,2026-01-13,7,2026-01-20,M3,42.0,34.76837483990355,3.5422273834408635,0.0696734703833012,exp(m + variance/2) - 1,
45,2026-01-13,7,2026-01-20,M4,42.0,34.34153496786973,3.5299286647577617,0.07026047096455401,exp(m + variance/2) - 1,
45,2026-01-13,7,2026-01-20,M5,42.0,33.79825055833876,3.514747539578707,0.06963914925194427,exp(m + variance/2) - 1,
46,2026-01-14,7,2026-01-21,M0,49.0,46.0,,,not applicable -- original-scale benchmark,2025-01-21
46,2026-01-14,7,2026-01-21,M1,49.0,33.937649005643465,3.518537130279866,0.07005577109277017,exp(m + variance/2) - 1,
46,2026-01-14,7,2026-01-21,M2,49.0,33.11777291249215,3.494861478803049,0.06991393897764298,exp(m + variance/2) - 1,
46,2026-01-14,7,2026-01-21,M3,49.0,34.607009780298434,3.537745608121264,0.06959382858930206,exp(m + variance/2) - 1,
46,2026-01-14,7,2026-01-21,M4,49.0,34.56332433500131,3.536210461035704,0.07020886095357,exp(m + variance/2) - 1,
46,2026-01-14,7,2026-01-21,M5,49.0,34.06504376813987,3.522431936873296,0.06954558662998934,exp(m + variance/2) - 1,
47,2026-01-15,7,2026-01-22,M0,38.0,35.0,,,not applicable -- original-scale benchmark,2025-01-22
47,2026-01-15,7,2026-01-22,M1,38.0,34.24188903345858,3.5272436847410917,0.0699834393978006,exp(m + variance/2) - 1,
47,2026-01-15,7,2026-01-22,M2,38.0,33.63733978795389,3.5100133413847603,0.06983788680150567,exp(m + variance/2) - 1,
47,2026-01-15,7,2026-01-22,M3,38.0,34.78759535014874,3.542842570126903,0.0695175292720883,exp(m + variance/2) - 1,
47,2026-01-15,7,2026-01-22,M4,38.0,34.828915099619024,3.5436978662188414,0.07011477106647425,exp(m + variance/2) - 1,
47,2026-01-15,7,2026-01-22,M5,38.0,34.46347617800279,3.5337665871578956,0.06947347929598219,exp(m + variance/2) - 1,
48,2026-01-16,7,2026-01-23,M0,35.0,40.0,,,not applicable -- original-scale benchmark,2025-01-23
48,2026-01-16,7,2026-01-23,M1,35.0,35.479699618577044,3.5617725776619094,0.06996670674087342,exp(m + variance/2) - 1,
48,2026-01-16,7,2026-01-23,M2,35.0,35.128811706456744,3.552175140169273,0.06983103012531687,exp(m + variance/2) - 1,
48,2026-01-16,7,2026-01-23,M3,35.0,35.667132179823255,3.5671359119423065,0.06948972182954086,exp(m + variance/2) - 1,
48,2026-01-16,7,2026-01-23,M4,35.0,36.05736752573584,3.577414586844055,0.07010519745078883,exp(m + variance/2) - 1,
48,2026-01-16,7,2026-01-23,M5,35.0,35.62295860697568,3.5659541831697057,0.06944228984125159,exp(m + variance/2) - 1,
49,2026-01-17,7,2026-01-24,M0,33.0,49.0,,,not applicable -- original-scale benchmark,2025-01-24
49,2026-01-17,7,2026-01-24,M1,33.0,36.8986144665534,3.5999121303627573,0.07000484689329892,exp(m + variance/2) - 1,
49,2026-01-17,7,2026-01-24,M2,33.0,36.72775878236145,3.5954533990955486,0.06988546328336587,exp(m + variance/2) - 1,
49,2026-01-17,7,2026-01-24,M3,33.0,36.69180004170288,3.5946813209593604,0.06952248862344901,exp(m + variance/2) - 1,
49,2026-01-17,7,2026-01-24,M4,33.0,37.48332114562563,3.6151548017545965,0.07014025735362327,exp(m + variance/2) - 1,
49,2026-01-17,7,2026-01-24,M5,33.0,36.86235360256518,3.5992076326438376,0.06949935429429052,exp(m + variance/2) - 1,
50,2026-01-18,7,2026-01-25,M0,32.0,36.0,,,not applicable -- original-scale benchmark,2025-01-25
50,2026-01-18,7,2026-01-25,M1,32.0,37.425249196392,3.6137273767035127,0.06997479593462666,exp(m + variance/2) - 1,
50,2026-01-18,7,2026-01-25,M2,32.0,37.318375452102416,3.6110012828919147,0.06985655011176627,exp(m + variance/2) - 1,
50,2026-01-18,7,2026-01-25,M3,32.0,37.217131862853876,3.608545111523907,0.06947756327512751,exp(m + variance/2) - 1,
50,2026-01-18,7,2026-01-25,M4,32.0,37.98833269741443,3.6282070326881355,0.07011081415798587,exp(m + variance/2) - 1,
50,2026-01-18,7,2026-01-25,M5,32.0,37.457138283361104,3.6148107408547827,0.06946717785710403,exp(m + variance/2) - 1,
51,2026-01-19,7,2026-01-26,M0,45.0,46.0,,,not applicable -- original-scale benchmark,2025-01-26
51,2026-01-19,7,2026-01-26,M1,45.0,39.389096143550375,3.663506212973318,0.07010727625609266,exp(m + variance/2) - 1,
51,2026-01-19,7,2026-01-26,M2,45.0,39.37812283517913,3.6632843099613788,0.07000762870672612,exp(m + variance/2) - 1,
51,2026-01-19,7,2026-01-26,M3,45.0,39.111327184753314,3.656861980364475,0.06959357499036742,exp(m + variance/2) - 1,
51,2026-01-19,7,2026-01-26,M4,45.0,40.151918868400415,3.6821508302283967,0.07023945374865281,exp(m + variance/2) - 1,
51,2026-01-19,7,2026-01-26,M5,45.0,39.62883532899481,3.6696858323233,0.06958442393754229,exp(m + variance/2) - 1,
52,2026-01-20,7,2026-01-27,M0,30.0,40.0,,,not applicable -- original-scale benchmark,2025-01-27
52,2026-01-20,7,2026-01-27,M1,30.0,39.597340452449856,3.668670378088482,0.07006436055258548,exp(m + variance/2) - 1,
52,2026-01-20,7,2026-01-27,M2,30.0,39.59278147851114,3.668615357343371,0.06994979472186343,exp(m + variance/2) - 1,
52,2026-01-20,7,2026-01-27,M3,30.0,39.132207840745686,3.657414017706844,0.06953036454258177,exp(m + variance/2) - 1,
52,2026-01-20,7,2026-01-27,M4,30.0,40.2672809163765,3.6849751580433225,0.07018959663248993,exp(m + variance/2) - 1,
52,2026-01-20,7,2026-01-27,M5,30.0,39.59373877459344,3.6688511348163644,0.06952540504810914,exp(m + variance/2) - 1,
53,2026-01-21,7,2026-01-28,M0,35.0,32.0,,,not applicable -- original-scale benchmark,2025-01-28
53,2026-01-21,7,2026-01-28,M1,35.0,41.12033661473489,3.705455361469729,0.07015063513386835,exp(m + variance/2) - 1,
53,2026-01-21,7,2026-01-28,M2,35.0,41.144152399705696,3.7060791987784327,0.07003348588407349,exp(m + variance/2) - 1,
53,2026-01-21,7,2026-01-28,M3,35.0,40.56988446256866,3.692578116574749,0.06959571467899747,exp(m + variance/2) - 1,
53,2026-01-21,7,2026-01-28,M4,35.0,41.760201691170586,3.7204717292259764,0.0702721474770275,exp(m + variance/2) - 1,
53,2026-01-21,7,2026-01-28,M5,35.0,41.058482658244024,3.7042582148522705,0.0696057582470304,exp(m + variance/2) - 1,
54,2026-01-22,7,2026-01-29,M0,34.0,34.0,,,not applicable -- original-scale benchmark,2025-01-29
54,2026-01-22,7,2026-01-29,M1,34.0,40.2707282795125,3.685135990643428,0.07003499934058426,exp(m + variance/2) - 1,
54,2026-01-22,7,2026-01-29,M2,34.0,40.27508181103014,3.6852997900000863,0.06991836380114134,exp(m + variance/2) - 1,
54,2026-01-22,7,2026-01-29,M3,34.0,39.874769437831766,3.675769969018019,0.06948603903764758,exp(m + variance/2) - 1,
54,2026-01-22,7,2026-01-29,M4,34.0,40.80042406871447,3.6978363344975937,0.07014030033242333,exp(m + variance/2) - 1,
54,2026-01-22,7,2026-01-29,M5,34.0,40.26210073414112,3.6852070317695595,0.06947477824558809,exp(m + variance/2) - 1,
55,2026-01-23,7,2026-01-30,M0,38.0,47.0,,,not applicable -- original-scale benchmark,2025-01-30
55,2026-01-23,7,2026-01-30,M1,38.0,39.182548009795546,3.6584656307627803,0.06993428298261548,exp(m + variance/2) - 1,
55,2026-01-23,7,2026-01-30,M2,38.0,39.169834925820155,3.6582064181640845,0.06981984161814467,exp(m + variance/2) - 1,
55,2026-01-23,7,2026-01-30,M3,38.0,38.608419462194746,3.644345244472153,0.06939292774218828,exp(m + variance/2) - 1,
55,2026-01-23,7,2026-01-30,M4,38.0,39.62007421582975,3.6692444603421404,0.07003584576898832,exp(m + variance/2) - 1,
55,2026-01-23,7,2026-01-30,M5,38.0,38.929966659767366,3.652431941571216,0.06939028907311398,exp(m + variance/2) - 1,
56,2026-01-24,7,2026-01-31,M0,35.0,57.0,,,not applicable -- original-scale benchmark,2025-01-31
56,2026-01-24,7,2026-01-31,M1,35.0,37.91707282489815,3.6265042011862283,0.0698576865085855,exp(m + variance/2) - 1,
56,2026-01-24,7,2026-01-31,M2,35.0,37.891539151326434,3.625904429911125,0.0697445890391452,exp(m + variance/2) - 1,
56,2026-01-24,7,2026-01-31,M3,35.0,37.47727699091331,3.6154070835535803,0.06932155094122401,exp(m + variance/2) - 1,
56,2026-01-24,7,2026-01-31,M4,35.0,38.279634203899896,3.6357185053388674,0.06997533115205773,exp(m + variance/2) - 1,
56,2026-01-24,7,2026-01-31,M5,35.0,37.72302656648499,3.6217769187166096,0.06931501218749458,exp(m + variance/2) - 1,
57,2026-01-25,7,2026-02-01,M0,36.0,36.0,,,not applicable -- original-scale benchmark,2025-02-01
57,2026-01-25,7,2026-02-01,M1,36.0,36.715413863260395,3.595167184551666,0.06980336426589258,exp(m + variance/2) - 1,
57,2026-01-25,7,2026-02-01,M2,36.0,36.68215538032752,3.5943417837553335,0.06968973310966904,exp(m + variance/2) - 1,
57,2026-01-25,7,2026-02-01,M3,36.0,36.3640020785082,3.586074171451179,0.06926711637610679,exp(m + variance/2) - 1,
57,2026-01-25,7,2026-02-01,M4,36.0,37.018006436923685,3.60309313821066,0.06993352577163064,exp(m + variance/2) - 1,
57,2026-01-25,7,2026-02-01,M5,36.0,36.556245031857735,3.5912078644802428,0.06926362466896711,exp(m + variance/2) - 1,
58,2026-01-26,7,2026-02-02,M0,41.0,43.0,,,not applicable -- original-scale benchmark,2025-02-02
58,2026-01-26,7,2026-02-02,M1,41.0,38.090652614994184,3.63099440239217,0.06977794492753422,exp(m + variance/2) - 1,
58,2026-01-26,7,2026-02-02,M2,41.0,38.06348158446142,3.630357180991126,0.06966174950397841,exp(m + variance/2) - 1,
58,2026-01-26,7,2026-02-02,M3,41.0,37.762554604236676,3.6228338652028382,0.0692416558198265,exp(m + variance/2) - 1,
58,2026-01-26,7,2026-02-02,M4,41.0,38.42108226134036,3.639353000207169,0.06989551153222809,exp(m + variance/2) - 1,
58,2026-01-26,7,2026-02-02,M5,41.0,37.990863100108314,3.6287120870922887,0.06923050421046027,exp(m + variance/2) - 1,
59,2026-01-27,7,2026-02-03,M0,46.0,54.0,,,not applicable -- original-scale benchmark,2025-02-03
59,2026-01-27,7,2026-02-03,M1,46.0,36.16325867005196,3.5804524687675654,0.06973626856815321,exp(m + variance/2) - 1,
59,2026-01-27,7,2026-02-03,M2,46.0,36.127017597451264,3.5795338715565226,0.06962214029788179,exp(m + variance/2) - 1,
59,2026-01-27,7,2026-02-03,M3,46.0,35.99798696640309,3.576263958980367,0.06919909174070035,exp(m + variance/2) - 1,
59,2026-01-27,7,2026-02-03,M4,46.0,36.39519681884709,3.5866092846242483,0.06986596849038418,exp(m + variance/2) - 1,
59,2026-01-27,7,2026-02-03,M5,46.0,36.13724432950041,3.5800247120258066,0.06919128861949574,exp(m + variance/2) - 1,
60,2026-01-28,7,2026-02-04,M0,40.0,58.0,,,not applicable -- original-scale benchmark,2025-02-04
60,2026-01-28,7,2026-02-04,M1,40.0,35.944598050093475,3.5745879157252247,0.06966304954542515,exp(m + variance/2) - 1,
60,2026-01-28,7,2026-02-04,M2,40.0,35.91040565840944,3.573718131169462,0.06955075257286453,exp(m + variance/2) - 1,
60,2026-01-28,7,2026-02-04,M3,40.0,35.69654332755429,3.568119096367207,0.06912693399463635,exp(m + variance/2) - 1,
60,2026-01-28,7,2026-02-04,M4,40.0,36.12872812652278,3.5794950154875282,0.06979199501986201,exp(m + variance/2) - 1,
60,2026-01-28,7,2026-02-04,M5,40.0,35.80492634579678,3.5710691354117294,0.06912513779185239,exp(m + variance/2) - 1,
61,2026-01-29,7,2026-02-05,M0,21.0,46.0,,,not applicable -- original-scale benchmark,2025-02-05
61,2026-01-29,7,2026-02-05,M1,21.0,35.414739764953765,3.560175422765982,0.0695964170176735,exp(m + variance/2) - 1,
61,2026-01-29,7,2026-02-05,M2,21.0,35.38001943023763,3.559278952010283,0.06948151034148882,exp(m + variance/2) - 1,
61,2026-01-29,7,2026-02-05,M3,21.0,35.311163185238456,3.557595806549344,0.0690588264185008,exp(m + variance/2) - 1,
61,2026-01-29,7,2026-02-05,M4,21.0,35.55418788624396,3.5639325114438565,0.0697264956783633,exp(m + variance/2) - 1,
61,2026-01-29,7,2026-02-05,M5,21.0,35.380192334827385,3.559496040905306,0.06905683799875033,exp(m + variance/2) - 1,
62,2026-01-30,7,2026-02-06,M0,29.0,45.0,,,not applicable -- original-scale benchmark,2025-02-06
62,2026-01-30,7,2026-02-06,M1,29.0,35.73697851043377,3.569023516820329,0.06952063960687975,exp(m + variance/2) - 1,
62,2026-01-30,7,2026-02-06,M2,29.0,35.70236297797262,3.568136649889558,0.0694089788380721,exp(m + variance/2) - 1,
62,2026-01-30,7,2026-02-06,M3,29.0,35.82186945384455,3.571599836477786,0.06898422164111775,exp(m + variance/2) - 1,
62,2026-01-30,7,2026-02-06,M4,29.0,35.84810431705199,3.5719846703883906,0.06963900739161938,exp(m + variance/2) - 1,
62,2026-01-30,7,2026-02-06,M5,29.0,35.86331721343015,3.5727216964203725,0.06899049342084573,exp(m + variance/2) - 1,
63,2026-01-31,7,2026-02-07,M0,31.0,39.0,,,not applicable -- original-scale benchmark,2025-02-07
63,2026-01-31,7,2026-02-07,M1,31.0,35.36914193091546,3.5589969429787502,0.06944744594148713,exp(m + variance/2) - 1,
63,2026-01-31,7,2026-02-07,M2,31.0,35.336746221209665,3.558161321583846,0.06933640051926591,exp(m + variance/2) - 1,
63,2026-01-31,7,2026-02-07,M3,31.0,35.247776527679356,3.555919271988665,0.06891754052670326,exp(m + variance/2) - 1,
63,2026-01-31,7,2026-02-07,M4,31.0,35.45275622457114,3.561228717081554,0.0695767102012739,exp(m + variance/2) - 1,
63,2026-01-31,7,2026-02-07,M5,31.0,35.277593688328515,3.556743211805302,0.06891417024183004,exp(m + variance/2) - 1,
64,2026-02-01,7,2026-02-08,M0,25.0,50.0,,,not applicable -- original-scale benchmark,2025-02-08
64,2026-02-01,7,2026-02-08,M1,25.0,35.30934617542975,3.557388426362611,0.0693735043317865,exp(m + variance/2) - 1,
64,2026-02-01,7,2026-02-08,M2,25.0,35.27543812409568,3.5565094712945946,0.06926281051023347,exp(m + variance/2) - 1,
64,2026-02-01,7,2026-02-08,M3,25.0,35.21210762154186,3.55497240591819,0.06884224335233706,exp(m + variance/2) - 1,
64,2026-02-01,7,2026-02-08,M4,25.0,35.370105438683545,3.558996378963747,0.06950155817482202,exp(m + variance/2) - 1,
64,2026-02-01,7,2026-02-08,M5,25.0,35.22592803058951,3.555356306627604,0.06883759952556281,exp(m + variance/2) - 1,
65,2026-02-02,7,2026-02-09,M0,30.0,38.0,,,not applicable -- original-scale benchmark,2025-02-09
65,2026-02-02,7,2026-02-09,M1,30.0,36.08667663725107,3.5785954626016823,0.06932464444568959,exp(m + variance/2) - 1,
65,2026-02-02,7,2026-02-09,M2,30.0,36.05443834475418,3.5777825376179475,0.06921120066034774,exp(m + variance/2) - 1,
65,2026-02-02,7,2026-02-09,M3,30.0,35.9945256018546,3.576372379244895,0.06879513149204712,exp(m + variance/2) - 1,
65,2026-02-02,7,2026-02-09,M4,30.0,36.178424688661,3.581004622825372,0.06944797742359847,exp(m + variance/2) - 1,
65,2026-02-02,7,2026-02-09,M5,30.0,36.037086258938636,3.5775224620115456,0.06879455991344537,exp(m + variance/2) - 1,
66,2026-02-03,7,2026-02-10,M0,57.0,44.0,,,not applicable -- original-scale benchmark,2025-02-10
66,2026-02-03,7,2026-02-10,M1,57.0,37.44384362644124,3.6145250328914833,0.06934707298788716,exp(m + variance/2) - 1,
66,2026-02-03,7,2026-02-10,M2,57.0,37.413889475739495,3.6138022863787587,0.06923362582557233,exp(m + variance/2) - 1,
66,2026-02-03,7,2026-02-10,M3,57.0,37.43687817411986,3.61460744837685,0.06881983895030859,exp(m + variance/2) - 1,
66,2026-02-03,7,2026-02-10,M4,57.0,37.52493638800058,3.6165735533423184,0.06946435334994451,exp(m + variance/2) - 1,
66,2026-02-03,7,2026-02-10,M5,57.0,37.469152999469166,3.615453777225137,0.06880584425332174,exp(m + variance/2) - 1,
67,2026-02-04,7,2026-02-11,M0,36.0,45.0,,,not applicable -- original-scale benchmark,2025-02-11
67,2026-02-04,7,2026-02-11,M1,36.0,37.53567392994224,3.616939468171543,0.06928987936084954,exp(m + variance/2) - 1,
67,2026-02-04,7,2026-02-11,M2,36.0,37.50683266748485,3.6162487581790987,0.06917387850218298,exp(m + variance/2) - 1,
67,2026-02-04,7,2026-02-11,M3,36.0,37.62814704862169,3.619600317031124,0.06876178370937087,exp(m + variance/2) - 1,
67,2026-02-04,7,2026-02-11,M4,36.0,37.59340831371787,3.6183781029233235,0.06940677978019345,exp(m + variance/2) - 1,
67,2026-02-04,7,2026-02-11,M5,36.0,37.63788873510695,3.619855564189681,0.06875560860253144,exp(m + variance/2) - 1,
68,2026-02-05,7,2026-02-12,M0,41.0,31.0,,,not applicable -- original-scale benchmark,2025-02-12
68,2026-02-05,7,2026-02-12,M1,41.0,33.50861133131256,3.5064626485557935,0.06949249628366848,exp(m + variance/2) - 1,
68,2026-02-05,7,2026-02-12,M2,41.0,33.47489180531184,3.5055416436937197,0.06937928325727089,exp(m + variance/2) - 1,
68,2026-02-05,7,2026-02-12,M3,41.0,33.62328987520444,3.510043937562342,0.06896527167929561,exp(m + variance/2) - 1,
68,2026-02-05,7,2026-02-12,M4,41.0,33.50559243994905,3.5063215608763882,0.06959969946571093,exp(m + variance/2) - 1,
68,2026-02-05,7,2026-02-12,M5,41.0,33.57603257845472,3.5086825260750154,0.0689564318329502,exp(m + variance/2) - 1,
69,2026-02-06,7,2026-02-13,M0,34.0,42.0,,,not applicable -- original-scale benchmark,2025-02-13
69,2026-02-06,7,2026-02-13,M1,34.0,32.73654948341451,3.4838516884263475,0.06946023126345034,exp(m + variance/2) - 1,
69,2026-02-06,7,2026-02-13,M2,34.0,32.701439773934,3.4828683021373523,0.06934451514097495,exp(m + variance/2) - 1,
69,2026-02-06,7,2026-02-13,M3,34.0,32.97643802359692,3.4911993441749307,0.06893588180048738,exp(m + variance/2) - 1,
69,2026-02-06,7,2026-02-13,M4,34.0,32.710705199557125,3.483018184054357,0.06959452913617495,exp(m + variance/2) - 1,
69,2026-02-06,7,2026-02-13,M5,34.0,32.900908548587495,3.4889719524208864,0.06893972489934136,exp(m + variance/2) - 1,
70,2026-02-07,7,2026-02-14,M0,34.0,34.0,,,not applicable -- original-scale benchmark,2025-02-14
70,2026-02-07,7,2026-02-14,M1,34.0,32.23005818364219,3.4687534505984963,0.06940276540728947,exp(m + variance/2) - 1,
70,2026-02-07,7,2026-02-14,M2,34.0,32.195060409520984,3.467757464945307,0.069287234124234,exp(m + variance/2) - 1,
70,2026-02-07,7,2026-02-14,M3,34.0,33.21130966361967,3.498118394702971,0.06887577323554211,exp(m + variance/2) - 1,
70,2026-02-07,7,2026-02-14,M4,34.0,32.19164809226234,3.467530186859132,0.06953618785967014,exp(m + variance/2) - 1,
70,2026-02-07,7,2026-02-14,M5,34.0,33.087317746161894,3.4944881483891725,0.06887450624198342,exp(m + variance/2) - 1,
71,2026-02-08,7,2026-02-15,M0,41.0,44.0,,,not applicable -- original-scale benchmark,2025-02-15
71,2026-02-08,7,2026-02-15,M1,41.0,30.54926243550724,3.4168143976874563,0.06947162677613068,exp(m + variance/2) - 1,
71,2026-02-08,7,2026-02-15,M2,41.0,30.514157478218436,3.415758998243188,0.06935578074354877,exp(m + variance/2) - 1,
71,2026-02-08,7,2026-02-15,M3,41.0,31.50479679063818,3.4469173131451587,0.06894071771554738,exp(m + variance/2) - 1,
71,2026-02-08,7,2026-02-15,M4,41.0,30.488777727247243,3.414825631989973,0.06961117547587331,exp(m + variance/2) - 1,
71,2026-02-08,7,2026-02-15,M5,41.0,31.36657101879708,3.442652735444724,0.0689467920901528,exp(m + variance/2) - 1,
72,2026-02-09,7,2026-02-16,M0,49.0,54.0,,,not applicable -- original-scale benchmark,2025-02-16
72,2026-02-09,7,2026-02-16,M1,49.0,30.342788560230233,3.4102852269374417,0.06939796740765593,exp(m + variance/2) - 1,
72,2026-02-09,7,2026-02-16,M2,49.0,30.30775970901381,3.4092231009747027,0.06928575974360214,exp(m + variance/2) - 1,
72,2026-02-09,7,2026-02-16,M3,49.0,31.290061535523108,3.4403254410860167,0.06886809879382007,exp(m + variance/2) - 1,
72,2026-02-09,7,2026-02-16,M4,49.0,29.21190463177261,3.373468764498133,0.06953455062810732,exp(m + variance/2) - 1,
72,2026-02-09,7,2026-02-16,M5,49.0,30.224597862343483,3.406770489609582,0.06887137522230626,exp(m + variance/2) - 1,
73,2026-02-10,7,2026-02-17,M0,37.0,62.0,,,not applicable -- original-scale benchmark,2025-02-17
73,2026-02-10,7,2026-02-17,M1,37.0,33.84678213030348,3.516157192491287,0.06960721119425445,exp(m + variance/2) - 1,
73,2026-02-10,7,2026-02-17,M2,37.0,33.82045642981999,3.5154591134098663,0.06949185822040613,exp(m + variance/2) - 1,
73,2026-02-10,7,2026-02-17,M3,37.0,34.90030764017527,3.5462030948133236,0.06908554001681307,exp(m + variance/2) - 1,
73,2026-02-10,7,2026-02-17,M4,37.0,32.62720193584626,3.4804713766088815,0.06972788849999409,exp(m + variance/2) - 1,
73,2026-02-10,7,2026-02-17,M5,37.0,33.76532976702303,3.5140822131517595,0.06907681191646566,exp(m + variance/2) - 1,
74,2026-02-11,7,2026-02-18,M0,51.0,60.0,,,not applicable -- original-scale benchmark,2025-02-18
74,2026-02-11,7,2026-02-18,M1,51.0,33.595289962401964,3.5089512652770893,0.06953255853203834,exp(m + variance/2) - 1,
74,2026-02-11,7,2026-02-18,M2,51.0,35.701182879519614,3.5680989498769815,0.06942007142742976,exp(m + variance/2) - 1,
74,2026-02-11,7,2026-02-18,M3,51.0,34.43647556551344,3.5332352441107333,0.0690128575103622,exp(m + variance/2) - 1,
74,2026-02-11,7,2026-02-18,M4,51.0,32.37088905081639,3.472854002029159,0.06965986519455583,exp(m + variance/2) - 1,
74,2026-02-11,7,2026-02-18,M5,51.0,35.70468632108749,3.568395174806449,0.06901852954948798,exp(m + variance/2) - 1,
75,2026-02-12,7,2026-02-19,M0,37.0,66.0,,,not applicable -- original-scale benchmark,2025-02-19
75,2026-02-12,7,2026-02-19,M1,37.0,34.57805330135353,3.536963955953971,0.06953002300568473,exp(m + variance/2) - 1,
75,2026-02-12,7,2026-02-19,M2,37.0,36.745402550829,3.596153871433602,0.06941962022363725,exp(m + variance/2) - 1,
75,2026-02-12,7,2026-02-19,M3,37.0,35.46346438691161,3.5618095749056597,0.06900241734199203,exp(m + variance/2) - 1,
75,2026-02-12,7,2026-02-19,M4,37.0,33.31352821018064,3.5007125657058844,0.06965423833503114,exp(m + variance/2) - 1,
75,2026-02-12,7,2026-02-19,M5,37.0,36.762287517836214,3.596809725783909,0.06900238821928052,exp(m + variance/2) - 1,
76,2026-02-13,7,2026-02-20,M0,36.0,50.0,,,not applicable -- original-scale benchmark,2025-02-20
76,2026-02-13,7,2026-02-20,M1,36.0,34.07642785303884,3.5228052952764766,0.06944807690387884,exp(m + variance/2) - 1,
76,2026-02-13,7,2026-02-20,M2,36.0,36.21175034019471,3.5819573045823727,0.06933455236115486,exp(m + variance/2) - 1,
76,2026-02-13,7,2026-02-20,M3,36.0,35.0343884466351,3.5500109504358646,0.06892553340546825,exp(m + variance/2) - 1,
76,2026-02-13,7,2026-02-20,M4,36.0,32.81729739175402,3.4861890452477113,0.06956676698142841,exp(m + variance/2) - 1,
76,2026-02-13,7,2026-02-20,M5,36.0,36.29920907497799,3.584512026992058,0.06892019001742428,exp(m + variance/2) - 1,
77,2026-02-14,7,2026-02-21,M0,25.0,34.0,,,not applicable -- original-scale benchmark,2025-02-21
77,2026-02-14,7,2026-02-21,M1,25.0,33.80715936794279,3.5151358516813227,0.06937448580735593,exp(m + variance/2) - 1,
77,2026-02-14,7,2026-02-21,M2,25.0,35.92508852587613,3.5742604258582835,0.06926160001446162,exp(m + variance/2) - 1,
77,2026-02-14,7,2026-02-21,M3,25.0,34.55490476064643,3.5366536514485185,0.06884892646940399,exp(m + variance/2) - 1,
77,2026-02-14,7,2026-02-21,M4,25.0,32.542696581418674,3.478069253092872,0.0694997980786395,exp(m + variance/2) - 1,
77,2026-02-14,7,2026-02-21,M5,25.0,35.796908059550475,3.5709916423516255,0.06884435834492117,exp(m + variance/2) - 1,
78,2026-02-15,7,2026-02-22,M0,28.0,49.0,,,not applicable -- original-scale benchmark,2025-02-22
78,2026-02-15,7,2026-02-22,M1,28.0,34.73779597298032,3.5415233776268074,0.06937092369513613,exp(m + variance/2) - 1,
78,2026-02-15,7,2026-02-22,M2,28.0,36.91690711061164,3.6007657760714684,0.06926266890028765,exp(m + variance/2) - 1,
78,2026-02-15,7,2026-02-22,M3,28.0,35.36687879505291,3.559243581342729,0.06882971171141823,exp(m + variance/2) - 1,
78,2026-02-15,7,2026-02-22,M4,28.0,33.44204165184938,3.5045302762142696,0.06949536600154062,exp(m + variance/2) - 1,
78,2026-02-15,7,2026-02-22,M5,28.0,36.65801738107137,3.59413522770252,0.06882129784436065,exp(m + variance/2) - 1,
79,2026-02-16,7,2026-02-23,M0,36.0,54.0,,,not applicable -- original-scale benchmark,2025-02-23
79,2026-02-16,7,2026-02-23,M1,36.0,36.595347054943495,3.5921213765724183,0.06951783525442308,exp(m + variance/2) - 1,
79,2026-02-16,7,2026-02-23,M2,36.0,38.89135480331322,3.6514529552011394,0.06941334724367354,exp(m + variance/2) - 1,
79,2026-02-16,7,2026-02-23,M3,36.0,37.109847113559184,3.606002887287162,0.06893963175205582,exp(m + variance/2) - 1,
79,2026-02-16,7,2026-02-23,M4,36.0,34.89806384898624,3.545873817252932,0.06961909000763485,exp(m + variance/2) - 1,
79,2026-02-16,7,2026-02-23,M5,36.0,38.24073158016801,3.6352604455065705,0.06890966550393579,exp(m + variance/2) - 1,
80,2026-02-17,7,2026-02-24,M0,32.0,44.0,,,not applicable -- original-scale benchmark,2025-02-24
80,2026-02-17,7,2026-02-24,M1,32.0,36.1528026163074,3.580321870552903,0.06943467662400477,exp(m + variance/2) - 1,
80,2026-02-17,7,2026-02-24,M2,32.0,38.42043689218111,3.6396198406268203,0.06932908808896657,exp(m + variance/2) - 1,
80,2026-02-17,7,2026-02-24,M3,32.0,36.669074253402016,3.594408831623136,0.06886122922064739,exp(m + variance/2) - 1,
80,2026-02-17,7,2026-02-24,M4,32.0,34.59919717911987,3.5375486444923925,0.0695488839259856,exp(m + variance/2) - 1,
80,2026-02-17,7,2026-02-24,M5,32.0,37.874179876504066,3.6259164599509526,0.06882762780316053,exp(m + variance/2) - 1,
81,2026-02-18,7,2026-02-25,M0,27.0,49.0,,,not applicable -- original-scale benchmark,2025-02-25
81,2026-02-18,7,2026-02-25,M1,27.0,38.25438056955986,3.6352533446991337,0.06961940033893547,exp(m + variance/2) - 1,
81,2026-02-18,7,2026-02-25,M2,27.0,40.46203884081154,3.6900435820453965,0.06946939969206077,exp(m + variance/2) - 1,
81,2026-02-18,7,2026-02-25,M3,27.0,38.75956554460455,3.6483428326262923,0.06901524431163156,exp(m + variance/2) - 1,
81,2026-02-18,7,2026-02-25,M4,27.0,36.934726177612745,3.601002655594444,0.06972858994065413,exp(m + variance/2) - 1,
81,2026-02-18,7,2026-02-25,M5,27.0,40.044101477944146,3.6801726997893978,0.06894886925197931,exp(m + variance/2) - 1,
82,2026-02-19,7,2026-02-26,M0,37.0,46.0,,,not applicable -- original-scale benchmark,2025-02-26
82,2026-02-19,7,2026-02-26,M1,37.0,37.46444826291863,3.614978835884692,0.06951111410032916,exp(m + variance/2) - 1,
82,2026-02-19,7,2026-02-26,M2,37.0,36.63857803122451,3.59335915141511,0.0693407689189187,exp(m + variance/2) - 1,
82,2026-02-19,7,2026-02-26,M3,37.0,37.50438106543281,3.6163138663642975,0.06891632472550256,exp(m + variance/2) - 1,
82,2026-02-19,7,2026-02-26,M4,37.0,36.22369339004533,3.5821302101829557,0.0696305348730151,exp(m + variance/2) - 1,
82,2026-02-19,7,2026-02-26,M5,37.0,35.58272921637026,3.565159850027201,0.06883279935176775,exp(m + variance/2) - 1,
83,2026-02-20,7,2026-02-27,M0,35.0,43.0,,,not applicable -- original-scale benchmark,2025-02-27
83,2026-02-20,7,2026-02-27,M1,35.0,36.902989380977736,3.6003165272536357,0.06942691442355291,exp(m + variance/2) - 1,
83,2026-02-20,7,2026-02-27,M2,35.0,35.83416881231298,3.5718013720942006,0.06924908525095853,exp(m + variance/2) - 1,
83,2026-02-20,7,2026-02-27,M3,35.0,37.48541360796656,3.615865157719065,0.06882828892154313,exp(m + variance/2) - 1,
83,2026-02-20,7,2026-02-27,M4,35.0,35.737061199392116,3.5690115658155683,0.06954904328576228,exp(m + variance/2) - 1,
83,2026-02-20,7,2026-02-27,M5,35.0,35.30528555531374,3.557591203832045,0.06874426884681005,exp(m + variance/2) - 1,
84,2026-02-21,7,2026-02-28,M0,42.0,36.0,,,not applicable -- original-scale benchmark,2025-02-28
84,2026-02-21,7,2026-02-28,M1,42.0,34.06137758491133,3.5223875829664255,0.0694251759311274,exp(m + variance/2) - 1,
84,2026-02-21,7,2026-02-28,M2,42.0,32.98239548465048,3.4911974871728093,0.06929024697169582,exp(m + variance/2) - 1,
84,2026-02-21,7,2026-02-28,M3,42.0,34.992604036879555,3.548890364570146,0.06884621871912283,exp(m + variance/2) - 1,
84,2026-02-21,7,2026-02-28,M4,42.0,32.923051282194564,3.4893207802252384,0.06954796381222006,exp(m + variance/2) - 1,
84,2026-02-21,7,2026-02-28,M5,42.0,32.75042990554084,3.4845851897981373,0.06881593076245138,exp(m + variance/2) - 1,
85,2026-02-22,7,2026-03-01,M0,33.0,46.0,,,not applicable -- original-scale benchmark,2025-03-01
85,2026-02-22,7,2026-03-01,M1,33.0,32.77346982550729,3.484974431115197,0.06940229352099131,exp(m + variance/2) - 1,
85,2026-02-22,7,2026-03-01,M2,33.0,31.629877742302696,3.450582426102013,0.06929187541609559,exp(m + variance/2) - 1,
85,2026-02-22,7,2026-03-01,M3,33.0,33.631043068356135,3.5103334176690946,0.06883412131996369,exp(m + variance/2) - 1,
85,2026-02-22,7,2026-03-01,M4,33.0,31.681959090533574,3.452063086355316,0.06952025906088215,exp(m + variance/2) - 1,
85,2026-02-22,7,2026-03-01,M5,33.0,31.34155981864278,3.4419349120983913,0.06883634551285801,exp(m + variance/2) - 1,
86,2026-02-23,7,2026-03-02,M0,27.0,40.0,,,not applicable -- original-scale benchmark,2025-03-02
86,2026-02-23,7,2026-03-02,M1,27.0,33.11451360172926,3.4950602552234424,0.06932531467014202,exp(m + variance/2) - 1,
86,2026-02-23,7,2026-03-02,M2,27.0,31.821034243445084,3.456464161997447,0.06921087153067584,exp(m + variance/2) - 1,
86,2026-02-23,7,2026-03-02,M3,27.0,33.923330537857325,3.5187800799860143,0.06875004532932863,exp(m + variance/2) - 1,
86,2026-02-23,7,2026-03-02,M4,27.0,32.42508342757578,3.4745922462704364,0.06942874535565909,exp(m + variance/2) - 1,
86,2026-02-23,7,2026-03-02,M5,27.0,31.82402260054092,3.456794697663441,0.06873189202656177,exp(m + variance/2) - 1,
87,2026-02-24,7,2026-03-03,M0,35.0,59.0,,,not applicable -- original-scale benchmark,2025-03-03
87,2026-02-24,7,2026-03-03,M1,35.0,32.521164508642265,3.4775473914766173,0.06925924849021026,exp(m + variance/2) - 1,
87,2026-02-24,7,2026-03-03,M2,35.0,31.16147625323663,3.436193164282396,0.06915236474300428,exp(m + variance/2) - 1,
87,2026-02-24,7,2026-03-03,M3,35.0,32.57916762140648,3.4795605551024478,0.06869061662515329,exp(m + variance/2) - 1,
87,2026-02-24,7,2026-03-03,M4,35.0,31.953416730766804,3.460414428456767,0.06936104304911941,exp(m + variance/2) - 1,
87,2026-02-24,7,2026-03-03,M5,35.0,30.559086354304934,3.417520224005137,0.06868264414024979,exp(m + variance/2) - 1,
88,2026-02-25,7,2026-03-04,M0,28.0,34.0,,,not applicable -- original-scale benchmark,2025-03-04
88,2026-02-25,7,2026-03-04,M1,28.0,31.143863784323223,3.4355966898965558,0.06924976099332272,exp(m + variance/2) - 1,
88,2026-02-25,7,2026-03-04,M2,28.0,31.512053812851647,3.4470286056391775,0.06916460296876162,exp(m + variance/2) - 1,
88,2026-02-25,7,2026-03-04,M3,28.0,31.3842822119962,3.443325735248229,0.06869490585815578,exp(m + variance/2) - 1,
88,2026-02-25,7,2026-03-04,M4,28.0,30.658277521381148,3.4203256377401976,0.06934801943438838,exp(m + variance/2) - 1,
88,2026-02-25,7,2026-03-04,M5,28.0,31.345570169715707,3.4421240013804413,0.06870615142905867,exp(m + variance/2) - 1,
89,2026-02-26,7,2026-03-05,M0,33.0,46.0,,,not applicable -- original-scale benchmark,2025-03-05
89,2026-02-26,7,2026-03-05,M1,33.0,31.919882439696927,3.4594909321954304,0.06917174503289307,exp(m + variance/2) - 1,
89,2026-02-26,7,2026-03-05,M2,33.0,32.50510922614948,3.4771627479684537,0.0690703868937477,exp(m + variance/2) - 1,
89,2026-02-26,7,2026-03-05,M3,33.0,31.69362064062485,3.452875847688249,0.06860824748052577,exp(m + variance/2) - 1,
89,2026-02-26,7,2026-03-05,M4,33.0,31.54534735116456,3.447999114868918,0.06927061009737222,exp(m + variance/2) - 1,
89,2026-02-26,7,2026-03-05,M5,33.0,32.037218025665005,3.463336022904893,0.06859744402222427,exp(m + variance/2) - 1,
90,2026-02-27,7,2026-03-06,M0,46.0,50.0,,,not applicable -- original-scale benchmark,2025-03-06
90,2026-02-27,7,2026-03-06,M1,46.0,32.02302984869976,3.4626547684810065,0.06910084757506162,exp(m + variance/2) - 1,
90,2026-02-27,7,2026-03-06,M2,46.0,32.75410192168889,3.484600804735391,0.06900228723672765,exp(m + variance/2) - 1,
90,2026-02-27,7,2026-03-06,M3,46.0,30.938741042108052,3.429548158481697,0.068543134377129,exp(m + variance/2) - 1,
90,2026-02-27,7,2026-03-06,M4,46.0,31.727967649916806,3.4536269694792043,0.06920604538921202,exp(m + variance/2) - 1,
90,2026-02-27,7,2026-03-06,M5,46.0,31.53706524089801,3.448117746793228,0.06852432330498615,exp(m + variance/2) - 1,
91,2026-02-28,7,2026-03-07,M0,34.0,36.0,,,not applicable -- original-scale benchmark,2025-03-07
91,2026-02-28,7,2026-03-07,M1,34.0,33.267711377393866,3.4996467078082367,0.06911368749423018,exp(m + variance/2) - 1,
91,2026-02-28,7,2026-03-07,M2,34.0,34.10860292396243,3.523936221558333,0.06901995286155432,exp(m + variance/2) - 1,
91,2026-02-28,7,2026-03-07,M3,34.0,31.706262001388282,3.4532995364672994,0.06853404323162339,exp(m + variance/2) - 1,
91,2026-02-28,7,2026-03-07,M4,34.0,33.050739246095446,3.4932402539818215,0.06922297796577402,exp(m + variance/2) - 1,
91,2026-02-28,7,2026-03-07,M5,34.0,32.487347950042846,3.476900631417674,0.06853412588767614,exp(m + variance/2) - 1,
92,2026-03-01,7,2026-03-08,M0,34.0,43.0,,,not applicable -- original-scale benchmark,2025-03-08
92,2026-03-01,7,2026-03-08,M1,34.0,32.721409530328884,3.483614200203643,0.06903746614886076,exp(m + variance/2) - 1,
92,2026-03-01,7,2026-03-08,M2,34.0,33.66505650988998,3.511260589178489,0.06894314677197931,exp(m + variance/2) - 1,
92,2026-03-01,7,2026-03-08,M3,34.0,31.094233810377197,3.4344459791870596,0.06846080547532025,exp(m + variance/2) - 1,
92,2026-03-01,7,2026-03-08,M4,34.0,32.54833792728189,3.478415907308514,0.06914282942317307,exp(m + variance/2) - 1,
92,2026-03-01,7,2026-03-08,M5,34.0,32.02847578229851,3.4631429307765824,0.0684543221949381,exp(m + variance/2) - 1,
93,2026-03-02,7,2026-03-09,M0,38.0,48.0,,,not applicable -- original-scale benchmark,2025-03-09
93,2026-03-02,7,2026-03-09,M1,38.0,31.280481104756184,3.4399672074595506,0.06899107988755523,exp(m + variance/2) - 1,
93,2026-03-02,7,2026-03-09,M2,38.0,32.31042020126883,3.471424201717368,0.06889213055425261,exp(m + variance/2) - 1,
93,2026-03-02,7,2026-03-09,M3,38.0,29.671242080036844,3.389112763402715,0.06842542422266552,exp(m + variance/2) - 1,
93,2026-03-02,7,2026-03-09,M4,38.0,31.27282680658943,3.4396794103770834,0.06909238088609436,exp(m + variance/2) - 1,
93,2026-03-02,7,2026-03-09,M5,38.0,30.8237899351707,3.4260096063132734,0.06840902989214832,exp(m + variance/2) - 1,
94,2026-03-03,7,2026-03-10,M0,33.0,49.0,,,not applicable -- original-scale benchmark,2025-03-10
94,2026-03-03,7,2026-03-10,M1,33.0,31.69298231888,3.452698011535499,0.06892487070159709,exp(m + variance/2) - 1,
94,2026-03-03,7,2026-03-10,M2,33.0,32.792060520260144,3.485808394959951,0.06883496817275898,exp(m + variance/2) - 1,
94,2026-03-03,7,2026-03-10,M3,33.0,30.048862631811044,3.4013840644461735,0.06835622609397293,exp(m + variance/2) - 1,
94,2026-03-03,7,2026-03-10,M4,33.0,31.701645605892566,3.4529097000782656,0.06903140179587468,exp(m + variance/2) - 1,
94,2026-03-03,7,2026-03-10,M5,33.0,31.288717881227278,3.440544381853402,0.06834699151163547,exp(m + variance/2) - 1,
95,2026-03-04,7,2026-03-11,M0,31.0,52.0,,,not applicable -- original-scale benchmark,2025-03-11
95,2026-03-04,7,2026-03-11,M1,31.0,30.577314911438673,3.418003955136409,0.0688700502119654,exp(m + variance/2) - 1,
95,2026-03-04,7,2026-03-11,M2,31.0,31.361955051735663,3.442594577643962,0.06877785682319805,exp(m + variance/2) - 1,
95,2026-03-04,7,2026-03-11,M3,31.0,29.01576998337271,3.3675662479175164,0.06831332348606198,exp(m + variance/2) - 1,
95,2026-03-04,7,2026-03-11,M4,31.0,30.58831807121206,3.418301695123926,0.06897135165841785,exp(m + variance/2) - 1,
95,2026-03-04,7,2026-03-11,M5,31.0,29.92701006592299,3.3974811912251166,0.06829744606163769,exp(m + variance/2) - 1,
96,2026-03-05,7,2026-03-12,M0,30.0,41.0,,,not applicable -- original-scale benchmark,2025-03-12
96,2026-03-05,7,2026-03-12,M1,30.0,30.737237364424335,3.423089362819228,0.06880261786544703,exp(m + variance/2) - 1,
96,2026-03-05,7,2026-03-12,M2,30.0,30.05129631242901,3.4012867949159733,0.06870752356920387,exp(m + variance/2) - 1,
96,2026-03-05,7,2026-03-12,M3,30.0,28.816172354179553,3.360931610047772,0.06823866541220733,exp(m + variance/2) - 1,
96,2026-03-05,7,2026-03-12,M4,30.0,30.759663045119844,3.423746519448053,0.06890101492803496,exp(m + variance/2) - 1,
96,2026-03-05,7,2026-03-12,M5,30.0,28.14916782335315,3.338315326964317,0.06822207468147988,exp(m + variance/2) - 1,
97,2026-03-06,7,2026-03-13,M0,24.0,48.0,,,not applicable -- original-scale benchmark,2025-03-13
97,2026-03-06,7,2026-03-13,M1,24.0,32.68554920172788,3.482614801184348,0.06890827427907177,exp(m + variance/2) - 1,
97,2026-03-06,7,2026-03-13,M2,24.0,31.755939310658988,3.4546845048086654,0.06879958765469964,exp(m + variance/2) - 1,
97,2026-03-06,7,2026-03-13,M3,24.0,31.05597919861085,3.4332914829536345,0.06838448294435205,exp(m + variance/2) - 1,
97,2026-03-06,7,2026-03-13,M4,24.0,32.732180923044865,3.4839422884672144,0.06902003354832871,exp(m + variance/2) - 1,
97,2026-03-06,7,2026-03-13,M5,24.0,30.132165365550136,3.4040675922074457,0.06834789726075785,exp(m + variance/2) - 1,
98,2026-03-07,7,2026-03-14,M0,29.0,24.0,,,not applicable -- original-scale benchmark,2025-03-14
98,2026-03-07,7,2026-03-14,M1,29.0,32.333160692020684,3.472132876198808,0.06883968373676347,exp(m + variance/2) - 1,
98,2026-03-07,7,2026-03-14,M2,29.0,31.316273147597514,3.4412113863224687,0.0687190593085868,exp(m + variance/2) - 1,
98,2026-03-07,7,2026-03-14,M3,29.0,30.605783030132493,3.41917606522535,0.06832809181280149,exp(m + variance/2) - 1,
98,2026-03-07,7,2026-03-14,M4,29.0,32.38272292344822,3.4735648625263527,0.06894725176188989,exp(m + variance/2) - 1,
98,2026-03-07,7,2026-03-14,M5,29.0,29.582799464497512,3.386297385621403,0.06828071258217831,exp(m + variance/2) - 1,
99,2026-03-08,7,2026-03-15,M0,20.0,27.0,,,not applicable -- original-scale benchmark,2025-03-15
99,2026-03-08,7,2026-03-15,M1,20.0,32.27279441322516,3.4703509172888767,0.06877832239179825,exp(m + variance/2) - 1,
99,2026-03-08,7,2026-03-15,M2,20.0,31.163710010400663,3.4365124222153067,0.0686527529236183,exp(m + variance/2) - 1,
99,2026-03-08,7,2026-03-15,M3,20.0,30.700607676960384,3.422201420354098,0.06826885993120654,exp(m + variance/2) - 1,
99,2026-03-08,7,2026-03-15,M4,20.0,32.32420449683214,3.4718409050753474,0.06888617928341012,exp(m + variance/2) - 1,
99,2026-03-08,7,2026-03-15,M5,20.0,29.56842091258901,3.385854582096655,0.06822579533241649,exp(m + variance/2) - 1,
100,2026-03-09,7,2026-03-16,M0,33.0,43.0,,,not applicable -- original-scale benchmark,2025-03-16
100,2026-03-09,7,2026-03-16,M1,33.0,32.86042005051872,3.487867851503266,0.06875786126660441,exp(m + variance/2) - 1,
100,2026-03-09,7,2026-03-16,M2,33.0,31.63388166742115,3.451040182325716,0.06862176256930641,exp(m + variance/2) - 1,
100,2026-03-09,7,2026-03-16,M3,33.0,31.400403385400068,3.4440335868401952,0.06827457209450956,exp(m + variance/2) - 1,
100,2026-03-09,7,2026-03-16,M4,33.0,33.146575468999714,3.4962249832466936,0.06887463729914522,exp(m + variance/2) - 1,
100,2026-03-09,7,2026-03-16,M5,33.0,30.321802249238484,3.410203591865099,0.06822164136219629,exp(m + variance/2) - 1,
101,2026-03-10,7,2026-03-17,M0,44.0,39.0,,,not applicable -- original-scale benchmark,2025-03-17
101,2026-03-10,7,2026-03-17,M1,44.0,32.42700375356835,3.4750205592243093,0.06868701943527772,exp(m + variance/2) - 1,
101,2026-03-10,7,2026-03-17,M2,44.0,31.159770056177365,3.436441277517254,0.06855003354693094,exp(m + variance/2) - 1,
101,2026-03-10,7,2026-03-17,M3,44.0,31.48247043342767,3.446595985710455,0.06820917366614802,exp(m + variance/2) - 1,
101,2026-03-10,7,2026-03-17,M4,44.0,32.687007058133716,3.4827130458501454,0.06879833985867555,exp(m + variance/2) - 1,
101,2026-03-10,7,2026-03-17,M5,44.0,30.30125924299019,3.409588722315137,0.06813921165429396,exp(m + variance/2) - 1,
102,2026-03-11,7,2026-03-18,M0,39.0,38.0,,,not applicable -- original-scale benchmark,2025-03-18
102,2026-03-11,7,2026-03-18,M1,39.0,31.80520347618748,3.4562826644038926,0.06860896194099098,exp(m + variance/2) - 1,
102,2026-03-11,7,2026-03-18,M2,39.0,30.51877559942702,3.416346258536879,0.06847432100492408,exp(m + variance/2) - 1,
102,2026-03-11,7,2026-03-18,M3,39.0,31.09609178014516,3.4346702683422,0.06812800596823991,exp(m + variance/2) - 1,
102,2026-03-11,7,2026-03-18,M4,39.0,32.037006807397205,3.463268025411963,0.06872065228113684,exp(m + variance/2) - 1,
102,2026-03-11,7,2026-03-18,M5,39.0,29.85331150757502,3.3952082746702272,0.06807162428651774,exp(m + variance/2) - 1,
103,2026-03-12,7,2026-03-19,M0,29.0,41.0,,,not applicable -- original-scale benchmark,2025-03-19
103,2026-03-12,7,2026-03-19,M1,29.0,31.13646346189293,3.4357257292025056,0.0685311792831954,exp(m + variance/2) - 1,
103,2026-03-12,7,2026-03-19,M2,29.0,30.086797802731926,3.4025811824385843,0.06840407733370871,exp(m + variance/2) - 1,
103,2026-03-12,7,2026-03-19,M3,29.0,30.56038912631495,3.417875381734958,0.0680548877957012,exp(m + variance/2) - 1,
103,2026-03-12,7,2026-03-19,M4,29.0,31.340907463609057,3.442010264303221,0.06864529910258246,exp(m + variance/2) - 1,
103,2026-03-12,7,2026-03-19,M5,29.0,29.581987754180133,3.38641031269484,0.0680017749306064,exp(m + variance/2) - 1,
104,2026-03-13,7,2026-03-20,M0,43.0,38.0,,,not applicable -- original-scale benchmark,2025-03-20
104,2026-03-13,7,2026-03-20,M1,43.0,29.38330367780095,3.3796261506930434,0.06853417143399163,exp(m + variance/2) - 1,
104,2026-03-13,7,2026-03-20,M2,43.0,28.481164801075977,3.34955463978502,0.0683938766505915,exp(m + variance/2) - 1,
104,2026-03-13,7,2026-03-20,M3,43.0,29.159761878235322,3.3724999749242492,0.06801734580072724,exp(m + variance/2) - 1,
104,2026-03-13,7,2026-03-20,M4,43.0,29.5521801139979,3.3851126269865217,0.06864683649049722,exp(m + variance/2) - 1,
104,2026-03-13,7,2026-03-20,M5,43.0,28.31744402384507,3.344202255184735,0.06796088571584644,exp(m + variance/2) - 1,
105,2026-03-14,7,2026-03-21,M0,34.0,32.0,,,not applicable -- original-scale benchmark,2025-03-21
105,2026-03-14,7,2026-03-21,M1,34.0,29.096768505817487,3.3701832789949626,0.06846905677160899,exp(m + variance/2) - 1,
105,2026-03-14,7,2026-03-21,M2,34.0,28.350076635490623,3.345133817194267,0.0683226803327993,exp(m + variance/2) - 1,
105,2026-03-14,7,2026-03-21,M3,34.0,29.045171551580857,3.368724951661572,0.06795403185863018,exp(m + variance/2) - 1,
105,2026-03-14,7,2026-03-21,M4,34.0,29.258188137758864,3.3754794718443257,0.06857471648931886,exp(m + variance/2) - 1,
105,2026-03-14,7,2026-03-21,M5,34.0,28.358895951032807,3.345649026240136,0.06789314590295989,exp(m + variance/2) - 1,
106,2026-03-15,7,2026-03-22,M0,26.0,38.0,,,not applicable -- original-scale benchmark,2025-03-22
106,2026-03-15,7,2026-03-22,M1,26.0,26.851699443869272,3.292586713562722,0.06861454454539552,exp(m + variance/2) - 1,
106,2026-03-15,7,2026-03-22,M2,26.0,26.22479807498573,3.2699067176437477,0.06844306850202407,exp(m + variance/2) - 1,
106,2026-03-15,7,2026-03-22,M3,26.0,26.919900680466906,3.295318150872731,0.06804313945049267,exp(m + variance/2) - 1,
106,2026-03-15,7,2026-03-22,M4,26.0,26.978195079742235,3.2970593544464983,0.0687322103911282,exp(m + variance/2) - 1,
106,2026-03-15,7,2026-03-22,M5,26.0,26.342701098224822,3.2744715903981554,0.06795606517525193,exp(m + variance/2) - 1,
107,2026-03-16,7,2026-03-23,M0,39.0,40.0,,,not applicable -- original-scale benchmark,2025-03-23
107,2026-03-16,7,2026-03-23,M1,39.0,27.729519658108863,3.323672201327046,0.06850590469923104,exp(m + variance/2) - 1,
107,2026-03-16,7,2026-03-23,M2,39.0,27.20528192220694,3.3053388241006103,0.06834087702101874,exp(m + variance/2) - 1,
107,2026-03-16,7,2026-03-23,M3,39.0,27.852825485326626,3.32822667578075,0.06796249895508752,exp(m + variance/2) - 1,
107,2026-03-16,7,2026-03-23,M4,39.0,28.12039263967095,3.337125916954502,0.06862557957653097,exp(m + variance/2) - 1,
107,2026-03-16,7,2026-03-23,M5,39.0,27.61225430605766,3.3198864787940705,0.06789723900699403,exp(m + variance/2) - 1,
108,2026-03-17,7,2026-03-24,M0,44.0,43.0,,,not applicable -- original-scale benchmark,2025-03-24
108,2026-03-17,7,2026-03-24,M1,44.0,29.690554544121248,3.3896503047307807,0.0686092658995597,exp(m + variance/2) - 1,
108,2026-03-17,7,2026-03-24,M2,44.0,29.244485615129967,3.375077922541394,0.0684719032064515,exp(m + variance/2) - 1,
108,2026-03-17,7,2026-03-24,M3,44.0,30.046063704203345,3.401418715620748,0.06810662382180215,exp(m + variance/2) - 1,
108,2026-03-17,7,2026-03-24,M4,44.0,30.111656603655057,3.4032171967871037,0.06873072516225161,exp(m + variance/2) - 1,
108,2026-03-17,7,2026-03-24,M5,44.0,29.90282006837112,3.3968056446319568,0.06808359891197141,exp(m + variance/2) - 1,
109,2026-03-18,7,2026-03-25,M0,24.0,47.0,,,not applicable -- original-scale benchmark,2025-03-25
109,2026-03-18,7,2026-03-25,M1,24.0,30.595582211846747,3.4186951502685483,0.06864431425667493,exp(m + variance/2) - 1,
109,2026-03-18,7,2026-03-25,M2,24.0,30.220547026987305,3.4068123902062375,0.06852809282391302,exp(m + variance/2) - 1,
109,2026-03-18,7,2026-03-25,M3,24.0,30.907862687060824,3.4287770572752203,0.06815080272554878,exp(m + variance/2) - 1,
109,2026-03-18,7,2026-03-25,M4,24.0,31.011275936517045,3.4317046447583888,0.06876713797740934,exp(m + variance/2) - 1,
109,2026-03-18,7,2026-03-25,M5,24.0,30.84601154950437,3.426833080707948,0.0681581347871377,exp(m + variance/2) - 1,
110,2026-03-19,7,2026-03-26,M0,22.0,36.0,,,not applicable -- original-scale benchmark,2025-03-26
110,2026-03-19,7,2026-03-26,M1,22.0,29.820331919386344,3.3938991866169776,0.06855082565439914,exp(m + variance/2) - 1,
110,2026-03-19,7,2026-03-26,M2,22.0,29.509279283842943,3.383811493786235,0.06843876474082045,exp(m + variance/2) - 1,
110,2026-03-19,7,2026-03-26,M3,22.0,30.12232194086959,3.4038961740845757,0.06805826987610207,exp(m + variance/2) - 1,
110,2026-03-19,7,2026-03-26,M4,22.0,30.183890392341475,3.4055629999145816,0.06867725595194268,exp(m + variance/2) - 1,
110,2026-03-19,7,2026-03-26,M5,22.0,30.093025636577654,3.4029504398126864,0.06806619632951198,exp(m + variance/2) - 1,
111,2026-03-20,7,2026-03-27,M0,22.0,24.0,,,not applicable -- original-scale benchmark,2025-03-27
111,2026-03-20,7,2026-03-27,M1,22.0,31.563641411429735,3.44885036474807,0.06869201418671096,exp(m + variance/2) - 1,
111,2026-03-20,7,2026-03-27,M2,22.0,31.3018922611859,3.440826823463067,0.06859797797443154,exp(m + variance/2) - 1,
111,2026-03-20,7,2026-03-27,M3,22.0,31.816992023401653,3.456840763647827,0.06821133418982182,exp(m + variance/2) - 1,
111,2026-03-20,7,2026-03-27,M4,22.0,31.948804295729516,3.460549099923052,0.06881174384357627,exp(m + variance/2) - 1,
111,2026-03-20,7,2026-03-27,M5,22.0,31.854154952901865,3.4579580407569326,0.06824035751994155,exp(m + variance/2) - 1,
112,2026-03-21,7,2026-03-28,M0,26.0,46.0,,,not applicable -- original-scale benchmark,2025-03-28
112,2026-03-21,7,2026-03-28,M1,26.0,31.41487467580984,3.4442993874126144,0.06863604993247278,exp(m + variance/2) - 1,
112,2026-03-21,7,2026-03-28,M2,26.0,31.197992209740107,3.4376318834648987,0.06854442681321918,exp(m + variance/2) - 1,
112,2026-03-21,7,2026-03-28,M3,26.0,31.618959270389063,3.450815801179755,0.06815578171271548,exp(m + variance/2) - 1,
112,2026-03-21,7,2026-03-28,M4,26.0,31.771105699314518,3.4551709115426608,0.0687525836093091,exp(m + variance/2) - 1,
112,2026-03-21,7,2026-03-28,M5,26.0,31.68545551676649,3.452836145621748,0.0681880958301974,exp(m + variance/2) - 1,
113,2026-03-22,7,2026-03-29,M0,25.0,38.0,,,not applicable -- original-scale benchmark,2025-03-29
113,2026-03-22,7,2026-03-29,M1,25.0,29.974711231863516,3.398900422951541,0.06854136380158167,exp(m + variance/2) - 1,
113,2026-03-22,7,2026-03-29,M2,25.0,29.794237731404287,3.393102943597574,0.06844928447269517,exp(m + variance/2) - 1,
113,2026-03-22,7,2026-03-29,M3,25.0,30.137152270285696,3.404374479217575,0.06805446750862759,exp(m + variance/2) - 1,
113,2026-03-22,7,2026-03-29,M4,25.0,30.279023982312854,3.4086152161413383,0.06866499287495731,exp(m + variance/2) - 1,
113,2026-03-22,7,2026-03-29,M5,25.0,30.209104618178888,3.406670017828258,0.06807969820555088,exp(m + variance/2) - 1,
114,2026-03-23,7,2026-03-30,M0,44.0,39.0,,,not applicable -- original-scale benchmark,2025-03-30
114,2026-03-23,7,2026-03-30,M1,44.0,31.196119762773506,3.437554190422139,0.06858350121061867,exp(m + variance/2) - 1,
114,2026-03-23,7,2026-03-30,M2,44.0,31.044168921137434,3.4328622755297533,0.06850590869280716,exp(m + variance/2) - 1,
114,2026-03-23,7,2026-03-30,M3,44.0,31.315987232091516,3.4415123680789463,0.06809940088573276,exp(m + variance/2) - 1,
114,2026-03-23,7,2026-03-30,M4,44.0,31.893771013903155,3.458932531077206,0.06870155576872637,exp(m + variance/2) - 1,
114,2026-03-23,7,2026-03-30,M5,44.0,31.768823802843514,3.455403861153767,0.06814741682979134,exp(m + variance/2) - 1,
115,2026-03-24,7,2026-03-31,M0,26.0,38.0,,,not applicable -- original-scale benchmark,2025-03-31
115,2026-03-24,7,2026-03-31,M1,26.0,32.68726540751954,3.4827547714305505,0.06873022686042371,exp(m + variance/2) - 1,
115,2026-03-24,7,2026-03-31,M2,26.0,32.562444981472105,3.479075421155106,0.06866462365377346,exp(m + variance/2) - 1,
115,2026-03-24,7,2026-03-31,M3,26.0,32.71557649164072,3.4838377883496348,0.06824430531356991,exp(m + variance/2) - 1,
115,2026-03-24,7,2026-03-31,M4,26.0,33.39701344657926,3.5035410756765657,0.06885733304091303,exp(m + variance/2) - 1,
115,2026-03-24,7,2026-03-31,M5,26.0,33.21133740551339,3.4984031180983455,0.06830794824078754,exp(m + variance/2) - 1,
116,2026-03-25,7,2026-04-01,M0,18.0,35.0,,,not applicable -- original-scale benchmark,2025-04-01
116,2026-03-25,7,2026-04-01,M1,18.0,30.370514562799023,3.411557291261031,0.06862226765798456,exp(m + variance/2) - 1,
116,2026-03-25,7,2026-04-01,M2,18.0,30.262743907190647,3.408152806884842,0.06854858239559598,exp(m + variance/2) - 1,
116,2026-03-25,7,2026-04-01,M3,18.0,30.36196464588435,3.411519497821869,0.06815268768969515,exp(m + variance/2) - 1,
116,2026-03-25,7,2026-04-01,M4,18.0,30.916935558148346,3.4287612462611134,0.06875103578885083,exp(m + variance/2) - 1,
116,2026-03-25,7,2026-04-01,M5,18.0,30.739305618798333,3.4234638170951635,0.06818404119855462,exp(m + variance/2) - 1,
117,2026-03-26,7,2026-04-02,M0,19.0,31.0,,,not applicable -- original-scale benchmark,2025-04-02
117,2026-03-26,7,2026-04-02,M1,19.0,28.489736192402592,3.349720094717104,0.06864436481443871,exp(m + variance/2) - 1,
117,2026-03-26,7,2026-04-02,M2,19.0,28.400130499088874,3.3467226044332863,0.06855301729203564,exp(m + variance/2) - 1,
117,2026-03-26,7,2026-04-02,M3,19.0,28.456422983083765,3.348827525353636,0.06816891772330398,exp(m + variance/2) - 1,
117,2026-03-26,7,2026-04-02,M4,19.0,28.931817176529215,3.364537091934507,0.06876988460909639,exp(m + variance/2) - 1,
117,2026-03-26,7,2026-04-02,M5,19.0,28.753492059038937,3.3588535027524022,0.06818600497298007,exp(m + variance/2) - 1,
118,2026-03-27,7,2026-04-03,M0,19.0,32.0,,,not applicable -- original-scale benchmark,2025-04-03
118,2026-03-27,7,2026-04-03,M1,19.0,27.01483542519223,3.298395647914161,0.06867711712238474,exp(m + variance/2) - 1,
118,2026-03-27,7,2026-04-03,M2,19.0,26.941602766803143,3.2958289538966468,0.06857552576511577,exp(m + variance/2) - 1,
118,2026-03-27,7,2026-04-03,M3,19.0,26.957846361982334,3.296600679728017,0.06819441798157697,exp(m + variance/2) - 1,
118,2026-03-27,7,2026-04-03,M4,19.0,27.384450064504993,3.311439328166769,0.06880426821905672,exp(m + variance/2) - 1,
118,2026-03-27,7,2026-04-03,M5,19.0,27.209881061451433,3.3055627631914177,0.0682190912593449,exp(m + variance/2) - 1,
119,2026-03-28,7,2026-04-04,M0,26.0,37.0,,,not applicable -- original-scale benchmark,2025-04-04
119,2026-03-28,7,2026-04-04,M1,26.0,26.619562444188745,3.284219487545286,0.06860963663731202,exp(m + variance/2) - 1,
119,2026-03-28,7,2026-04-04,M2,26.0,26.55577037378803,3.2819549637918026,0.06851400165905144,exp(m + variance/2) - 1,
119,2026-03-28,7,2026-04-04,M3,26.0,26.528691923635076,3.281158236145881,0.06814113460119597,exp(m + variance/2) - 1,
119,2026-03-28,7,2026-04-04,M4,26.0,26.956602720067053,3.2962812992828403,0.0687442113913661,exp(m + variance/2) - 1,
119,2026-03-28,7,2026-04-04,M5,26.0,26.767579891958867,3.2897916609254234,0.06815497660929938,exp(m + variance/2) - 1,
120,2026-03-29,7,2026-04-05,M0,25.0,45.0,,,not applicable -- original-scale benchmark,2025-04-05
120,2026-03-29,7,2026-04-05,M1,25.0,26.00720040468081,3.2618190262403304,0.06856897173122384,exp(m + variance/2) - 1,
120,2026-03-29,7,2026-04-05,M2,25.0,25.955946457525734,3.2599703246393332,0.06846719230228554,exp(m + variance/2) - 1,
120,2026-03-29,7,2026-04-05,M3,25.0,25.89356855562629,3.2578415902533946,0.06809116123414023,exp(m + variance/2) - 1,
120,2026-03-29,7,2026-04-05,M4,25.0,26.314547386656702,3.2730691420607854,0.06870057902147375,exp(m + variance/2) - 1,
120,2026-03-29,7,2026-04-05,M5,25.0,26.1209519011069,3.2662505544022267,0.0681120153046572,exp(m + variance/2) - 1,
121,2026-03-30,7,2026-04-06,M0,25.0,27.0,,,not applicable -- original-scale benchmark,2025-04-06
121,2026-03-30,7,2026-04-06,M1,25.0,28.301513204250767,3.3432969008197713,0.06868451813191039,exp(m + variance/2) - 1,
121,2026-03-30,7,2026-04-06,M2,25.0,28.256521735997506,3.341807746755992,0.06858953480409169,exp(m + variance/2) - 1,
121,2026-03-30,7,2026-04-06,M3,25.0,28.121294308280152,3.337364129650849,0.06821108017922,exp(m + variance/2) - 1,
121,2026-03-30,7,2026-04-06,M4,25.0,28.555768316558535,3.35186467403366,0.06882851213292224,exp(m + variance/2) - 1,
121,2026-03-30,7,2026-04-06,M5,25.0,28.312634060653313,3.3438876180908617,0.06826200320589176,exp(m + variance/2) - 1,
122,2026-03-31,7,2026-04-07,M0,34.0,37.0,,,not applicable -- original-scale benchmark,2025-04-07
122,2026-03-31,7,2026-04-07,M1,34.0,27.281019169149477,3.307891400242442,0.06859895729924627,exp(m + variance/2) - 1,
122,2026-03-31,7,2026-04-07,M2,34.0,27.244224116880932,3.306635057019501,0.06850784725870114,exp(m + variance/2) - 1,
122,2026-03-31,7,2026-04-07,M3,34.0,26.682361293179383,3.286731430961918,0.06812800596728913,exp(m + variance/2) - 1,
122,2026-03-31,7,2026-04-07,M4,34.0,27.437280290916608,3.3133279097484922,0.06874612179825852,exp(m + variance/2) - 1,
122,2026-03-31,7,2026-04-07,M5,34.0,26.823168598487516,3.291783735407203,0.06817068205075329,exp(m + variance/2) - 1,
123,2026-04-01,7,2026-04-08,M0,27.0,26.0,,,not applicable -- original-scale benchmark,2025-04-08
123,2026-04-01,7,2026-04-08,M1,27.0,25.10001602090313,3.2275674300537913,0.06873699620474878,exp(m + variance/2) - 1,
123,2026-04-01,7,2026-04-08,M2,27.0,25.067221401035674,3.226360605722321,0.06863606860808961,exp(m + variance/2) - 1,
123,2026-04-01,7,2026-04-08,M3,27.0,24.615214360884497,3.209049469819495,0.06827403221049365,exp(m + variance/2) - 1,
123,2026-04-01,7,2026-04-08,M4,27.0,25.166482469797423,3.2300388109199103,0.06888097160953457,exp(m + variance/2) - 1,
123,2026-04-01,7,2026-04-08,M5,27.0,24.674275895190288,3.2113442479986025,0.06829060939867845,exp(m + variance/2) - 1,
124,2026-04-02,7,2026-04-09,M0,25.0,28.0,,,not applicable -- original-scale benchmark,2025-04-09
124,2026-04-02,7,2026-04-09,M1,25.0,23.769179757693095,3.175189354390074,0.06882154843731787,exp(m + variance/2) - 1,
124,2026-04-02,7,2026-04-09,M2,25.0,23.741363582616408,3.174116674494807,0.06871961493420577,exp(m + variance/2) - 1,
124,2026-04-02,7,2026-04-09,M3,25.0,23.459145038048067,3.1628251124133313,0.06835812752342343,exp(m + variance/2) - 1,
124,2026-04-02,7,2026-04-09,M4,25.0,23.777808744503897,3.175458442149253,0.06898000350409864,exp(m + variance/2) - 1,
124,2026-04-02,7,2026-04-09,M5,25.0,23.46673488940039,3.163125952019287,0.06837696664859384,exp(m + variance/2) - 1,
125,2026-04-03,7,2026-04-10,M0,23.0,33.0,,,not applicable -- original-scale benchmark,2025-04-10
125,2026-04-03,7,2026-04-10,M1,23.0,22.64622667657386,3.1287562824903623,0.0688945423182192,exp(m + variance/2) - 1,
125,2026-04-03,7,2026-04-10,M2,23.0,22.624743883242317,3.1279004106938317,0.06878844341250259,exp(m + variance/2) - 1,
125,2026-04-03,7,2026-04-10,M3,23.0,22.36073089299163,3.1168426488504064,0.0684275936950696,exp(m + variance/2) - 1,
125,2026-04-03,7,2026-04-10,M4,23.0,22.617511939638423,3.1274592600376687,0.06905841633073136,exp(m + variance/2) - 1,
125,2026-04-03,7,2026-04-10,M5,23.0,22.334290612541338,3.1156971930277533,0.06845357152742806,exp(m + variance/2) - 1,
126,2026-04-04,7,2026-04-11,M0,27.0,32.0,,,not applicable -- original-scale benchmark,2025-04-11
126,2026-04-04,7,2026-04-11,M1,27.0,23.02271863570795,3.1446097532973565,0.06878047823843816,exp(m + variance/2) - 1,
126,2026-04-04,7,2026-04-11,M2,27.0,23.004383890527354,3.1438998798369937,0.06867319187113412,exp(m + variance/2) - 1,
126,2026-04-04,7,2026-04-11,M3,27.0,22.83877991974354,3.137155775809303,0.06831577443021572,exp(m + variance/2) - 1,
126,2026-04-04,7,2026-04-11,M4,27.0,22.98022072678482,3.142761581091506,0.06893554617076762,exp(m + variance/2) - 1,
126,2026-04-04,7,2026-04-11,M5,27.0,22.79966976920988,3.1355031096969377,0.06833719128189392,exp(m + variance/2) - 1,
127,2026-04-05,7,2026-04-12,M0,21.0,26.0,,,not applicable -- original-scale benchmark,2025-04-12
127,2026-04-05,7,2026-04-12,M1,21.0,23.015171669879184,3.1443341187000335,0.06870332967011868,exp(m + variance/2) - 1,
127,2026-04-05,7,2026-04-12,M2,21.0,22.999840627139342,3.1437509183620373,0.06859254285599779,exp(m + variance/2) - 1,
127,2026-04-05,7,2026-04-12,M3,21.0,22.81715095842977,3.136288068022213,0.06823576326524332,exp(m + variance/2) - 1,
127,2026-04-05,7,2026-04-12,M4,21.0,22.95617148063387,3.1417975227137287,0.06885689962510678,exp(m + variance/2) - 1,
127,2026-04-05,7,2026-04-12,M5,21.0,22.7664909138154,3.1341482174805493,0.06825685262724025,exp(m + variance/2) - 1,
128,2026-04-06,7,2026-04-13,M0,30.0,24.0,,,not applicable -- original-scale benchmark,2025-04-13
128,2026-04-06,7,2026-04-13,M1,30.0,23.04956927397171,3.1458037189011834,0.0686267357680836,exp(m + variance/2) - 1,
128,2026-04-06,7,2026-04-13,M2,30.0,23.037384550871952,3.1453507149135036,0.06851918622803792,exp(m + variance/2) - 1,
128,2026-04-06,7,2026-04-13,M3,30.0,22.83823242731854,3.1372097547528286,0.06816188309238248,exp(m + variance/2) - 1,
128,2026-04-06,7,2026-04-13,M4,30.0,23.108112050764106,3.1481586369318477,0.06877949308917505,exp(m + variance/2) - 1,
128,2026-04-06,7,2026-04-13,M5,30.0,22.89646912818383,3.1396376224131695,0.0681861807758777,exp(m + variance/2) - 1,
129,2026-04-07,7,2026-04-14,M0,22.0,35.0,,,not applicable -- original-scale benchmark,2025-04-14
129,2026-04-07,7,2026-04-14,M1,22.0,24.393732469120337,3.200171281998654,0.0686622167860446,exp(m + variance/2) - 1,
129,2026-04-07,7,2026-04-14,M2,22.0,24.384021753964113,3.1998416270203616,0.06855656851056985,exp(m + variance/2) - 1,
129,2026-04-07,7,2026-04-14,M3,22.0,24.164624380284973,3.191335362937208,0.06820770180906549,exp(m + variance/2) - 1,
129,2026-04-07,7,2026-04-14,M4,22.0,24.466629832007285,3.2029663323839075,0.0688052574645268,exp(m + variance/2) - 1,
129,2026-04-07,7,2026-04-14,M5,22.0,24.23338560093592,3.194050001443428,0.06823588340204989,exp(m + variance/2) - 1,
130,2026-04-08,7,2026-04-15,M0,24.0,37.0,,,not applicable -- original-scale benchmark,2025-04-15
130,2026-04-08,7,2026-04-15,M1,24.0,24.374677578020215,3.1994470790055964,0.06860930398142373,exp(m + variance/2) - 1,
130,2026-04-08,7,2026-04-15,M2,24.0,24.36827586286684,3.1992494889349685,0.06849984536965165,exp(m + variance/2) - 1,
130,2026-04-08,7,2026-04-15,M3,24.0,24.060749616986232,3.187227258146116,0.06815120752588344,exp(m + variance/2) - 1,
130,2026-04-08,7,2026-04-15,M4,24.0,24.438493948725807,3.2018886727526117,0.06874972767642076,exp(m + variance/2) - 1,
130,2026-04-08,7,2026-04-15,M5,24.0,24.132565419332906,3.190074539411266,0.0681797857206391,exp(m + variance/2) - 1,
131,2026-04-09,7,2026-04-16,M0,25.0,26.0,,,not applicable -- original-scale benchmark,2025-04-16
131,2026-04-09,7,2026-04-16,M1,25.0,24.174066090905058,3.1915469738455715,0.06853473476793352,exp(m + variance/2) - 1,
131,2026-04-09,7,2026-04-16,M2,25.0,24.169425018119494,3.191412257200905,0.0684354154978809,exp(m + variance/2) - 1,
131,2026-04-09,7,2026-04-16,M3,25.0,23.866686950923548,3.179486561271702,0.06808494598071388,exp(m + variance/2) - 1,
131,2026-04-09,7,2026-04-16,M4,25.0,24.22799120229321,3.1936137576146844,0.06868076491757266,exp(m + variance/2) - 1,
131,2026-04-09,7,2026-04-16,M5,25.0,23.93223606521281,3.182104432632233,0.06811430926400973,exp(m + variance/2) - 1,
132,2026-04-10,7,2026-04-17,M0,20.0,45.0,,,not applicable -- original-scale benchmark,2025-04-17
132,2026-04-10,7,2026-04-17,M1,20.0,23.674375283128676,3.171530933104151,0.06846866817711603,exp(m + variance/2) - 1,
132,2026-04-10,7,2026-04-17,M2,20.0,23.671058653453546,3.1714484876206335,0.06836470916833494,exp(m + variance/2) - 1,
132,2026-04-10,7,2026-04-17,M3,20.0,24.050318749155117,3.186879536209019,0.06801403151613764,exp(m + variance/2) - 1,
132,2026-04-10,7,2026-04-17,M4,20.0,23.71744789442128,3.173202251425151,0.06861427063546273,exp(m + variance/2) - 1,
132,2026-04-10,7,2026-04-17,M5,20.0,24.079403545009907,3.1880254731621216,0.06804292044581207,exp(m + variance/2) - 1,
133,2026-04-11,7,2026-04-18,M0,13.0,28.0,,,not applicable -- original-scale benchmark,2025-04-18
133,2026-04-11,7,2026-04-18,M1,13.0,23.984396277686002,3.1840405715313183,0.06842181916463251,exp(m + variance/2) - 1,
133,2026-04-11,7,2026-04-18,M2,13.0,23.98255540848276,3.18401914432651,0.0683173066333448,exp(m + variance/2) - 1,
133,2026-04-11,7,2026-04-18,M3,13.0,24.249793628058892,3.1948333634646424,0.06796923815428685,exp(m + variance/2) - 1,
133,2026-04-11,7,2026-04-18,M4,13.0,24.028375067041004,3.1857281966389825,0.06856397456456415,exp(m + variance/2) - 1,
133,2026-04-11,7,2026-04-18,M5,13.0,24.282526168833996,3.1961166918261066,0.06799360004951936,exp(m + variance/2) - 1,
134,2026-04-12,7,2026-04-19,M0,34.0,25.0,,,not applicable -- original-scale benchmark,2025-04-19
134,2026-04-12,7,2026-04-19,M1,34.0,23.09570832691637,3.147853801744208,0.0683598903467375,exp(m + variance/2) - 1,
134,2026-04-12,7,2026-04-19,M2,34.0,23.095250573227638,3.1478870207694785,0.06825545731131206,exp(m + variance/2) - 1,
134,2026-04-12,7,2026-04-19,M3,34.0,23.342544833270296,3.15827214924321,0.06790697279042747,exp(m + variance/2) - 1,
134,2026-04-12,7,2026-04-19,M4,34.0,23.125224234927742,3.1490058021644707,0.06850427945882887,exp(m + variance/2) - 1,
134,2026-04-12,7,2026-04-19,M5,34.0,23.366860207927967,3.1592577800677963,0.0679324817162063,exp(m + variance/2) - 1,
135,2026-04-13,7,2026-04-20,M0,28.0,24.0,,,not applicable -- original-scale benchmark,2025-04-20
135,2026-04-13,7,2026-04-20,M1,28.0,23.999307672372186,3.1846684494955104,0.06835936376823352,exp(m + variance/2) - 1,
135,2026-04-13,7,2026-04-20,M2,28.0,23.99978387761576,3.1847393637230508,0.06825563242482559,exp(m + variance/2) - 1,
135,2026-04-13,7,2026-04-20,M3,28.0,24.226961644863355,3.193958260086167,0.06791013806263188,exp(m + variance/2) - 1,
135,2026-04-13,7,2026-04-20,M4,28.0,24.03030164928593,3.1858342588614943,0.06850579603839091,exp(m + variance/2) - 1,
135,2026-04-13,7,2026-04-20,M5,28.0,24.25022754678604,3.1948635495876214,0.06794323569408893,exp(m + variance/2) - 1,
136,2026-04-14,7,2026-04-21,M0,20.0,32.0,,,not applicable -- original-scale benchmark,2025-04-21
136,2026-04-14,7,2026-04-21,M1,20.0,23.245100657833333,3.1540741944901574,0.06828073550609445,exp(m + variance/2) - 1,
136,2026-04-14,7,2026-04-21,M2,20.0,23.246888132946445,3.154198808324133,0.06817895282099495,exp(m + variance/2) - 1,
136,2026-04-14,7,2026-04-21,M3,20.0,23.348130484602436,3.1585405853052757,0.06782896892558236,exp(m + variance/2) - 1,
136,2026-04-14,7,2026-04-21,M4,20.0,23.246938246566263,3.154076834061667,0.06842703495414544,exp(m + variance/2) - 1,
136,2026-04-14,7,2026-04-21,M5,20.0,23.357829374036143,3.1589221473180666,0.06786237079457673,exp(m + variance/2) - 1,
137,2026-04-15,7,2026-04-22,M0,28.0,29.0,,,not applicable -- original-scale benchmark,2025-04-22
137,2026-04-15,7,2026-04-22,M1,28.0,23.1682526955529,3.1509315532171356,0.0682166932068179,exp(m + variance/2) - 1,
137,2026-04-15,7,2026-04-22,M2,28.0,23.17044111999979,3.151073988481517,0.0681129135827232,exp(m + variance/2) - 1,
137,2026-04-15,7,2026-04-22,M3,28.0,23.18466383245254,3.1518348998711643,0.06776761294121608,exp(m + variance/2) - 1,
137,2026-04-15,7,2026-04-22,M4,28.0,23.15453741304907,3.150291706206214,0.06836108168514422,exp(m + variance/2) - 1,
137,2026-04-15,7,2026-04-22,M5,28.0,23.183398381605627,3.151766917746418,0.06779892541933162,exp(m + variance/2) - 1,
138,2026-04-16,7,2026-04-23,M0,29.0,27.0,,,not applicable -- original-scale benchmark,2025-04-23
138,2026-04-16,7,2026-04-23,M1,29.0,23.208894157358806,3.152641740245415,0.06815670511849645,exp(m + variance/2) - 1,
138,2026-04-16,7,2026-04-23,M2,29.0,23.21175590857711,3.1528119515269384,0.06805269005660822,exp(m + variance/2) - 1,
138,2026-04-16,7,2026-04-23,M3,29.0,23.176219628005885,3.151515327443488,0.06770832518506516,exp(m + variance/2) - 1,
138,2026-04-16,7,2026-04-23,M4,29.0,23.183682894293785,3.151527340946278,0.06830160846820733,exp(m + variance/2) - 1,
138,2026-04-16,7,2026-04-23,M5,29.0,23.165953110546113,3.1510713778349446,0.06774673692299896,exp(m + variance/2) - 1,
139,2026-04-17,7,2026-04-24,M0,16.0,39.0,,,not applicable -- original-scale benchmark,2025-04-24
139,2026-04-17,7,2026-04-24,M1,16.0,22.32457921652625,3.115454539473534,0.06810633415367878,exp(m + variance/2) - 1,
139,2026-04-17,7,2026-04-24,M2,16.0,22.327753025614005,3.1156429939411794,0.06800154958517718,exp(m + variance/2) - 1,
139,2026-04-17,7,2026-04-24,M3,16.0,22.36303769475569,3.1173267382719536,0.06765689907344666,exp(m + variance/2) - 1,
139,2026-04-17,7,2026-04-24,M4,16.0,22.2805160051687,3.1134896190552803,0.06825433746557935,exp(m + variance/2) - 1,
139,2026-04-17,7,2026-04-24,M5,16.0,22.333605261073462,3.116046442125767,0.0676963304671599,exp(m + variance/2) - 1,
140,2026-04-18,7,2026-04-25,M0,27.0,29.0,,,not applicable -- original-scale benchmark,2025-04-25
140,2026-04-18,7,2026-04-25,M1,27.0,20.131338911422198,3.01656679885999,0.06838079237018092,exp(m + variance/2) - 1,
140,2026-04-18,7,2026-04-25,M2,27.0,20.133366278249508,3.016714283965635,0.06827769543185142,exp(m + variance/2) - 1,
140,2026-04-18,7,2026-04-25,M3,27.0,20.375582230839285,3.0282751461227617,0.06794821439753043,exp(m + variance/2) - 1,
140,2026-04-18,7,2026-04-25,M4,27.0,20.065470727730176,3.013368945850017,0.06853259153987117,exp(m + variance/2) - 1,
140,2026-04-18,7,2026-04-25,M5,27.0,20.311837919265766,3.025272025435413,0.067981327508179,exp(m + variance/2) - 1,
141,2026-04-19,7,2026-04-26,M0,22.0,13.0,,,not applicable -- original-scale benchmark,2025-04-26
141,2026-04-19,7,2026-04-26,M1,22.0,22.08383591084253,3.1049255494926573,0.06841415796107035,exp(m + variance/2) - 1,
141,2026-04-19,7,2026-04-26,M2,22.0,22.086794659891783,3.1051084089327117,0.06830477078072214,exp(m + variance/2) - 1,
141,2026-04-19,7,2026-04-26,M3,22.0,22.27485273885958,3.113385599727531,0.06797579281265795,exp(m + variance/2) - 1,
141,2026-04-19,7,2026-04-26,M4,22.0,22.034218327318644,3.102702504033799,0.06855671929688842,exp(m + variance/2) - 1,
141,2026-04-19,7,2026-04-26,M5,22.0,22.220344886901863,3.1110255371650277,0.06800658400965776,exp(m + variance/2) - 1,
142,2026-04-20,7,2026-04-27,M0,28.0,37.0,,,not applicable -- original-scale benchmark,2025-04-27
142,2026-04-20,7,2026-04-27,M1,28.0,22.55593804974389,3.1251755954851377,0.06840467935929323,exp(m + variance/2) - 1,
142,2026-04-20,7,2026-04-27,M2,28.0,22.56012280410811,3.125406205543049,0.06829873125045816,exp(m + variance/2) - 1,
142,2026-04-20,7,2026-04-27,M3,28.0,22.69656505356739,3.1313477124534352,0.06796478147000917,exp(m + variance/2) - 1,
142,2026-04-20,7,2026-04-27,M4,28.0,22.563010808621954,3.1254060147351366,0.0685442582372333,exp(m + variance/2) - 1,
142,2026-04-20,7,2026-04-27,M5,28.0,22.70502735951856,3.131684540337072,0.0680052203658294,exp(m + variance/2) - 1,
143,2026-04-21,7,2026-04-28,M0,27.0,24.0,,,not applicable -- original-scale benchmark,2025-04-28
143,2026-04-21,7,2026-04-28,M1,27.0,21.77969525150231,3.0917005113229887,0.06833813741877136,exp(m + variance/2) - 1,
143,2026-04-21,7,2026-04-28,M2,27.0,22.885724137839603,3.1391646038569068,0.06823272041531463,exp(m + variance/2) - 1,
143,2026-04-21,7,2026-04-28,M3,27.0,21.736941067021657,3.0900405887957296,0.06790074551443437,exp(m + variance/2) - 1,
143,2026-04-21,7,2026-04-28,M4,27.0,21.770943762003533,3.0912455492562922,0.06847955513416518,exp(m + variance/2) - 1,
143,2026-04-21,7,2026-04-28,M5,27.0,22.989812410333837,3.1436664534931613,0.06792560766731351,exp(m + variance/2) - 1,
144,2026-04-22,7,2026-04-29,M0,19.0,27.0,,,not applicable -- original-scale benchmark,2025-04-29
144,2026-04-22,7,2026-04-29,M1,19.0,22.599629827773608,3.1270601929994877,0.06834166729046298,exp(m + variance/2) - 1,
144,2026-04-22,7,2026-04-29,M2,19.0,23.74591159891905,3.1745417917315226,0.06823699143137332,exp(m + variance/2) - 1,
144,2026-04-22,7,2026-04-29,M3,19.0,22.424237045461247,3.1198182359273754,0.06790604313797541,exp(m + variance/2) - 1,
144,2026-04-22,7,2026-04-29,M4,19.0,22.59624805474178,3.126846392344115,0.06848265263478534,exp(m + variance/2) - 1,
144,2026-04-22,7,2026-04-29,M5,19.0,23.7209306069836,3.173685530379938,0.06792949482907665,exp(m + variance/2) - 1,
145,2026-04-23,7,2026-04-30,M0,12.0,24.0,,,not applicable -- original-scale benchmark,2025-04-30
145,2026-04-23,7,2026-04-30,M1,12.0,23.278971545276267,3.1554234374933343,0.06837433939707645,exp(m + variance/2) - 1,
145,2026-04-23,7,2026-04-30,M2,12.0,24.46062492606124,3.202999002429843,0.06826827161029025,exp(m + variance/2) - 1,
145,2026-04-23,7,2026-04-30,M3,12.0,23.190489272766772,3.1519881664666842,0.0679427683831588,exp(m + variance/2) - 1,
145,2026-04-23,7,2026-04-30,M4,12.0,23.278084861443904,3.1553169326634913,0.06851430642213184,exp(m + variance/2) - 1,
145,2026-04-23,7,2026-04-30,M5,12.0,24.530013449071202,3.205871574943432,0.06796636620924025,exp(m + variance/2) - 1,
146,2026-04-24,7,2026-05-01,M0,14.0,33.0,,,not applicable -- original-scale benchmark,2025-05-01
146,2026-04-24,7,2026-05-01,M1,14.0,21.490078034756742,3.078895620103199,0.068357231231058,exp(m + variance/2) - 1,
146,2026-04-24,7,2026-05-01,M2,14.0,22.581766557770695,3.1263473437429052,0.06825293238495746,exp(m + variance/2) - 1,
146,2026-04-24,7,2026-05-01,M3,14.0,21.637549784725394,3.0856458045607837,0.067928435722291,exp(m + variance/2) - 1,
146,2026-04-24,7,2026-05-01,M4,14.0,21.464589184504785,3.077690393260377,0.06849972436355137,exp(m + variance/2) - 1,
146,2026-04-24,7,2026-05-01,M5,14.0,22.860833495286027,3.1382637113293663,0.06794927494972867,exp(m + variance/2) - 1,
147,2026-04-25,7,2026-05-02,M0,25.0,26.0,,,not applicable -- original-scale benchmark,2025-05-02
147,2026-04-25,7,2026-05-02,M1,25.0,22.317819304345935,3.1150475607656016,0.0683405690473736,exp(m + variance/2) - 1,
147,2026-04-25,7,2026-05-02,M2,25.0,23.45037596818667,3.162527674434876,0.06823583677945945,exp(m + variance/2) - 1,
147,2026-04-25,7,2026-05-02,M3,25.0,22.20436812027094,3.1103881003663427,0.06790488325886207,exp(m + variance/2) - 1,
147,2026-04-25,7,2026-05-02,M4,25.0,22.30085188027831,3.114250523464734,0.06847879564781005,exp(m + variance/2) - 1,
147,2026-04-25,7,2026-05-02,M5,25.0,23.473272591682804,3.1636179376983273,0.06792733949336878,exp(m + variance/2) - 1,
148,2026-04-26,7,2026-05-03,M0,20.0,17.0,,,not applicable -- original-scale benchmark,2025-05-03
148,2026-04-26,7,2026-05-03,M1,20.0,21.94226745168971,3.098848119837069,0.0682656593723006,exp(m + variance/2) - 1,
148,2026-04-26,7,2026-05-03,M2,20.0,23.056786462195834,3.1463362246219284,0.06816182700889677,exp(m + variance/2) - 1,
148,2026-04-26,7,2026-05-03,M3,20.0,21.78504003729929,3.092189725308882,0.06782891316671338,exp(m + variance/2) - 1,
148,2026-04-26,7,2026-05-03,M4,20.0,21.918883512319024,3.0977589790245266,0.06840439851704025,exp(m + variance/2) - 1,
148,2026-04-26,7,2026-05-03,M5,20.0,23.03007602220601,3.1453791493665935,0.06785412802830074,exp(m + variance/2) - 1,
149,2026-04-27,7,2026-05-04,M0,20.0,25.0,,,not applicable -- original-scale benchmark,2025-05-04
149,2026-04-27,7,2026-05-04,M1,20.0,22.717155853308995,3.1320587289458213,0.06827986598137403,exp(m + variance/2) - 1,
149,2026-04-27,7,2026-05-04,M2,20.0,23.870660350192445,3.1796011808115527,0.06817525745953247,exp(m + variance/2) - 1,
149,2026-04-27,7,2026-05-04,M3,20.0,22.500014336548812,3.1230813794052863,0.06783930362109582,exp(m + variance/2) - 1,
149,2026-04-27,7,2026-05-04,M4,20.0,22.810243501775194,3.1359061970047115,0.0684193806235733,exp(m + variance/2) - 1,
149,2026-04-27,7,2026-05-04,M5,20.0,23.89663521908999,3.180801580366216,0.06786216441974449,exp(m + variance/2) - 1,
150,2026-04-28,7,2026-05-05,M0,25.0,23.0,,,not applicable -- original-scale benchmark,2025-05-05
150,2026-04-28,7,2026-05-05,M1,25.0,23.11159547190339,3.148555780760037,0.06827416787776427,exp(m + variance/2) - 1,
150,2026-04-28,7,2026-05-05,M2,25.0,24.11740801386489,3.1894883882125815,0.06814552780426991,exp(m + variance/2) - 1,
150,2026-04-28,7,2026-05-05,M3,25.0,22.410860087623977,3.119282872629027,0.0678342967586469,exp(m + variance/2) - 1,
150,2026-04-28,7,2026-05-05,M4,25.0,23.19981345144686,3.15213838220947,0.06841308461112139,exp(m + variance/2) - 1,
150,2026-04-28,7,2026-05-05,M5,25.0,23.629862713283725,3.1700429466122193,0.06783338308276911,exp(m + variance/2) - 1,
151,2026-04-29,7,2026-05-06,M0,21.0,17.0,,,not applicable -- original-scale benchmark,2025-05-06
151,2026-04-29,7,2026-05-06,M1,21.0,22.064939676873053,3.1042163133401255,0.06819477662560883,exp(m + variance/2) - 1,
151,2026-04-29,7,2026-05-06,M2,21.0,22.805293074949777,3.135871856264439,0.06807219558666078,exp(m + variance/2) - 1,
151,2026-04-29,7,2026-05-06,M3,21.0,21.452519084228644,3.0775254792765914,0.06775467453672421,exp(m + variance/2) - 1,
151,2026-04-29,7,2026-05-06,M4,21.0,22.12836499835325,3.106892148368035,0.06833527577340529,exp(m + variance/2) - 1,
151,2026-04-29,7,2026-05-06,M5,21.0,22.364405169610585,3.117332024767781,0.06776338575991302,exp(m + variance/2) - 1,
152,2026-04-30,7,2026-05-07,M0,16.0,24.0,,,not applicable -- original-scale benchmark,2025-05-07
152,2026-04-30,7,2026-05-07,M1,16.0,19.748264301188385,2.9982296176371324,0.06846595481075048,exp(m + variance/2) - 1,
152,2026-04-30,7,2026-05-07,M2,16.0,20.19986769984678,3.019792833121866,0.06840421592672678,exp(m + variance/2) - 1,
152,2026-04-30,7,2026-05-07,M3,16.0,19.12651719255827,2.9680250463116904,0.06802632520294144,exp(m + variance/2) - 1,
152,2026-04-30,7,2026-05-07,M4,16.0,19.777066193934104,2.9995438323706223,0.06861191842105213,exp(m + variance/2) - 1,
152,2026-04-30,7,2026-05-07,M5,16.0,19.697849058419862,2.99598550096821,0.06808856736561912,exp(m + variance/2) - 1,
153,2026-05-01,7,2026-05-08,M0,19.0,21.0,,,not applicable -- original-scale benchmark,2025-05-08
153,2026-05-01,7,2026-05-08,M1,19.0,18.62494215318834,2.942501631190204,0.06859936973137261,exp(m + variance/2) - 1,
153,2026-05-01,7,2026-05-08,M2,19.0,18.948353629796802,2.9588687299846654,0.06855577024726207,exp(m + variance/2) - 1,
153,2026-05-01,7,2026-05-08,M3,19.0,18.039144293011965,2.9124176249394242,0.06815892163987414,exp(m + variance/2) - 1,
153,2026-05-01,7,2026-05-08,M4,19.0,18.639526819600356,2.9431723825836427,0.06874365472814109,exp(m + variance/2) - 1,
153,2026-05-01,7,2026-05-08,M5,19.0,18.453093508194314,2.933874438829383,0.06826333570513685,exp(m + variance/2) - 1,
154,2026-05-02,7,2026-05-09,M0,17.0,17.0,,,not applicable -- original-scale benchmark,2025-05-09
154,2026-05-02,7,2026-05-09,M1,17.0,19.547619333766125,2.988494043570446,0.06850208631131728,exp(m + variance/2) - 1,
154,2026-05-02,7,2026-05-09,M2,17.0,19.861529303580408,3.0036837381074126,0.06844604301905995,exp(m + variance/2) - 1,
154,2026-05-02,7,2026-05-09,M3,17.0,18.952105213923353,2.9593011208928814,0.06806708276621636,exp(m + variance/2) - 1,
154,2026-05-02,7,2026-05-09,M4,17.0,19.57677576166163,2.989842567654729,0.06864096389563504,exp(m + variance/2) - 1,
154,2026-05-02,7,2026-05-09,M5,17.0,19.35888209330094,2.9794431153636407,0.06814833560488341,exp(m + variance/2) - 1,
155,2026-05-03,7,2026-05-10,M0,20.0,16.0,,,not applicable -- original-scale benchmark,2025-05-10
155,2026-05-03,7,2026-05-10,M1,20.0,19.337851375489304,2.9782640866206647,0.06843932599319402,exp(m + variance/2) - 1,
155,2026-05-03,7,2026-05-10,M2,20.0,19.596127462553103,2.990909061306414,0.06838801912519796,exp(m + variance/2) - 1,
155,2026-05-03,7,2026-05-10,M3,20.0,18.740384568511796,2.9486634651307138,0.06800610074476784,exp(m + variance/2) - 1,
155,2026-05-03,7,2026-05-10,M4,20.0,19.363119291154636,2.979437637141296,0.06857549928152896,exp(m + variance/2) - 1,
155,2026-05-03,7,2026-05-10,M5,20.0,19.085076723044867,2.9659342366419947,0.06808570215909739,exp(m + variance/2) - 1,
156,2026-05-04,7,2026-05-11,M0,22.0,17.0,,,not applicable -- original-scale benchmark,2025-05-11
156,2026-05-04,7,2026-05-11,M1,22.0,19.289394719317777,2.9759133641138003,0.06836991560254216,exp(m + variance/2) - 1,
156,2026-05-04,7,2026-05-11,M2,22.0,19.506571890983086,2.9865863144219067,0.06831820079121408,exp(m + variance/2) - 1,
156,2026-05-04,7,2026-05-11,M3,22.0,18.687259014296032,2.9460043425086666,0.06793466691715125,exp(m + variance/2) - 1,
156,2026-05-04,7,2026-05-11,M4,22.0,19.39753514589272,2.981160110358717,0.0685079140193068,exp(m + variance/2) - 1,
156,2026-05-04,7,2026-05-11,M5,22.0,19.056132540628468,2.9645267948326772,0.0680163490580497,exp(m + variance/2) - 1,
157,2026-05-05,7,2026-05-12,M0,18.0,20.0,,,not applicable -- original-scale benchmark,2025-05-12
157,2026-05-05,7,2026-05-12,M1,18.0,20.00812181857747,3.0107345337974185,0.06834916484366399,exp(m + variance/2) - 1,
157,2026-05-05,7,2026-05-12,M2,18.0,20.20566181386215,3.020127198417273,0.06828202859268856,exp(m + variance/2) - 1,
157,2026-05-05,7,2026-05-12,M3,18.0,19.5562879668438,2.9892049600954964,0.0679238356625497,exp(m + variance/2) - 1,
157,2026-05-05,7,2026-05-12,M4,18.0,20.116414955427977,3.015806701886989,0.06848799222783375,exp(m + variance/2) - 1,
157,2026-05-05,7,2026-05-12,M5,18.0,19.90004457287993,3.0057527859293804,0.06799701142558343,exp(m + variance/2) - 1,
158,2026-05-06,7,2026-05-13,M0,13.0,20.0,,,not applicable -- original-scale benchmark,2025-05-13
158,2026-05-06,7,2026-05-13,M1,13.0,19.921253185974237,3.0066232902364467,0.0682845017867539,exp(m + variance/2) - 1,
158,2026-05-06,7,2026-05-13,M2,13.0,20.086523918715223,3.014526048773142,0.06821622165960724,exp(m + variance/2) - 1,
158,2026-05-06,7,2026-05-13,M3,13.0,19.599308436154658,2.9913244202658253,0.06786616781147226,exp(m + variance/2) - 1,
158,2026-05-06,7,2026-05-13,M4,13.0,20.0152130398893,3.011034936054331,0.06842333973383113,exp(m + variance/2) - 1,
158,2026-05-06,7,2026-05-13,M5,13.0,19.89095796900299,3.0053525746824192,0.06792771522720847,exp(m + variance/2) - 1,
159,2026-05-07,7,2026-05-14,M0,17.0,15.0,,,not applicable -- original-scale benchmark,2025-05-14
159,2026-05-07,7,2026-05-14,M1,17.0,19.018105846514633,2.962507430329849,0.06825945203984071,exp(m + variance/2) - 1,
159,2026-05-07,7,2026-05-14,M2,17.0,18.43647522334313,2.9330497107748084,0.06820351229232285,exp(m + variance/2) - 1,
159,2026-05-07,7,2026-05-14,M3,17.0,18.912304449257345,2.957423161469251,0.06782938643373174,exp(m + variance/2) - 1,
159,2026-05-07,7,2026-05-14,M4,17.0,19.087721160858123,2.965909441271734,0.06839859921198581,exp(m + variance/2) - 1,
159,2026-05-07,7,2026-05-14,M5,17.0,18.305035632945817,2.9264124234842357,0.06790710403739936,exp(m + variance/2) - 1,
160,2026-05-08,7,2026-05-15,M0,17.0,25.0,,,not applicable -- original-scale benchmark,2025-05-15
160,2026-05-08,7,2026-05-15,M1,17.0,18.94386597465739,2.958825652400681,0.0681919474292638,exp(m + variance/2) - 1,
160,2026-05-08,7,2026-05-15,M2,17.0,18.34385001004007,2.9283062100671096,0.06813665990372421,exp(m + variance/2) - 1,
160,2026-05-08,7,2026-05-15,M3,17.0,18.74030319178517,2.9487805241494462,0.0677637379951418,exp(m + variance/2) - 1,
160,2026-05-08,7,2026-05-15,M4,17.0,19.006339068770078,2.961883927245427,0.06833049905587621,exp(m + variance/2) - 1,
160,2026-05-08,7,2026-05-15,M5,17.0,18.108531075804642,2.916220165790925,0.06782944545061435,exp(m + variance/2) - 1,
161,2026-05-09,7,2026-05-16,M0,14.0,17.0,,,not applicable -- original-scale benchmark,2025-05-16
161,2026-05-09,7,2026-05-16,M1,14.0,18.440668348222747,2.933296837144497,0.06814068269885216,exp(m + variance/2) - 1,
161,2026-05-09,7,2026-05-16,M2,14.0,17.84498021587475,2.90219683650536,0.06809948075800129,exp(m + variance/2) - 1,
161,2026-05-09,7,2026-05-16,M3,14.0,18.22876090722411,2.922552735940466,0.06770877236482048,exp(m + variance/2) - 1,
161,2026-05-09,7,2026-05-16,M4,14.0,18.490557126933666,2.9357874861273094,0.06828522450941071,exp(m + variance/2) - 1,
161,2026-05-09,7,2026-05-16,M5,14.0,17.593299216763093,2.88890318529893,0.06779614669749931,exp(m + variance/2) - 1,
162,2026-05-10,7,2026-05-17,M0,13.0,25.0,,,not applicable -- original-scale benchmark,2025-05-17
162,2026-05-10,7,2026-05-17,M1,13.0,18.602790365451835,2.9416330104668504,0.0680778224417605,exp(m + variance/2) - 1,
162,2026-05-10,7,2026-05-17,M2,13.0,17.98447767828457,2.9096096712503177,0.06802401943621841,exp(m + variance/2) - 1,
162,2026-05-10,7,2026-05-17,M3,13.0,18.408005821332118,2.9318622927254854,0.06764671884228289,exp(m + variance/2) - 1,
162,2026-05-10,7,2026-05-17,M4,13.0,18.651778191607807,2.944060285276695,0.0682150843118098,exp(m + variance/2) - 1,
162,2026-05-10,7,2026-05-17,M5,13.0,17.744138109432363,2.8970188099519865,0.06772451884115621,exp(m + variance/2) - 1,
163,2026-05-11,7,2026-05-18,M0,12.0,26.0,,,not applicable -- original-scale benchmark,2025-05-18
163,2026-05-11,7,2026-05-18,M1,12.0,18.987259433074062,2.961078340334735,0.06803340376838177,exp(m + variance/2) - 1,
163,2026-05-11,7,2026-05-18,M2,12.0,18.339551485614177,2.9281647169248752,0.06797516361661093,exp(m + variance/2) - 1,
163,2026-05-11,7,2026-05-18,M3,12.0,18.80362835413108,2.9520583441130337,0.06761365401565517,exp(m + variance/2) - 1,
163,2026-05-11,7,2026-05-18,M4,12.0,19.042409800359145,2.9637626991432784,0.06817563872582243,exp(m + variance/2) - 1,
163,2026-05-11,7,2026-05-18,M5,12.0,18.1107822613573,2.9164049095471247,0.06769556505500542,exp(m + variance/2) - 1,
164,2026-05-12,7,2026-05-19,M0,18.0,17.0,,,not applicable -- original-scale benchmark,2025-05-19
164,2026-05-12,7,2026-05-19,M1,18.0,18.62664914546944,2.942903338484762,0.06796990908661465,exp(m + variance/2) - 1,
164,2026-05-12,7,2026-05-19,M2,18.0,17.982753246739087,2.9095745707518654,0.06791254465591638,exp(m + variance/2) - 1,
164,2026-05-12,7,2026-05-19,M3,18.0,18.448373915498937,2.933990355018179,0.06754621647014819,exp(m + variance/2) - 1,
164,2026-05-12,7,2026-05-19,M4,18.0,18.66087341434073,2.9445768228087674,0.06810743376355505,exp(m + variance/2) - 1,
164,2026-05-12,7,2026-05-19,M5,18.0,17.74223692779701,2.896968963913327,0.06762134450259992,exp(m + variance/2) - 1,
165,2026-05-13,7,2026-05-20,M0,21.0,21.0,,,not applicable -- original-scale benchmark,2025-05-20
165,2026-05-13,7,2026-05-20,M1,21.0,17.40840109785349,2.878788521547982,0.06803724054093192,exp(m + variance/2) - 1,
165,2026-05-13,7,2026-05-20,M2,21.0,16.80467386254599,2.8454653416326456,0.06799131549146586,exp(m + variance/2) - 1,
165,2026-05-13,7,2026-05-20,M3,21.0,17.20197014139013,2.867729158255729,0.0676013589907872,exp(m + variance/2) - 1,
165,2026-05-13,7,2026-05-20,M4,21.0,17.415552815079415,2.879108417716432,0.06817430311024297,exp(m + variance/2) - 1,
165,2026-05-13,7,2026-05-20,M5,21.0,16.52316471993233,2.8296810642389003,0.06768527931239222,exp(m + variance/2) - 1,
166,2026-05-14,7,2026-05-21,M0,23.0,19.0,,,not applicable -- original-scale benchmark,2025-05-21
166,2026-05-14,7,2026-05-21,M1,23.0,17.33196669675844,2.87466137986274,0.06796994021983384,exp(m + variance/2) - 1,
166,2026-05-14,7,2026-05-21,M2,23.0,16.846446836070673,2.8478468610478194,0.06791514112126071,exp(m + variance/2) - 1,
166,2026-05-14,7,2026-05-21,M3,23.0,17.10869617964534,2.862625327935702,0.06753389374023869,exp(m + variance/2) - 1,
166,2026-05-14,7,2026-05-21,M4,23.0,17.330280635026607,2.8745003698599847,0.06810800404636239,exp(m + variance/2) - 1,
166,2026-05-14,7,2026-05-21,M5,23.0,16.554388588118066,2.831497556987201,0.06761284733082491,exp(m + variance/2) - 1,
167,2026-05-15,7,2026-05-22,M0,22.0,22.0,,,not applicable -- original-scale benchmark,2025-05-22
167,2026-05-15,7,2026-05-22,M1,22.0,17.15600980049026,2.8650466943518724,0.06790986007134453,exp(m + variance/2) - 1,
167,2026-05-15,7,2026-05-22,M2,22.0,16.74769165230089,2.8423304808199,0.06784995777377141,exp(m + variance/2) - 1,
167,2026-05-15,7,2026-05-22,M3,22.0,16.813940141967976,2.8462448531328457,0.067472903406455,exp(m + variance/2) - 1,
167,2026-05-15,7,2026-05-22,M4,22.0,17.146375161771974,2.8644457293748595,0.0680501915706665,exp(m + variance/2) - 1,
167,2026-05-15,7,2026-05-22,M5,22.0,16.351380805360353,2.819899527564072,0.06754512197083143,exp(m + variance/2) - 1,
168,2026-05-16,7,2026-05-23,M0,20.0,22.0,,,not applicable -- original-scale benchmark,2025-05-23
168,2026-05-16,7,2026-05-23,M1,20.0,16.461012842492586,2.8260120169492424,0.06791708217260316,exp(m + variance/2) - 1,
168,2026-05-16,7,2026-05-23,M2,20.0,16.107543734788738,2.8055968209623305,0.06784539869528756,exp(m + variance/2) - 1,
168,2026-05-16,7,2026-05-23,M3,20.0,16.10112949369438,2.8054074850144985,0.06747405715118078,exp(m + variance/2) - 1,
168,2026-05-16,7,2026-05-23,M4,20.0,16.439438491558025,2.824707407701601,0.06805362735187169,exp(m + variance/2) - 1,
168,2026-05-16,7,2026-05-23,M5,20.0,15.698279571203692,2.781539181233588,0.067533026387654,exp(m + variance/2) - 1,
169,2026-05-17,7,2026-05-24,M0,23.0,10.0,,,not applicable -- original-scale benchmark,2025-05-24
169,2026-05-17,7,2026-05-24,M1,23.0,15.75720228248954,2.7848482935301573,0.06795971867458796,exp(m + variance/2) - 1,
169,2026-05-17,7,2026-05-24,M2,23.0,15.454942497256905,2.766689599214652,0.06787257725846789,exp(m + variance/2) - 1,
169,2026-05-17,7,2026-05-24,M3,23.0,15.415819746325692,2.764491889701515,0.06750719772281734,exp(m + variance/2) - 1,
169,2026-05-17,7,2026-05-24,M4,23.0,15.726361788081235,2.782935433713272,0.06810118258640872,exp(m + variance/2) - 1,
169,2026-05-17,7,2026-05-24,M5,23.0,15.063325680479355,2.7427716715798436,0.06753418797324111,exp(m + variance/2) - 1,
170,2026-05-18,7,2026-05-25,M0,25.0,10.0,,,not applicable -- original-scale benchmark,2025-05-25
170,2026-05-18,7,2026-05-25,M1,25.0,14.989684981595373,2.7379207239783363,0.06804620342013783,exp(m + variance/2) - 1,
170,2026-05-18,7,2026-05-25,M2,25.0,14.734900477224517,2.7219121635319614,0.06793808406856712,exp(m + variance/2) - 1,
170,2026-05-18,7,2026-05-25,M3,25.0,14.669371132681626,2.717917963803959,0.0675799196604822,exp(m + variance/2) - 1,
170,2026-05-18,7,2026-05-25,M4,25.0,14.949886451923627,2.735355236277997,0.06819294785172599,exp(m + variance/2) - 1,
170,2026-05-18,7,2026-05-25,M5,25.0,14.36373290841404,2.698208050699946,0.06760335076924964,exp(m + variance/2) - 1,
171,2026-05-19,7,2026-05-26,M0,16.0,14.0,,,not applicable -- original-scale benchmark,2025-05-26
171,2026-05-19,7,2026-05-26,M1,16.0,15.46381945142959,2.767198021650984,0.06793438223317004,exp(m + variance/2) - 1,
171,2026-05-19,7,2026-05-26,M2,16.0,15.25130319003977,2.754262238314313,0.06782172711204199,exp(m + variance/2) - 1,
171,2026-05-19,7,2026-05-26,M3,16.0,15.258985439557204,2.754907591971596,0.06747622822031778,exp(m + variance/2) - 1,
171,2026-05-19,7,2026-05-26,M4,16.0,15.427074583397488,2.764893255008433,0.06807521566717892,exp(m + variance/2) - 1,
171,2026-05-19,7,2026-05-26,M5,16.0,14.994587135912614,2.738496767119636,0.0675071877539488,exp(m + variance/2) - 1,
172,2026-05-20,7,2026-05-27,M0,21.0,17.0,,,not applicable -- original-scale benchmark,2025-05-27
172,2026-05-20,7,2026-05-27,M1,21.0,16.16758235063107,2.8090722977253475,0.06790112133424578,exp(m + variance/2) - 1,
172,2026-05-20,7,2026-05-27,M2,21.0,15.98752988500517,2.7985675829787664,0.06782391146396846,exp(m + variance/2) - 1,
172,2026-05-20,7,2026-05-27,M3,21.0,15.866612508651006,2.791608117077397,0.06745591918642586,exp(m + variance/2) - 1,
172,2026-05-20,7,2026-05-27,M4,21.0,16.135275091371305,2.807120761049984,0.06803689700524754,exp(m + variance/2) - 1,
172,2026-05-20,7,2026-05-27,M5,21.0,15.648276784750621,2.7785560364969477,0.06750135632401591,exp(m + variance/2) - 1,
173,2026-05-21,7,2026-05-28,M0,24.0,14.0,,,not applicable -- original-scale benchmark,2025-05-28
173,2026-05-21,7,2026-05-28,M1,24.0,17.01776867652799,2.8573829803021327,0.06795087875833315,exp(m + variance/2) - 1,
173,2026-05-21,7,2026-05-28,M2,24.0,16.86691207352707,2.849009652632995,0.06788172427985155,exp(m + variance/2) - 1,
173,2026-05-21,7,2026-05-28,M3,24.0,16.8308005248148,2.8471682468179784,0.0675181633664693,exp(m + variance/2) - 1,
173,2026-05-21,7,2026-05-28,M4,24.0,16.990245705967272,2.8557850917154513,0.06808922814593989,exp(m + variance/2) - 1,
173,2026-05-21,7,2026-05-28,M5,24.0,16.64265829326453,2.836528011961924,0.06758344832033412,exp(m + variance/2) - 1,
174,2026-05-22,7,2026-05-29,M0,23.0,13.0,,,not applicable -- original-scale benchmark,2025-05-29
174,2026-05-22,7,2026-05-29,M1,23.0,17.60718658409034,2.8895551361144696,0.0679854909392523,exp(m + variance/2) - 1,
174,2026-05-22,7,2026-05-29,M2,23.0,17.48060962553644,2.8827566856058944,0.0679307369167356,exp(m + variance/2) - 1,
174,2026-05-22,7,2026-05-29,M3,23.0,17.326480764540822,2.874563003859921,0.06756809270601738,exp(m + variance/2) - 1,
174,2026-05-22,7,2026-05-29,M4,23.0,17.581110610427878,2.8880822872968173,0.06812643762835335,exp(m + variance/2) - 1,
174,2026-05-22,7,2026-05-29,M5,23.0,17.17482004625831,2.866212033335909,0.06765017773185152,exp(m + variance/2) - 1,
175,2026-05-23,7,2026-05-30,M0,26.0,14.0,,,not applicable -- original-scale benchmark,2025-05-30
175,2026-05-23,7,2026-05-30,M1,26.0,17.850227860031517,2.902541753061642,0.06796649764930011,exp(m + variance/2) - 1,
175,2026-05-23,7,2026-05-30,M2,26.0,17.745238747132955,2.896981568320355,0.06791643672651115,exp(m + variance/2) - 1,
175,2026-05-23,7,2026-05-30,M3,26.0,17.473670694263262,2.8825686612634933,0.06755570277219461,exp(m + variance/2) - 1,
175,2026-05-23,7,2026-05-30,M4,26.0,17.82191200473466,2.9009687906010555,0.06810586539257363,exp(m + variance/2) - 1,
175,2026-05-23,7,2026-05-30,M5,26.0,17.351250723151363,2.8758710826115457,0.06765329773219182,exp(m + variance/2) - 1,
176,2026-05-24,7,2026-05-31,M0,16.0,25.0,,,not applicable -- original-scale benchmark,2025-05-31
176,2026-05-24,7,2026-05-31,M1,16.0,18.558910932672187,2.9394112966905546,0.0680393761545607,exp(m + variance/2) - 1,
176,2026-05-24,7,2026-05-31,M2,16.0,18.473592785371796,2.9350571255672624,0.06800441217662896,exp(m + variance/2) - 1,
176,2026-05-24,7,2026-05-31,M3,16.0,18.190072839597327,2.920570501587131,0.06764520826246258,exp(m + variance/2) - 1,
176,2026-05-24,7,2026-05-31,M4,16.0,18.533385870379917,2.9380345677626343,0.06818105951699857,exp(m + variance/2) - 1,
176,2026-05-24,7,2026-05-31,M5,16.0,18.090786088939062,2.915328154525995,0.06775532082402491,exp(m + variance/2) - 1,
177,2026-05-25,7,2026-06-01,M0,34.0,15.0,,,not applicable -- original-scale benchmark,2025-06-01
177,2026-05-25,7,2026-06-01,M1,34.0,19.413525071174472,2.9821086247721302,0.06817810015968809,exp(m + variance/2) - 1,
177,2026-05-25,7,2026-06-01,M2,34.0,19.34564311848176,2.978789283043178,0.0681550171028159,exp(m + variance/2) - 1,
177,2026-05-25,7,2026-06-01,M3,34.0,19.048465654476203,2.964251753603381,0.06780174251929955,exp(m + variance/2) - 1,
177,2026-05-25,7,2026-06-01,M4,34.0,19.43877843169994,2.983273179393203,0.06832164108184359,exp(m + variance/2) - 1,
177,2026-05-25,7,2026-06-01,M5,34.0,19.015754705149607,2.9625537252425325,0.0679319469367234,exp(m + variance/2) - 1,
178,2026-05-26,7,2026-06-02,M0,24.0,15.0,,,not applicable -- original-scale benchmark,2025-06-02
178,2026-05-26,7,2026-06-02,M1,24.0,18.59907226830286,2.941460059218617,0.06804434529549395,exp(m + variance/2) - 1,
178,2026-05-26,7,2026-06-02,M2,24.0,18.542369275174867,2.9385769441725187,0.0680158953188444,exp(m + variance/2) - 1,
178,2026-05-26,7,2026-06-02,M3,24.0,18.247796914798265,2.9235645843469444,0.06766404770580303,exp(m + variance/2) - 1,
178,2026-05-26,7,2026-06-02,M4,24.0,18.60900049450575,2.941895991841017,0.06818535578933567,exp(m + variance/2) - 1,
178,2026-05-26,7,2026-06-02,M5,24.0,18.21704214535562,2.9219087280170064,0.06777753811930277,exp(m + variance/2) - 1,
179,2026-05-27,7,2026-06-03,M0,32.0,25.0,,,not applicable -- original-scale benchmark,2025-06-03
179,2026-05-27,7,2026-06-03,M1,32.0,19.03236284266273,2.9633277746459186,0.06804266651964357,exp(m + variance/2) - 1,
179,2026-05-27,7,2026-06-03,M2,32.0,18.98737392789009,2.961090834917846,0.0680198713492421,exp(m + variance/2) - 1,
179,2026-05-27,7,2026-06-03,M3,32.0,18.75108828195834,2.949373440769377,0.06767030388722428,exp(m + variance/2) - 1,
179,2026-05-27,7,2026-06-03,M4,32.0,19.044218836436823,2.9638487371475035,0.06818407538610236,exp(m + variance/2) - 1,
179,2026-05-27,7,2026-06-03,M5,32.0,18.727910025162696,2.9481383704652,0.06779203035614781,exp(m + variance/2) - 1,
180,2026-05-28,7,2026-06-04,M0,39.0,26.0,,,not applicable -- original-scale benchmark,2025-06-04
180,2026-05-28,7,2026-06-04,M1,39.0,19.72960901167543,2.9975053720749676,0.0681153864095195,exp(m + variance/2) - 1,
180,2026-05-28,7,2026-06-04,M2,39.0,19.69596289163724,2.9958877766198944,0.06810175048243812,exp(m + variance/2) - 1,
180,2026-05-28,7,2026-06-04,M3,39.0,19.269140088018617,2.9752250910259823,0.0677488912959935,exp(m + variance/2) - 1,
180,2026-05-28,7,2026-06-04,M4,39.0,19.746529759444993,2.998248255127146,0.06826147410926615,exp(m + variance/2) - 1,
180,2026-05-28,7,2026-06-04,M5,39.0,19.271036737783472,2.975253189774601,0.06787983158795656,exp(m + variance/2) - 1,
181,2026-05-29,7,2026-06-05,M0,25.0,21.0,,,not applicable -- original-scale benchmark,2025-06-05
181,2026-05-29,7,2026-06-05,M1,25.0,20.15097781180839,3.0176178658389756,0.06813654164287528,exp(m + variance/2) - 1,
181,2026-05-29,7,2026-06-05,M2,25.0,20.12634839519808,3.016458414955521,0.06812517121839719,exp(m + variance/2) - 1,
181,2026-05-29,7,2026-06-05,M3,25.0,19.850786882884094,3.0035023161200156,0.06777874319787916,exp(m + variance/2) - 1,
181,2026-05-29,7,2026-06-05,M4,25.0,20.168489691878516,3.018374292375003,0.06827889664432762,exp(m + variance/2) - 1,
181,2026-05-29,7,2026-06-05,M5,25.0,19.858660632469594,3.003809689077993,0.06791910195466153,exp(m + variance/2) - 1,
182,2026-05-30,7,2026-06-06,M0,23.0,14.0,,,not applicable -- original-scale benchmark,2025-06-06
182,2026-05-30,7,2026-06-06,M1,23.0,21.014855761170324,3.0575882199322337,0.06825853482149219,exp(m + variance/2) - 1,
182,2026-05-30,7,2026-06-06,M2,23.0,20.99980928436637,3.0569075417018046,0.06825248545299706,exp(m + variance/2) - 1,
182,2026-05-30,7,2026-06-06,M3,23.0,20.67496351640818,3.0422014448888097,0.0679127891313683,exp(m + variance/2) - 1,
182,2026-05-30,7,2026-06-06,M4,23.0,21.038112132580014,3.058572263255366,0.06840212188822516,exp(m + variance/2) - 1,
182,2026-05-30,7,2026-06-06,M5,23.0,20.7010726169558,3.0433320914242517,0.06805919450674708,exp(m + variance/2) - 1,
183,2026-05-31,7,2026-06-07,M0,16.0,17.0,,,not applicable -- original-scale benchmark,2025-06-07
183,2026-05-31,7,2026-06-07,M1,16.0,19.890838133736057,3.0052534379068927,0.06811451629233571,exp(m + variance/2) - 1,
183,2026-05-31,7,2026-06-07,M2,16.0,19.877249998606032,3.004608522040075,0.06810305450577613,exp(m + variance/2) - 1,
183,2026-05-31,7,2026-06-07,M3,16.0,19.594750262962776,2.991152740388998,0.06776692265029809,exp(m + variance/2) - 1,
183,2026-05-31,7,2026-06-07,M4,16.0,19.897600094817992,3.005505832265898,0.06825698422497828,exp(m + variance/2) - 1,
183,2026-05-31,7,2026-06-07,M5,16.0,19.606183373185353,2.9916391291746325,0.06790413065528009,exp(m + variance/2) - 1,
184,2026-06-01,7,2026-06-08,M0,24.0,16.0,,,not applicable -- original-scale benchmark,2025-06-08
184,2026-06-01,7,2026-06-08,M1,24.0,22.037432246130642,3.1028523737880906,0.06853601635653869,exp(m + variance/2) - 1,
184,2026-06-01,7,2026-06-08,M2,24.0,22.035971588145006,3.1027938955015104,0.0685261615492001,exp(m + variance/2) - 1,
184,2026-06-01,7,2026-06-08,M3,24.0,21.72944416119782,3.0895545143807444,0.06821333842376953,exp(m + variance/2) - 1,
184,2026-06-01,7,2026-06-08,M4,24.0,22.14012733127674,3.107226024571678,0.06868439965360122,exp(m + variance/2) - 1,
184,2026-06-01,7,2026-06-08,M5,24.0,21.84063616135636,3.0943572001654265,0.06836807436709871,exp(m + variance/2) - 1,
185,2026-06-02,7,2026-06-09,M0,27.0,19.0,,,not applicable -- original-scale benchmark,2025-06-09
185,2026-06-02,7,2026-06-09,M1,27.0,22.128697513047733,3.106825890905819,0.06849654433470283,exp(m + variance/2) - 1,
185,2026-06-02,7,2026-06-09,M2,27.0,22.88741974841283,3.139101580301856,0.06850073938960652,exp(m + variance/2) - 1,
185,2026-06-02,7,2026-06-09,M3,27.0,21.790437809992515,3.0922495699714005,0.06818296744006934,exp(m + variance/2) - 1,
185,2026-06-02,7,2026-06-09,M4,27.0,22.220898487679026,3.1107291055292396,0.06864712910342127,exp(m + variance/2) - 1,
185,2026-06-02,7,2026-06-09,M5,27.0,22.77409455413457,3.1344287548464953,0.06833553782334818,exp(m + variance/2) - 1,
186,2026-06-03,7,2026-06-10,M0,15.0,24.0,,,not applicable -- original-scale benchmark,2025-06-10
186,2026-06-03,7,2026-06-10,M1,15.0,23.691832473404812,3.1720795942518247,0.06878585121220894,exp(m + variance/2) - 1,
186,2026-06-03,7,2026-06-10,M2,15.0,24.511952745381528,3.204749894413154,0.0687943660844836,exp(m + variance/2) - 1,
186,2026-06-03,7,2026-06-10,M3,15.0,23.110768875198836,3.148416653594314,0.06848385678602267,exp(m + variance/2) - 1,
186,2026-06-03,7,2026-06-10,M4,15.0,23.795449283838952,3.176192434854049,0.0689354097198512,exp(m + variance/2) - 1,
186,2026-06-03,7,2026-06-10,M5,15.0,24.1845718167658,3.1919068012865255,0.06864955249685457,exp(m + variance/2) - 1,
187,2026-06-04,7,2026-06-11,M0,29.0,30.0,,,not applicable -- original-scale benchmark,2025-06-11
187,2026-06-04,7,2026-06-11,M1,29.0,25.8761296135745,3.256574209850903,0.06932861569320657,exp(m + variance/2) - 1,
187,2026-06-04,7,2026-06-11,M2,29.0,26.784200654018317,3.2897965361719614,0.06934200234136262,exp(m + variance/2) - 1,
187,2026-06-04,7,2026-06-11,M3,29.0,24.93645465283934,3.221122943652949,0.06905310196933007,exp(m + variance/2) - 1,
187,2026-06-04,7,2026-06-11,M4,29.0,26.000757242974633,3.2611241660861476,0.06948149112199245,exp(m + variance/2) - 1,
187,2026-06-04,7,2026-06-11,M5,29.0,26.144465553012488,3.2665573168003945,0.06923172353077707,exp(m + variance/2) - 1,
188,2026-06-05,7,2026-06-12,M0,15.0,29.0,,,not applicable -- original-scale benchmark,2025-06-12
188,2026-06-05,7,2026-06-12,M1,15.0,25.50200423949878,3.2426176276666547,0.06920546828957948,exp(m + variance/2) - 1,
188,2026-06-05,7,2026-06-12,M2,15.0,26.395630969688916,3.2757742309314435,0.06921863217501235,exp(m + variance/2) - 1,
188,2026-06-05,7,2026-06-12,M3,15.0,24.45750959029826,3.2025440643660374,0.06893341483113265,exp(m + variance/2) - 1,
188,2026-06-05,7,2026-06-12,M4,15.0,25.6057546426642,3.246449741417096,0.0693555818444545,exp(m + variance/2) - 1,
188,2026-06-05,7,2026-06-12,M5,15.0,25.63241287416363,3.2475757239341614,0.06910655830668937,exp(m + variance/2) - 1,
189,2026-06-06,7,2026-06-13,M0,22.0,31.0,,,not applicable -- original-scale benchmark,2025-06-13
189,2026-06-06,7,2026-06-13,M1,22.0,25.081961607444736,3.226695731096224,0.06909643628621112,exp(m + variance/2) - 1,
189,2026-06-06,7,2026-06-13,M2,22.0,25.957134154957032,3.259693837358986,0.06910828628913748,exp(m + variance/2) - 1,
189,2026-06-06,7,2026-06-13,M3,22.0,24.191859731094937,3.19210795167926,0.06882592821990757,exp(m + variance/2) - 1,
189,2026-06-06,7,2026-06-13,M4,22.0,25.168508500298095,3.2299340770953924,0.06924529018825437,exp(m + variance/2) - 1,
189,2026-06-06,7,2026-06-13,M5,22.0,25.326421467745895,3.236073963789153,0.06899817929708975,exp(m + variance/2) - 1,
190,2026-06-07,7,2026-06-14,M0,16.0,9.0,,,not applicable -- original-scale benchmark,2025-06-14
190,2026-06-07,7,2026-06-14,M1,16.0,23.175970039497667,3.150861383135746,0.06899556625511777,exp(m + variance/2) - 1,
190,2026-06-07,7,2026-06-14,M2,16.0,23.97443215298392,3.1833487524824844,0.06900767035278291,exp(m + variance/2) - 1,
190,2026-06-07,7,2026-06-14,M3,16.0,22.35372035676178,3.116395171175334,0.06872226060384948,exp(m + variance/2) - 1,
190,2026-06-07,7,2026-06-14,M4,16.0,23.228996865380907,3.152974738948264,0.06915078900468133,exp(m + variance/2) - 1,
190,2026-06-07,7,2026-06-14,M5,16.0,23.367892742410206,3.1588213513808343,0.06889008637373267,exp(m + variance/2) - 1,
191,2026-06-08,7,2026-06-15,M0,13.0,19.0,,,not applicable -- original-scale benchmark,2025-06-15
191,2026-06-08,7,2026-06-15,M1,13.0,23.55454885886823,3.1664177780754086,0.06895869713612696,exp(m + variance/2) - 1,
191,2026-06-08,7,2026-06-15,M2,13.0,24.368114243899146,3.199010305618441,0.06896547014485235,exp(m + variance/2) - 1,
191,2026-06-08,7,2026-06-15,M3,13.0,22.729287950996397,3.1323674314688414,0.06868526449901977,exp(m + variance/2) - 1,
191,2026-06-08,7,2026-06-15,M4,13.0,23.689317911184585,3.1718175257334664,0.06910630225110523,exp(m + variance/2) - 1,
191,2026-06-08,7,2026-06-15,M5,13.0,23.835864479163522,3.177864608100042,0.06884829751754368,exp(m + variance/2) - 1,
192,2026-06-09,7,2026-06-16,M0,11.0,27.0,,,not applicable -- original-scale benchmark,2025-06-16
192,2026-06-09,7,2026-06-16,M1,11.0,24.153041687313394,3.190501824780039,0.06895401258864184,exp(m + variance/2) - 1,
192,2026-06-09,7,2026-06-16,M2,11.0,24.89124757247606,3.2194283921852866,0.06895317568767254,exp(m + variance/2) - 1,
192,2026-06-09,7,2026-06-16,M3,11.0,23.990195824891686,3.1841387379993504,0.06868968589385528,exp(m + variance/2) - 1,
192,2026-06-09,7,2026-06-16,M4,11.0,24.2831338447686,3.1955858618920594,0.06910333016405883,exp(m + variance/2) - 1,
192,2026-06-09,7,2026-06-16,M5,11.0,24.98066690519811,3.2229314802294993,0.06884240125905251,exp(m + variance/2) - 1,
193,2026-06-10,7,2026-06-17,M0,17.0,25.0,,,not applicable -- original-scale benchmark,2025-06-17
193,2026-06-10,7,2026-06-17,M1,17.0,22.17569298247054,3.10861925003452,0.06896952625312844,exp(m + variance/2) - 1,
193,2026-06-10,7,2026-06-17,M2,17.0,21.98850337325871,3.100506625997105,0.06897522325428404,exp(m + variance/2) - 1,
193,2026-06-10,7,2026-06-17,M3,17.0,22.073817315285673,3.10435337107573,0.06869030811508407,exp(m + variance/2) - 1,
193,2026-06-10,7,2026-06-17,M4,17.0,22.259988295261262,3.1121742454640975,0.0691207968262137,exp(m + variance/2) - 1,
193,2026-06-10,7,2026-06-17,M5,17.0,21.937612274966884,3.0983555394963678,0.06884496225577215,exp(m + variance/2) - 1,
194,2026-06-11,7,2026-06-18,M0,20.0,16.0,,,not applicable -- original-scale benchmark,2025-06-18
194,2026-06-11,7,2026-06-18,M1,20.0,23.542179388144984,3.1658996854572656,0.06898711901003686,exp(m + variance/2) - 1,
194,2026-06-11,7,2026-06-18,M2,20.0,23.234119587356524,3.1532719095653268,0.0689792618501821,exp(m + variance/2) - 1,
194,2026-06-11,7,2026-06-18,M3,20.0,23.60365984185506,3.168529807451947,0.06873079695951209,exp(m + variance/2) - 1,
194,2026-06-11,7,2026-06-18,M4,20.0,23.640041129885738,3.169805474269712,0.06913466725317884,exp(m + variance/2) - 1,
194,2026-06-11,7,2026-06-18,M5,20.0,23.327964494403545,3.1571886030530965,0.06887577573384147,exp(m + variance/2) - 1,
195,2026-06-12,7,2026-06-19,M0,17.0,19.0,,,not applicable -- original-scale benchmark,2025-06-19
195,2026-06-12,7,2026-06-19,M1,17.0,21.660661328110876,3.0861212946715693,0.06901829065275958,exp(m + variance/2) - 1,
195,2026-06-12,7,2026-06-19,M2,17.0,21.36109377469929,3.0728041967705093,0.06903673379738529,exp(m + variance/2) - 1,
195,2026-06-12,7,2026-06-19,M3,17.0,21.58951237279215,3.0831165566794816,0.06873837518201291,exp(m + variance/2) - 1,
195,2026-06-12,7,2026-06-19,M4,17.0,21.722182371672755,3.088754016513463,0.06917525563544687,exp(m + variance/2) - 1,
195,2026-06-12,7,2026-06-19,M5,17.0,21.28984638706306,3.0696851422807114,0.06889222706084766,exp(m + variance/2) - 1,
196,2026-06-13,7,2026-06-20,M0,19.0,15.0,,,not applicable -- original-scale benchmark,2025-06-20
196,2026-06-13,7,2026-06-20,M1,19.0,21.966841385329886,3.0995750628465113,0.06895286793003944,exp(m + variance/2) - 1,
196,2026-06-13,7,2026-06-20,M2,19.0,21.610659568405747,3.083941152492,0.06896060981474124,exp(m + variance/2) - 1,
196,2026-06-13,7,2026-06-20,M3,19.0,22.21839370561349,3.1106126476507914,0.06866429806921387,exp(m + variance/2) - 1,
196,2026-06-13,7,2026-06-20,M4,19.0,22.030357974898124,3.1022607793152472,0.06910495649591758,exp(m + variance/2) - 1,
196,2026-06-13,7,2026-06-20,M5,19.0,21.828430007888386,3.093597163412844,0.0688190518926448,exp(m + variance/2) - 1,
197,2026-06-14,7,2026-06-21,M0,22.0,13.0,,,not applicable -- original-scale benchmark,2025-06-21
197,2026-06-14,7,2026-06-21,M1,22.0,20.796537687739256,3.047255924087407,0.06899042286160763,exp(m + variance/2) - 1,
197,2026-06-14,7,2026-06-21,M2,22.0,20.447933032703734,3.0311217538020996,0.06901304963417118,exp(m + variance/2) - 1,
197,2026-06-14,7,2026-06-21,M3,22.0,21.10354907787408,3.0614001773651958,0.06867602004808661,exp(m + variance/2) - 1,
197,2026-06-14,7,2026-06-21,M4,22.0,20.84268365859273,3.0492960984210544,0.06913984609488498,exp(m + variance/2) - 1,
197,2026-06-14,7,2026-06-21,M5,22.0,20.696670825334767,3.0427314813931905,0.06885469839222316,exp(m + variance/2) - 1,
198,2026-06-15,7,2026-06-22,M0,26.0,12.0,,,not applicable -- original-scale benchmark,2025-06-22
198,2026-06-15,7,2026-06-22,M1,26.0,19.296599741928052,2.9758468834683,0.06921297630410095,exp(m + variance/2) - 1,
198,2026-06-15,7,2026-06-22,M2,26.0,18.975415038864092,2.9598787561672815,0.06924702636959593,exp(m + variance/2) - 1,
198,2026-06-15,7,2026-06-22,M3,26.0,19.648087654677944,2.993194960060489,0.0688554950731252,exp(m + variance/2) - 1,
198,2026-06-15,7,2026-06-22,M4,26.0,19.210603983531758,2.9715262792519024,0.06936227419433047,exp(m + variance/2) - 1,
198,2026-06-15,7,2026-06-22,M5,26.0,19.152055314383094,2.968785099355716,0.06904236909811624,exp(m + variance/2) - 1,
199,2026-06-16,7,2026-06-23,M0,6.0,20.0,,,not applicable -- original-scale benchmark,2025-06-23
199,2026-06-16,7,2026-06-23,M1,6.0,17.632906552237365,2.8901090314715487,0.06964031117156566,exp(m + variance/2) - 1,
199,2026-06-16,7,2026-06-23,M2,6.0,17.344449845408732,2.874483844432663,0.06968644715354556,exp(m + variance/2) - 1,
199,2026-06-16,7,2026-06-23,M3,6.0,17.842136422244955,2.9014619050849517,0.06926751168501055,exp(m + variance/2) - 1,
199,2026-06-16,7,2026-06-23,M4,6.0,17.53153847452328,2.8845787700700645,0.06979058585753878,exp(m + variance/2) - 1,
199,2026-06-16,7,2026-06-23,M5,6.0,17.37643463138313,2.876331338562462,0.06947555733208706,exp(m + variance/2) - 1,
200,2026-06-17,7,2026-06-24,M0,10.0,19.0,,,not applicable -- original-scale benchmark,2025-06-24
200,2026-06-17,7,2026-06-24,M1,10.0,17.743224255476314,2.8960596566586116,0.06954531481114523,exp(m + variance/2) - 1,
200,2026-06-17,7,2026-06-24,M2,10.0,17.519927748528797,2.884058145417029,0.06957836505210098,exp(m + variance/2) - 1,
200,2026-06-17,7,2026-06-24,M3,10.0,17.936164919131507,2.9064817103480856,0.0691837422330402,exp(m + variance/2) - 1,
200,2026-06-17,7,2026-06-24,M4,10.0,17.639223588731426,2.8904166520262295,0.06970300679730944,exp(m + variance/2) - 1,
200,2026-06-17,7,2026-06-24,M5,10.0,17.547351130902893,2.885636819921558,0.069380325515599,exp(m + variance/2) - 1,
201,2026-06-18,7,2026-06-25,M0,26.0,19.0,,,not applicable -- original-scale benchmark,2025-06-25
201,2026-06-18,7,2026-06-25,M1,26.0,18.20350003458112,2.9203750855676804,0.06943494064077335,exp(m + variance/2) - 1,
201,2026-06-18,7,2026-06-25,M2,26.0,18.032415110499848,2.9114199370400002,0.06944729381842157,exp(m + variance/2) - 1,
201,2026-06-18,7,2026-06-25,M3,26.0,18.3438518798377,2.927837641801519,0.06907398975707649,exp(m + variance/2) - 1,
201,2026-06-18,7,2026-06-25,M4,26.0,18.101085001420394,2.9149554870206247,0.06957930555125678,exp(m + variance/2) - 1,
201,2026-06-18,7,2026-06-25,M5,26.0,18.019396219888154,2.910830895710144,0.06925683283571547,exp(m + variance/2) - 1,
202,2026-06-19,7,2026-06-26,M0,23.0,16.0,,,not applicable -- original-scale benchmark,2025-06-26
202,2026-06-19,7,2026-06-26,M1,23.0,18.01070244276029,2.910311071258015,0.06938207156645,exp(m + variance/2) - 1,
202,2026-06-19,7,2026-06-26,M2,23.0,17.8643560279858,2.9025725633000405,0.06940330745158099,exp(m + variance/2) - 1,
202,2026-06-19,7,2026-06-26,M3,23.0,18.234772243726944,2.9222044896269797,0.06903041157187324,exp(m + variance/2) - 1,
202,2026-06-19,7,2026-06-26,M4,23.0,17.903183783835907,2.9045632722964485,0.06953417950709928,exp(m + variance/2) - 1,
202,2026-06-19,7,2026-06-26,M5,23.0,17.93849404119305,2.9065856608960656,0.06922182323998659,exp(m + variance/2) - 1,
203,2026-06-20,7,2026-06-27,M0,19.0,30.0,,,not applicable -- original-scale benchmark,2025-06-27
203,2026-06-20,7,2026-06-27,M1,19.0,18.292434674747494,2.9250642849796127,0.06929749664069262,exp(m + variance/2) - 1,
203,2026-06-20,7,2026-06-27,M2,19.0,18.174639841954477,2.918932476169521,0.06931217643847826,exp(m + variance/2) - 1,
203,2026-06-20,7,2026-06-27,M3,19.0,18.55362404477285,2.938686378557556,0.06894852765700644,exp(m + variance/2) - 1,
203,2026-06-20,7,2026-06-27,M4,19.0,18.18459890043567,2.9193846132659447,0.06944640655713108,exp(m + variance/2) - 1,
203,2026-06-20,7,2026-06-27,M5,19.0,18.29284857001542,2.9251744594643077,0.0691200547315225,exp(m + variance/2) - 1,
204,2026-06-21,7,2026-06-28,M0,26.0,15.0,,,not applicable -- original-scale benchmark,2025-06-28
204,2026-06-21,7,2026-06-28,M1,26.0,18.985670360738165,2.960417098434869,0.06919687272032256,exp(m + variance/2) - 1,
204,2026-06-21,7,2026-06-28,M2,26.0,18.890200352122417,2.955603698793301,0.06924693405902099,exp(m + variance/2) - 1,
204,2026-06-21,7,2026-06-28,M3,26.0,19.211555512786926,2.971811871036536,0.06888524979589412,exp(m + variance/2) - 1,
204,2026-06-21,7,2026-06-28,M4,26.0,18.87599032365096,2.954821834324544,0.0693813051591549,exp(m + variance/2) - 1,
204,2026-06-21,7,2026-06-28,M5,26.0,18.986066637742812,2.9605093479749094,0.06905202936044993,exp(m + variance/2) - 1,
205,2026-06-22,7,2026-06-29,M0,26.0,13.0,,,not applicable -- original-scale benchmark,2025-06-29
205,2026-06-22,7,2026-06-29,M1,26.0,20.13017087719444,3.016069427783377,0.06926498151818795,exp(m + variance/2) - 1,
205,2026-06-22,7,2026-06-29,M2,26.0,20.059281247828444,3.0127003916741235,0.0692819713324617,exp(m + variance/2) - 1,
205,2026-06-22,7,2026-06-29,M3,26.0,20.331971920316118,3.0257490330540713,0.06891588673193262,exp(m + variance/2) - 1,
205,2026-06-22,7,2026-06-29,M4,26.0,19.48169011679854,2.984827425558511,0.06940779288415895,exp(m + variance/2) - 1,
205,2026-06-22,7,2026-06-29,M5,26.0,19.69854027271567,2.99552444252869,0.06907747405962031,exp(m + variance/2) - 1,
206,2026-06-23,7,2026-06-30,M0,21.0,18.0,,,not applicable -- original-scale benchmark,2025-06-30
206,2026-06-23,7,2026-06-30,M1,21.0,16.340622034770686,2.8178778395987876,0.07034800786867892,exp(m + variance/2) - 1,
206,2026-06-23,7,2026-06-30,M2,21.0,16.270187961417456,2.813799219579419,0.07036511243043929,exp(m + variance/2) - 1,
206,2026-06-23,7,2026-06-30,M3,21.0,16.694175584676035,2.8382278633090468,0.07001531820994016,exp(m + variance/2) - 1,
206,2026-06-23,7,2026-06-30,M4,21.0,15.74219962976207,2.7826761968125644,0.07051251848790732,exp(m + variance/2) - 1,
206,2026-06-23,7,2026-06-30,M5,21.0,16.073796162069364,2.802454516132439,0.07018076777097358,exp(m + variance/2) - 1,
207,2026-06-24,7,2026-07-01,M0,16.0,16.0,,,not applicable -- original-scale benchmark,2025-07-01
207,2026-06-24,7,2026-07-01,M1,16.0,15.39286027275542,2.761518818812449,0.070654144006975,exp(m + variance/2) - 1,
207,2026-06-24,7,2026-07-01,M2,16.0,15.33383315098824,2.757911177528921,0.07065486505261001,exp(m + variance/2) - 1,
207,2026-06-24,7,2026-07-01,M3,16.0,15.697641875425017,2.780108210206372,0.07031858836318663,exp(m + variance/2) - 1,
207,2026-06-24,7,2026-07-01,M4,16.0,14.812666657763597,2.7254049227040484,0.07081276669912472,exp(m + variance/2) - 1,
207,2026-06-24,7,2026-07-01,M5,16.0,15.10385255874672,2.7438173486671653,0.07048236812253829,exp(m + variance/2) - 1,
208,2026-06-25,7,2026-07-02,M0,12.0,14.0,,,not applicable -- original-scale benchmark,2025-07-02
208,2026-06-25,7,2026-07-02,M1,12.0,17.16379641649177,2.8641657293965412,0.07052935139896926,exp(m + variance/2) - 1,
208,2026-06-25,7,2026-07-02,M2,12.0,17.115344213275424,2.8614907681081503,0.0705371152384951,exp(m + variance/2) - 1,
208,2026-06-25,7,2026-07-02,M3,12.0,17.305042166750518,2.8720744907896982,0.07020411868895197,exp(m + variance/2) - 1,
208,2026-06-25,7,2026-07-02,M4,12.0,16.586448776782586,2.831789852185331,0.07067759485178637,exp(m + variance/2) - 1,
208,2026-06-25,7,2026-07-02,M5,12.0,16.751850060168326,2.8413106436716387,0.07035819112045132,exp(m + variance/2) - 1,
209,2026-06-26,7,2026-07-03,M0,18.0,15.0,,,not applicable -- original-scale benchmark,2025-07-03
209,2026-06-26,7,2026-07-03,M1,18.0,17.997484371938626,2.9090516834929554,0.07050977086144233,exp(m + variance/2) - 1,
209,2026-06-26,7,2026-07-03,M2,18.0,17.95609301158003,2.9068541901000504,0.0705424414049527,exp(m + variance/2) - 1,
209,2026-06-26,7,2026-07-03,M3,18.0,18.19788921210468,2.9197087559235992,0.07018316039417648,exp(m + variance/2) - 1,
209,2026-06-26,7,2026-07-03,M4,18.0,17.42198931057441,2.8782168782174007,0.07065628819042577,exp(m + variance/2) - 1,
209,2026-06-26,7,2026-07-03,M5,18.0,17.660845220641903,2.891262292666461,0.07033039516249218,exp(m + variance/2) - 1,
210,2026-06-27,7,2026-07-04,M0,18.0,8.0,,,not applicable -- original-scale benchmark,2025-07-04
210,2026-06-27,7,2026-07-04,M1,18.0,18.201578190616306,2.9197678393015534,0.07044926756418288,exp(m + variance/2) - 1,
210,2026-06-27,7,2026-07-04,M2,18.0,18.169985530219233,2.9181179218437028,0.07045576079950819,exp(m + variance/2) - 1,
210,2026-06-27,7,2026-07-04,M3,18.0,18.594167365700443,2.9401710139404096,0.07012184925342071,exp(m + variance/2) - 1,
210,2026-06-27,7,2026-07-04,M4,18.0,17.629946926891463,2.8894737914868296,0.07059308864902691,exp(m + variance/2) - 1,
210,2026-06-27,7,2026-07-04,M5,18.0,18.058949793363386,2.912400981830913,0.07027162968735987,exp(m + variance/2) - 1,
211,2026-06-28,7,2026-07-05,M0,13.0,10.0,,,not applicable -- original-scale benchmark,2025-07-05
211,2026-06-28,7,2026-07-05,M1,13.0,19.502583041939907,2.9852787167385606,0.07054432702812026,exp(m + variance/2) - 1,
211,2026-06-28,7,2026-07-05,M2,13.0,19.478089519318782,2.9840774316393612,0.0705561579821983,exp(m + variance/2) - 1,
211,2026-06-28,7,2026-07-05,M3,13.0,19.885207038909186,3.0039372092464296,0.07020780387254547,exp(m + variance/2) - 1,
211,2026-06-28,7,2026-07-05,M4,13.0,18.91933402432004,2.956346366859308,0.07068890444842159,exp(m + variance/2) - 1,
211,2026-06-28,7,2026-07-05,M5,13.0,19.35773957139932,2.978279417793094,0.07036348941993295,exp(m + variance/2) - 1,
212,2026-06-29,7,2026-07-06,M0,16.0,18.0,,,not applicable -- original-scale benchmark,2025-07-06
212,2026-06-29,7,2026-07-06,M1,16.0,20.525780540947594,3.0339266911737415,0.07064924109505781,exp(m + variance/2) - 1,
212,2026-06-29,7,2026-07-06,M2,16.0,20.507514351323074,3.0330692636413747,0.07066623028479785,exp(m + variance/2) - 1,
212,2026-06-29,7,2026-07-06,M3,16.0,20.89576670546982,3.0511407722977637,0.0703050894390451,exp(m + variance/2) - 1,
212,2026-06-29,7,2026-07-06,M4,16.0,20.432127103000624,3.0295064799441263,0.07076916561014902,exp(m + variance/2) - 1,
212,2026-06-29,7,2026-07-06,M5,16.0,20.794479562706535,3.0464409673449637,0.07043147862634236,exp(m + variance/2) - 1,
213,2026-06-30,7,2026-07-07,M0,13.0,24.0,,,not applicable -- original-scale benchmark,2025-07-07
213,2026-06-30,7,2026-07-07,M1,13.0,20.664480949972905,3.0403740916584043,0.07060001049690251,exp(m + variance/2) - 1,
213,2026-06-30,7,2026-07-07,M2,13.0,20.650808659067938,3.0397348907621975,0.07061582889371328,exp(m + variance/2) - 1,
213,2026-06-30,7,2026-07-07,M3,13.0,21.142389975968506,3.062370213675913,0.0702473122119407,exp(m + variance/2) - 1,
213,2026-06-30,7,2026-07-07,M4,13.0,20.633693454132114,3.0388903699763903,0.07072322299408655,exp(m + variance/2) - 1,
213,2026-06-30,7,2026-07-07,M5,13.0,21.09443514812951,3.060132410881367,0.07038672536504005,exp(m + variance/2) - 1,
214,2026-07-01,7,2026-07-08,M0,20.0,24.0,,,not applicable -- original-scale benchmark,2025-07-08
214,2026-07-01,7,2026-07-08,M1,20.0,19.912574503516304,3.005092064022163,0.07051712983043809,exp(m + variance/2) - 1,
214,2026-07-01,7,2026-07-08,M2,20.0,19.901433628803336,3.0045548732173573,0.07052575616097213,exp(m + variance/2) - 1,
214,2026-07-01,7,2026-07-08,M3,20.0,20.42161384536226,3.029317060826065,0.07016668855228564,exp(m + variance/2) - 1,
214,2026-07-01,7,2026-07-08,M4,20.0,19.928704094130882,3.0057973570674026,0.07064852256605203,exp(m + variance/2) - 1,
214,2026-07-01,7,2026-07-08,M5,20.0,20.40860446277729,3.0286380110558158,0.0703098157205723,exp(m + variance/2) - 1,
215,2026-07-02,7,2026-07-09,M0,16.0,16.0,,,not applicable -- original-scale benchmark,2025-07-09
215,2026-07-02,7,2026-07-09,M1,16.0,18.48547339854168,2.9343831702290855,0.07057212760724235,exp(m + variance/2) - 1,
215,2026-07-02,7,2026-07-09,M2,16.0,18.473804251750263,2.933771105888381,0.07059816968703483,exp(m + variance/2) - 1,
215,2026-07-02,7,2026-07-09,M3,16.0,19.099665288920505,2.9655761815579593,0.07025396215181544,exp(m + variance/2) - 1,
215,2026-07-02,7,2026-07-09,M4,16.0,18.537233136467947,2.9369562638477373,0.07073154552924896,exp(m + variance/2) - 1,
215,2026-07-02,7,2026-07-09,M5,16.0,19.11044193172995,2.96603154301209,0.0704152725020907,exp(m + variance/2) - 1,
216,2026-07-03,7,2026-07-10,M0,15.0,17.0,,,not applicable -- original-scale benchmark,2025-07-10
216,2026-07-03,7,2026-07-10,M1,15.0,18.720289011508555,2.9463858836565837,0.07052424233304626,exp(m + variance/2) - 1,
216,2026-07-03,7,2026-07-10,M2,15.0,18.713900072792715,2.946060989899571,0.07052596897196817,exp(m + variance/2) - 1,
216,2026-07-03,7,2026-07-10,M3,15.0,19.01775173542192,2.9615289854223246,0.07018096246110525,exp(m + variance/2) - 1,
216,2026-07-03,7,2026-07-10,M4,15.0,18.821108730724053,2.9514174219052745,0.07066009085630479,exp(m + variance/2) - 1,
216,2026-07-03,7,2026-07-10,M5,15.0,19.080912465489554,2.9646012330952773,0.07033700440852188,exp(m + variance/2) - 1,
1,2025-11-30,14,2025-12-14,M0,47.0,39.0,,,not applicable -- original-scale benchmark,2024-12-14
1,2025-11-30,14,2025-12-14,M1,47.0,59.09604260307195,4.05468514100638,0.08251770299219792,exp(m + variance/2) - 1,
1,2025-11-30,14,2025-12-14,M2,47.0,58.93227564923913,4.052291954846556,0.08184646138073094,exp(m + variance/2) - 1,
1,2025-11-30,14,2025-12-14,M3,47.0,57.36096087028908,4.025984194681978,0.0813259867450423,exp(m + variance/2) - 1,
1,2025-11-30,14,2025-12-14,M4,47.0,59.79463195998709,4.066130738620275,0.0827415126445031,exp(m + variance/2) - 1,
1,2025-11-30,14,2025-12-14,M5,47.0,57.69851237453585,4.032150737369492,0.0805272925810823,exp(m + variance/2) - 1,
2,2025-12-01,14,2025-12-15,M0,32.0,41.0,,,not applicable -- original-scale benchmark,2024-12-15
2,2025-12-01,14,2025-12-15,M1,32.0,56.933349947674984,4.017992803607306,0.08260081467927667,exp(m + variance/2) - 1,
2,2025-12-01,14,2025-12-15,M2,32.0,56.80199511527586,4.016055635343624,0.0819353146086343,exp(m + variance/2) - 1,
2,2025-12-01,14,2025-12-15,M3,32.0,55.39740646648155,3.9917280702177216,0.08139020518422718,exp(m + variance/2) - 1,
2,2025-12-01,14,2025-12-15,M4,32.0,57.36028005707314,4.02522407236694,0.08282290012159595,exp(m + variance/2) - 1,
2,2025-12-01,14,2025-12-15,M5,32.0,55.542241450759434,3.9947032485828,0.08056949305085534,exp(m + variance/2) - 1,
3,2025-12-02,14,2025-12-16,M0,32.0,45.0,,,not applicable -- original-scale benchmark,2024-12-16
3,2025-12-02,14,2025-12-16,M1,32.0,56.48762222583817,4.010294228841861,0.08255086030174723,exp(m + variance/2) - 1,
3,2025-12-02,14,2025-12-16,M2,32.0,56.364629813077805,4.008489224060725,0.08187736797035197,exp(m + variance/2) - 1,
3,2025-12-02,14,2025-12-16,M3,32.0,54.85165792780675,3.9820345648267232,0.0813292912319113,exp(m + variance/2) - 1,
3,2025-12-02,14,2025-12-16,M4,32.0,56.87088170359854,4.016821439212191,0.08278582438636685,exp(m + variance/2) - 1,
3,2025-12-02,14,2025-12-16,M5,32.0,54.95218911428183,3.984256129116987,0.0804828622723156,exp(m + variance/2) - 1,
4,2025-12-03,14,2025-12-17,M0,25.0,51.0,,,not applicable -- original-scale benchmark,2024-12-17
4,2025-12-03,14,2025-12-17,M1,25.0,56.16233556033875,4.004646853023187,0.082496718503288,exp(m + variance/2) - 1,
4,2025-12-03,14,2025-12-17,M2,25.0,56.04269745556705,4.002885845035954,0.0818284410948337,exp(m + variance/2) - 1,
4,2025-12-03,14,2025-12-17,M3,25.0,55.54464170112706,3.9944096466557104,0.08124159624264476,exp(m + variance/2) - 1,
4,2025-12-03,14,2025-12-17,M4,25.0,56.47810635417048,4.010073420827616,0.08266139082129761,exp(m + variance/2) - 1,
4,2025-12-03,14,2025-12-17,M5,25.0,55.677607752500826,3.9971790357671715,0.0804003439262681,exp(m + variance/2) - 1,
5,2025-12-04,14,2025-12-18,M0,45.0,43.0,,,not applicable -- original-scale benchmark,2024-12-18
5,2025-12-04,14,2025-12-18,M1,45.0,55.8543297646963,3.999274033026669,0.08243669095627305,exp(m + variance/2) - 1,
5,2025-12-04,14,2025-12-18,M2,45.0,55.73845204891751,3.997569884664044,0.08176452573229656,exp(m + variance/2) - 1,
5,2025-12-04,14,2025-12-18,M3,45.0,55.51152727360673,3.99386850637277,0.08115226702313778,exp(m + variance/2) - 1,
5,2025-12-04,14,2025-12-18,M4,45.0,56.14322307524809,4.004256600126762,0.0826084034444879,exp(m + variance/2) - 1,
5,2025-12-04,14,2025-12-18,M5,45.0,55.63314805922867,3.996432540198503,0.0803238566770125,exp(m + variance/2) - 1,
6,2025-12-05,14,2025-12-19,M0,52.0,60.0,,,not applicable -- original-scale benchmark,2024-12-19
6,2025-12-05,14,2025-12-19,M1,52.0,50.716690202392165,3.9042069236949755,0.08314726724192409,exp(m + variance/2) - 1,
6,2025-12-05,14,2025-12-19,M2,52.0,50.653454405864984,3.9033191704509957,0.0824758078421977,exp(m + variance/2) - 1,
6,2025-12-05,14,2025-12-19,M3,52.0,51.79719821135414,3.9256420942166885,0.08163206181735028,exp(m + variance/2) - 1,
6,2025-12-05,14,2025-12-19,M4,52.0,50.93947148534133,3.9083930938560205,0.08337187368486346,exp(m + variance/2) - 1,
6,2025-12-05,14,2025-12-19,M5,52.0,51.97268922927992,3.9293947324991683,0.08076350136156524,exp(m + variance/2) - 1,
7,2025-12-06,14,2025-12-20,M0,38.0,31.0,,,not applicable -- original-scale benchmark,2024-12-20
7,2025-12-06,14,2025-12-20,M1,38.0,51.52370607233,3.9197854967910644,0.08295823025190208,exp(m + variance/2) - 1,
7,2025-12-06,14,2025-12-20,M2,38.0,51.448438053474845,3.9186841561682555,0.08229279701320033,exp(m + variance/2) - 1,
7,2025-12-06,14,2025-12-20,M3,38.0,53.05194299216603,3.949216734327055,0.08145751432644421,exp(m + variance/2) - 1,
7,2025-12-06,14,2025-12-20,M4,38.0,51.73136152663592,3.9235960533438403,0.08322864117304547,exp(m + variance/2) - 1,
7,2025-12-06,14,2025-12-20,M5,38.0,53.22813857326653,3.9529100284703063,0.08057981425156545,exp(m + variance/2) - 1,
8,2025-12-07,14,2025-12-21,M0,42.0,53.0,,,not applicable -- original-scale benchmark,2024-12-21
8,2025-12-07,14,2025-12-21,M1,42.0,50.36212270931869,3.897375098004561,0.08305178106636496,exp(m + variance/2) - 1,
8,2025-12-07,14,2025-12-21,M2,42.0,50.2944726282875,3.8963918427147215,0.08238231523940062,exp(m + variance/2) - 1,
8,2025-12-07,14,2025-12-21,M3,42.0,52.173068469293284,3.9328152232079168,0.08147362636182445,exp(m + variance/2) - 1,
8,2025-12-07,14,2025-12-21,M4,42.0,50.54007845627776,3.9006859161773804,0.08334762257245268,exp(m + variance/2) - 1,
8,2025-12-07,14,2025-12-21,M5,42.0,52.34842800534782,3.9365414906311473,0.08060604198158697,exp(m + variance/2) - 1,
9,2025-12-08,14,2025-12-22,M0,39.0,53.0,,,not applicable -- original-scale benchmark,2024-12-22
9,2025-12-08,14,2025-12-22,M1,39.0,50.2246214552795,3.894727305085424,0.08298599833796803,exp(m + variance/2) - 1,
9,2025-12-08,14,2025-12-22,M2,39.0,50.153748330689076,3.893677219398285,0.08231710292361998,exp(m + variance/2) - 1,
9,2025-12-08,14,2025-12-22,M3,39.0,52.25080663307969,3.9343107157027983,0.08140447362212211,exp(m + variance/2) - 1,
9,2025-12-08,14,2025-12-22,M4,39.0,50.747221416368404,3.9047440653657466,0.08325334580183148,exp(m + variance/2) - 1,
9,2025-12-08,14,2025-12-22,M5,39.0,52.71074998144845,3.943349043448719,0.08052824781170889,exp(m + variance/2) - 1,
10,2025-12-09,14,2025-12-23,M0,50.0,44.0,,,not applicable -- original-scale benchmark,2024-12-23
10,2025-12-09,14,2025-12-23,M1,50.0,48.658318020874425,3.863600120359383,0.08313157849844591,exp(m + variance/2) - 1,
10,2025-12-09,14,2025-12-23,M2,50.0,48.59584750361321,3.862684315487898,0.08244559010615557,exp(m + variance/2) - 1,
10,2025-12-09,14,2025-12-23,M3,50.0,51.17167731542107,3.913781434071705,0.08151666680531555,exp(m + variance/2) - 1,
10,2025-12-09,14,2025-12-23,M4,50.0,49.11697226724726,3.8726265297103764,0.08346637764182196,exp(m + variance/2) - 1,
10,2025-12-09,14,2025-12-23,M5,50.0,51.62928130710194,3.9229507114714375,0.08064386445256291,exp(m + variance/2) - 1,
11,2025-12-10,14,2025-12-24,M0,57.0,36.0,,,not applicable -- original-scale benchmark,2024-12-24
11,2025-12-10,14,2025-12-24,M1,57.0,48.603323731345334,3.8625319058723324,0.08305187265207868,exp(m + variance/2) - 1,
11,2025-12-10,14,2025-12-24,M2,57.0,48.537527978178915,3.8615372509021433,0.08238654480423305,exp(m + variance/2) - 1,
11,2025-12-10,14,2025-12-24,M3,57.0,51.44897173684698,3.9191135669342265,0.08145432616001037,exp(m + variance/2) - 1,
11,2025-12-10,14,2025-12-24,M4,57.0,49.0664083558156,3.8716971209714695,0.08330634067848346,exp(m + variance/2) - 1,
11,2025-12-10,14,2025-12-24,M5,57.0,51.90609256085275,3.9282273587220335,0.08058228958635505,exp(m + variance/2) - 1,
12,2025-12-11,14,2025-12-25,M0,35.0,29.0,,,not applicable -- original-scale benchmark,2024-12-25
12,2025-12-11,14,2025-12-25,M1,35.0,49.21256896068436,3.8748148665636024,0.08290101299538091,exp(m + variance/2) - 1,
12,2025-12-11,14,2025-12-25,M2,35.0,49.133551846896125,3.8735850972367576,0.0822107684991348,exp(m + variance/2) - 1,
12,2025-12-11,14,2025-12-25,M3,35.0,53.18803954962375,3.951796070123928,0.08132828290748728,exp(m + variance/2) - 1,
12,2025-12-11,14,2025-12-25,M4,35.0,49.65737037343235,3.8835124357308857,0.08314460028226765,exp(m + variance/2) - 1,
12,2025-12-11,14,2025-12-25,M5,35.0,53.684866472169624,3.9613570567996463,0.08045990044236558,exp(m + variance/2) - 1,
13,2025-12-12,14,2025-12-26,M0,32.0,64.0,,,not applicable -- original-scale benchmark,2024-12-26
13,2025-12-12,14,2025-12-26,M1,32.0,50.922246602128105,3.9083875624617095,0.08271955890999755,exp(m + variance/2) - 1,
13,2025-12-12,14,2025-12-26,M2,32.0,50.82299229240807,3.906817903909484,0.08203202705019355,exp(m + variance/2) - 1,
13,2025-12-12,14,2025-12-26,M3,32.0,55.35449677978822,3.991083504136062,0.08115706809871129,exp(m + variance/2) - 1,
13,2025-12-12,14,2025-12-26,M4,32.0,51.393503987716635,3.9172925844752315,0.08298005893364432,exp(m + variance/2) - 1,
13,2025-12-12,14,2025-12-26,M5,32.0,55.85043898498519,4.000277019285244,0.08029384538602569,exp(m + variance/2) - 1,
14,2025-12-13,14,2025-12-27,M0,46.0,59.0,,,not applicable -- original-scale benchmark,2024-12-27
14,2025-12-13,14,2025-12-27,M1,46.0,48.237661788138496,3.855223723265955,0.0828701817959872,exp(m + variance/2) - 1,
14,2025-12-13,14,2025-12-27,M2,46.0,48.164684014951895,3.854078490671629,0.08219414101486766,exp(m + variance/2) - 1,
14,2025-12-13,14,2025-12-27,M3,46.0,51.827827077376895,3.9263930427836184,0.08129007415750045,exp(m + variance/2) - 1,
14,2025-12-13,14,2025-12-27,M4,46.0,48.63948832376772,3.8632227482436448,0.08312780859852112,exp(m + variance/2) - 1,
14,2025-12-13,14,2025-12-27,M5,46.0,52.263555806901884,3.935032739044142,0.08043920458372662,exp(m + variance/2) - 1,
15,2025-12-14,14,2025-12-28,M0,44.0,53.0,,,not applicable -- original-scale benchmark,2024-12-28
15,2025-12-14,14,2025-12-28,M1,44.0,48.844697076197015,3.8675426382310936,0.08273894981873636,exp(m + variance/2) - 1,
15,2025-12-14,14,2025-12-28,M2,44.0,53.02755347263753,3.9484783915015584,0.08203154884599148,exp(m + variance/2) - 1,
15,2025-12-14,14,2025-12-28,M3,44.0,52.47771100658602,3.938677754499181,0.08117439178920899,exp(m + variance/2) - 1,
15,2025-12-14,14,2025-12-28,M4,44.0,49.239394797705536,3.875304076973364,0.08299079778001793,exp(m + variance/2) - 1,
15,2025-12-14,14,2025-12-28,M5,44.0,58.83837719947811,4.051493056200668,0.08030831621029835,exp(m + variance/2) - 1,
16,2025-12-15,14,2025-12-29,M0,47.0,62.0,,,not applicable -- original-scale benchmark,2024-12-29
16,2025-12-15,14,2025-12-29,M1,47.0,45.617800489830564,3.8004473484197114,0.08307020906919196,exp(m + variance/2) - 1,
16,2025-12-15,14,2025-12-29,M2,47.0,49.54785050933506,3.8817276304784687,0.08238558402679992,exp(m + variance/2) - 1,
16,2025-12-15,14,2025-12-29,M3,47.0,49.07542184870494,3.872783089949446,0.08149443180908691,exp(m + variance/2) - 1,
16,2025-12-15,14,2025-12-29,M4,47.0,45.832055707976586,3.8048673776949107,0.08340108356387918,exp(m + variance/2) - 1,
16,2025-12-15,14,2025-12-29,M5,47.0,54.907872739855684,3.9833779116709587,0.08065458941398639,exp(m + variance/2) - 1,
17,2025-12-16,14,2025-12-30,M0,39.0,49.0,,,not applicable -- original-scale benchmark,2024-12-30
17,2025-12-16,14,2025-12-30,M1,39.0,43.385773953228984,3.751238889410307,0.08336024445589776,exp(m + variance/2) - 1,
17,2025-12-16,14,2025-12-30,M2,39.0,47.14648715789656,3.832909467581011,0.08267742355879015,exp(m + variance/2) - 1,
17,2025-12-16,14,2025-12-30,M3,39.0,45.9207795537691,3.8075740369745827,0.08177320240626051,exp(m + variance/2) - 1,
17,2025-12-16,14,2025-12-30,M4,39.0,43.588836154614775,3.7556178907181805,0.08373125308061143,exp(m + variance/2) - 1,
17,2025-12-16,14,2025-12-30,M5,39.0,51.38767471169418,3.9181996314986254,0.08094343347040121,exp(m + variance/2) - 1,
18,2025-12-17,14,2025-12-31,M0,26.0,31.0,,,not applicable -- original-scale benchmark,2024-12-31
18,2025-12-17,14,2025-12-31,M1,26.0,39.591061871404676,3.661419807659104,0.08425616752236266,exp(m + variance/2) - 1,
18,2025-12-17,14,2025-12-31,M2,26.0,43.045681854952164,3.743433005214148,0.0835886281970667,exp(m + variance/2) - 1,
18,2025-12-17,14,2025-12-31,M3,26.0,42.787307163043884,3.73799380389569,0.08270036138231665,exp(m + variance/2) - 1,
18,2025-12-17,14,2025-12-31,M4,26.0,39.77511738320939,3.66578772203533,0.08456861054204409,exp(m + variance/2) - 1,
18,2025-12-17,14,2025-12-31,M5,26.0,47.93446053857478,3.8495434492601395,0.08187682703261984,exp(m + variance/2) - 1,
19,2025-12-18,14,2026-01-01,M0,24.0,43.0,,,not applicable -- original-scale benchmark,2025-01-01
19,2025-12-18,14,2026-01-01,M1,24.0,41.30622177235672,3.7030284387474723,0.08381144661099696,exp(m + variance/2) - 1,
19,2025-12-18,14,2026-01-01,M2,24.0,44.89010358069979,3.7846798792484257,0.08313921261529844,exp(m + variance/2) - 1,
19,2025-12-18,14,2026-01-01,M3,24.0,44.791346299174805,3.782962519448106,0.08226521677346388,exp(m + variance/2) - 1,
19,2025-12-18,14,2026-01-01,M4,24.0,41.52929701277852,3.7081394272169588,0.08410750540770288,exp(m + variance/2) - 1,
19,2025-12-18,14,2026-01-01,M5,24.0,50.17469053085913,3.8945231118498844,0.08144394481451414,exp(m + variance/2) - 1,
20,2025-12-19,14,2026-01-02,M0,34.0,70.0,,,not applicable -- original-scale benchmark,2025-01-02
20,2025-12-19,14,2026-01-02,M1,34.0,43.44615336741224,3.7525501828464805,0.08345647390569146,exp(m + variance/2) - 1,
20,2025-12-19,14,2026-01-02,M2,34.0,47.19747337032513,3.8339134454974446,0.08278630896470238,exp(m + variance/2) - 1,
20,2025-12-19,14,2026-01-02,M3,34.0,47.29972623258002,3.8364639129827056,0.08192395919446477,exp(m + variance/2) - 1,
20,2025-12-19,14,2026-01-02,M4,34.0,43.708220481215676,3.7582873691446674,0.0837400378992053,exp(m + variance/2) - 1,
20,2025-12-19,14,2026-01-02,M5,34.0,52.99877569878187,3.948415824597415,0.08109109893011976,exp(m + variance/2) - 1,
21,2025-12-20,14,2026-01-03,M0,33.0,58.0,,,not applicable -- original-scale benchmark,2025-01-03
21,2025-12-20,14,2026-01-03,M1,33.0,42.5522107900796,3.73223302259102,0.08345488765915214,exp(m + variance/2) - 1,
21,2025-12-20,14,2026-01-03,M2,33.0,46.22839562362403,3.813605545898093,0.08277953599757243,exp(m + variance/2) - 1,
21,2025-12-20,14,2026-01-03,M3,33.0,46.60630148899437,3.8219874735062507,0.08195532638335318,exp(m + variance/2) - 1,
21,2025-12-20,14,2026-01-03,M4,33.0,42.806085564498375,3.737902059544702,0.08374137603036849,exp(m + variance/2) - 1,
21,2025-12-20,14,2026-01-03,M5,33.0,52.222338531355355,3.933912421048448,0.08113156874583402,exp(m + variance/2) - 1,
22,2025-12-21,14,2026-01-04,M0,31.0,67.0,,,not applicable -- original-scale benchmark,2025-01-04
22,2025-12-21,14,2026-01-04,M1,31.0,42.868948465982314,3.7395378446766947,0.08333780179063041,exp(m + variance/2) - 1,
22,2025-12-21,14,2026-01-04,M2,31.0,46.565570703517785,3.82077714226434,0.08266410542829714,exp(m + variance/2) - 1,
22,2025-12-21,14,2026-01-04,M3,31.0,46.84781713949354,3.827109664122081,0.08183166783390147,exp(m + variance/2) - 1,
22,2025-12-21,14,2026-01-04,M4,31.0,43.13174826637028,3.745369770618185,0.08361933631413736,exp(m + variance/2) - 1,
22,2025-12-21,14,2026-01-04,M5,31.0,52.48306618944562,3.938856606182849,0.08101695558538638,exp(m + variance/2) - 1,
23,2025-12-22,14,2026-01-05,M0,34.0,70.0,,,not applicable -- original-scale benchmark,2025-01-05
23,2025-12-22,14,2026-01-05,M1,34.0,42.40294122548809,3.728889277651122,0.08327586266295874,exp(m + variance/2) - 1,
23,2025-12-22,14,2026-01-05,M2,34.0,46.061717467629066,3.81015953281927,0.08260069017749096,exp(m + variance/2) - 1,
23,2025-12-22,14,2026-01-05,M3,34.0,46.23760245768567,3.814286530908888,0.081807413509604,exp(m + variance/2) - 1,
23,2025-12-22,14,2026-01-05,M4,34.0,42.933737972596916,3.7409037948375063,0.0835574976445576,exp(m + variance/2) - 1,
23,2025-12-22,14,2026-01-05,M5,34.0,52.051046683859134,3.930766222668682,0.08097674467078919,exp(m + variance/2) - 1,
24,2025-12-23,14,2026-01-06,M0,47.0,57.0,,,not applicable -- original-scale benchmark,2025-01-06
24,2025-12-23,14,2026-01-06,M1,47.0,44.09646906624544,3.7672331523488793,0.08314159976153272,exp(m + variance/2) - 1,
24,2025-12-23,14,2026-01-06,M2,47.0,47.88193225883624,3.8481719192856705,0.08247185091988431,exp(m + variance/2) - 1,
24,2025-12-23,14,2026-01-06,M3,47.0,48.1745907140532,3.8545691911693654,0.08161570004374394,exp(m + variance/2) - 1,
24,2025-12-23,14,2026-01-06,M4,47.0,44.627980136865325,3.778801535315637,0.08343918504433567,exp(m + variance/2) - 1,
24,2025-12-23,14,2026-01-06,M5,47.0,54.186005688681504,3.97029388430359,0.08083103341043378,exp(m + variance/2) - 1,
25,2025-12-24,14,2026-01-07,M0,34.0,53.0,,,not applicable -- original-scale benchmark,2025-01-07
25,2025-12-24,14,2026-01-07,M1,34.0,46.44642604964379,3.818037330736872,0.08312774227528247,exp(m + variance/2) - 1,
25,2025-12-24,14,2026-01-07,M2,34.0,50.4114971993293,3.89863066005396,0.08246233663023107,exp(m + variance/2) - 1,
25,2025-12-24,14,2026-01-07,M3,34.0,51.09023766839939,3.912189411229828,0.0815762863322245,exp(m + variance/2) - 1,
25,2025-12-24,14,2026-01-07,M4,34.0,46.99722958223811,3.8294255489880986,0.08343548643478857,exp(m + variance/2) - 1,
25,2025-12-24,14,2026-01-07,M5,34.0,57.452039477806984,4.0278261901465235,0.08076077970825277,exp(m + variance/2) - 1,
26,2025-12-25,14,2026-01-08,M0,33.0,49.0,,,not applicable -- original-scale benchmark,2025-01-08
26,2025-12-25,14,2026-01-08,M1,33.0,44.133840043785725,3.768105230392551,0.08305413664335877,exp(m + variance/2) - 1,
26,2025-12-25,14,2026-01-08,M2,33.0,47.92576385931738,3.849115453486,0.08237734507432032,exp(m + variance/2) - 1,
26,2025-12-25,14,2026-01-08,M3,33.0,48.603298007710755,3.8632605149865706,0.08159361724950526,exp(m + variance/2) - 1,
26,2025-12-25,14,2026-01-08,M4,33.0,44.58868554927165,3.778000955734483,0.08331721215708637,exp(m + variance/2) - 1,
26,2025-12-25,14,2026-01-08,M5,33.0,54.571540145297874,3.9772823103722823,0.08077778388967674,exp(m + variance/2) - 1,
27,2025-12-26,14,2026-01-09,M0,20.0,53.0,,,not applicable -- original-scale benchmark,2025-01-09
27,2025-12-26,14,2026-01-09,M1,20.0,41.97011663337133,3.71897007732342,0.08306966951496045,exp(m + variance/2) - 1,
27,2025-12-26,14,2026-01-09,M2,20.0,45.60726261957259,3.8005547496517402,0.08240325908379724,exp(m + variance/2) - 1,
27,2025-12-26,14,2026-01-09,M3,20.0,45.549812593214135,3.7996645292925266,0.0817168969958742,exp(m + variance/2) - 1,
27,2025-12-26,14,2026-01-09,M4,20.0,42.35212253487422,3.7276418984978292,0.08342753254456436,exp(m + variance/2) - 1,
27,2025-12-26,14,2026-01-09,M5,20.0,51.115781396241125,3.913000400460258,0.0809348166205765,exp(m + variance/2) - 1,
28,2025-12-27,14,2026-01-10,M0,30.0,41.0,,,not applicable -- original-scale benchmark,2025-01-10
28,2025-12-27,14,2026-01-10,M1,30.0,43.086497527369694,3.7446834903056647,0.08294013349445845,exp(m + variance/2) - 1,
28,2025-12-27,14,2026-01-10,M2,30.0,46.80623930718678,3.82601818927241,0.08227594229165604,exp(m + variance/2) - 1,
28,2025-12-27,14,2026-01-10,M3,30.0,45.48798297057391,3.798414531943393,0.08155863302118707,exp(m + variance/2) - 1,
28,2025-12-27,14,2026-01-10,M4,30.0,43.46181943080758,3.7530104427350643,0.08324077566766841,exp(m + variance/2) - 1,
28,2025-12-27,14,2026-01-10,M5,30.0,50.94368209916597,3.909770895417749,0.08077839940257703,exp(m + variance/2) - 1,
29,2025-12-28,14,2026-01-11,M0,38.0,45.0,,,not applicable -- original-scale benchmark,2025-01-11
29,2025-12-28,14,2026-01-11,M1,38.0,43.34428159033925,3.7505627529529297,0.08284201855669478,exp(m + variance/2) - 1,
29,2025-12-28,14,2026-01-11,M2,38.0,46.209309792971155,3.8134873011098236,0.08220762681734135,exp(m + variance/2) - 1,
29,2025-12-28,14,2026-01-11,M3,38.0,45.604850692774704,3.8009722421969054,0.08146477127422935,exp(m + variance/2) - 1,
29,2025-12-28,14,2026-01-11,M4,38.0,43.70638955561596,3.7585867481345545,0.08305937269647388,exp(m + variance/2) - 1,
29,2025-12-28,14,2026-01-11,M5,38.0,49.70464834615008,3.885633363494488,0.08076845251200887,exp(m + variance/2) - 1,
30,2025-12-29,14,2026-01-12,M0,40.0,52.0,,,not applicable -- original-scale benchmark,2025-01-12
30,2025-12-29,14,2026-01-12,M1,40.0,44.152706277630934,3.7686717772871283,0.08275688096690081,exp(m + variance/2) - 1,
30,2025-12-29,14,2026-01-12,M2,40.0,46.64060347068293,3.822641750390547,0.08208732265409521,exp(m + variance/2) - 1,
30,2025-12-29,14,2026-01-12,M3,40.0,46.32045828519783,3.8162651813151776,0.08135508511574148,exp(m + variance/2) - 1,
30,2025-12-29,14,2026-01-12,M4,40.0,45.05535735715458,3.7883185668932082,0.08305105374638161,exp(m + variance/2) - 1,
30,2025-12-29,14,2026-01-12,M5,40.0,50.31132815709591,3.8975763615147954,0.08067037612027457,exp(m + variance/2) - 1,
31,2025-12-30,14,2026-01-13,M0,32.0,54.0,,,not applicable -- original-scale benchmark,2025-01-13
31,2025-12-30,14,2026-01-13,M1,32.0,43.213190678226404,3.747687081928436,0.0826721885348706,exp(m + variance/2) - 1,
31,2025-12-30,14,2026-01-13,M2,32.0,45.02102570034331,3.7880567471083966,0.08208325078699902,exp(m + variance/2) - 1,
31,2025-12-30,14,2026-01-13,M3,32.0,45.42598030769681,3.7972124048402445,0.08129363623902698,exp(m + variance/2) - 1,
31,2025-12-30,14,2026-01-13,M4,32.0,44.10532170889132,3.767507111794768,0.08298625146500498,exp(m + variance/2) - 1,
31,2025-12-30,14,2026-01-13,M5,32.0,48.53485029691212,3.862321580514839,0.08070977547533717,exp(m + variance/2) - 1,
32,2025-12-31,14,2026-01-14,M0,35.0,59.0,,,not applicable -- original-scale benchmark,2025-01-14
32,2025-12-31,14,2026-01-14,M1,35.0,39.48976818766248,3.659569878081007,0.08295885354326099,exp(m + variance/2) - 1,
32,2025-12-31,14,2026-01-14,M2,35.0,38.26860395054212,3.6291394062255034,0.08257182341621151,exp(m + variance/2) - 1,
32,2025-12-31,14,2026-01-14,M3,35.0,41.12966000748954,3.699898754260601,0.08170650323361997,exp(m + variance/2) - 1,
32,2025-12-31,14,2026-01-14,M4,35.0,40.26756999325412,3.6784459807909182,0.08326196106762204,exp(m + variance/2) - 1,
32,2025-12-31,14,2026-01-14,M5,35.0,40.21667919600762,3.6781363815989527,0.0814132553751229,exp(m + variance/2) - 1,
33,2026-01-01,14,2026-01-15,M0,36.0,42.0,,,not applicable -- original-scale benchmark,2025-01-15
33,2026-01-01,14,2026-01-15,M1,36.0,36.31566738721223,3.5776661847394933,0.08349418182005372,exp(m + variance/2) - 1,
33,2026-01-01,14,2026-01-15,M2,36.0,35.34767645005082,3.5515038427364236,0.08325287521166456,exp(m + variance/2) - 1,
33,2026-01-01,14,2026-01-15,M3,36.0,37.80010729783462,3.617242212578641,0.08236159890974354,exp(m + variance/2) - 1,
33,2026-01-01,14,2026-01-15,M4,36.0,37.0152964554022,3.5960840755316297,0.08380908299601593,exp(m + variance/2) - 1,
33,2026-01-01,14,2026-01-15,M5,36.0,37.08334116972671,3.598634219530939,0.08228545468974667,exp(m + variance/2) - 1,
34,2026-01-02,14,2026-01-16,M0,42.0,59.0,,,not applicable -- original-scale benchmark,2025-01-16
34,2026-01-02,14,2026-01-16,M1,42.0,36.15288752386417,3.5733344689984965,0.08341405044909118,exp(m + variance/2) - 1,
34,2026-01-02,14,2026-01-16,M2,42.0,35.1036461322403,3.544794810346083,0.08319810157117635,exp(m + variance/2) - 1,
34,2026-01-02,14,2026-01-16,M3,42.0,37.66541861507571,3.6137930028118053,0.08230524381842427,exp(m + variance/2) - 1,
34,2026-01-02,14,2026-01-16,M4,42.0,36.85456840881565,3.5918883808760675,0.08372657889401747,exp(m + variance/2) - 1,
34,2026-01-02,14,2026-01-16,M5,42.0,36.849432230682766,3.592472187834209,0.08228758285275459,exp(m + variance/2) - 1,
35,2026-01-03,14,2026-01-17,M0,45.0,52.0,,,not applicable -- original-scale benchmark,2025-01-17
35,2026-01-03,14,2026-01-17,M1,45.0,35.53490127415462,3.5565542807819015,0.08342744446224604,exp(m + variance/2) - 1,
35,2026-01-03,14,2026-01-17,M2,45.0,34.4682870844888,3.5270160527651306,0.08324584580609151,exp(m + variance/2) - 1,
35,2026-01-03,14,2026-01-17,M3,45.0,36.9543286637138,3.5951843038664117,0.0823985115111358,exp(m + variance/2) - 1,
35,2026-01-03,14,2026-01-17,M4,45.0,36.22786097743405,3.575188612453623,0.08373763901584341,exp(m + variance/2) - 1,
35,2026-01-03,14,2026-01-17,M5,45.0,36.11012116459644,3.572684646067153,0.08241018802410707,exp(m + variance/2) - 1,
36,2026-01-04,14,2026-01-18,M0,41.0,51.0,,,not applicable -- original-scale benchmark,2025-01-18
36,2026-01-04,14,2026-01-18,M1,41.0,34.64355542980793,3.531822265037557,0.08349218424770857,exp(m + variance/2) - 1,
36,2026-01-04,14,2026-01-18,M2,41.0,33.599960617324484,3.502181437122665,0.08334221342549969,exp(m + variance/2) - 1,
36,2026-01-04,14,2026-01-18,M3,41.0,35.87046065233114,3.5661474037795298,0.08252660469835596,exp(m + variance/2) - 1,
36,2026-01-04,14,2026-01-18,M4,41.0,35.31898599659454,3.5504374030196013,0.08380646345558977,exp(m + variance/2) - 1,
36,2026-01-04,14,2026-01-18,M5,41.0,35.04133117175356,3.5433702289397186,0.08259227814301887,exp(m + variance/2) - 1,
37,2026-01-05,14,2026-01-19,M0,50.0,30.0,,,not applicable -- original-scale benchmark,2025-01-19
37,2026-01-05,14,2026-01-19,M1,50.0,34.54675883122373,3.5291494989610452,0.08339896202859712,exp(m + variance/2) - 1,
37,2026-01-05,14,2026-01-19,M2,50.0,33.45828041627756,3.498120788067066,0.0832570818502157,exp(m + variance/2) - 1,
37,2026-01-05,14,2026-01-19,M3,50.0,35.64567979480439,3.560067062283748,0.08245696348430179,exp(m + variance/2) - 1,
37,2026-01-05,14,2026-01-19,M4,50.0,35.520180577674964,3.5560055301943514,0.08371894028873894,exp(m + variance/2) - 1,
37,2026-01-05,14,2026-01-19,M5,50.0,35.02495920946113,3.542931554474,0.08256091025345824,exp(m + variance/2) - 1,
38,2026-01-06,14,2026-01-20,M0,42.0,41.0,,,not applicable -- original-scale benchmark,2025-01-20
38,2026-01-06,14,2026-01-20,M1,42.0,36.57481069490817,3.584767152743103,0.08313348964716315,exp(m + variance/2) - 1,
38,2026-01-06,14,2026-01-20,M2,42.0,35.26748902362429,3.5494487757796818,0.08294589000145695,exp(m + variance/2) - 1,
38,2026-01-06,14,2026-01-20,M3,42.0,38.482206824334604,3.6347744379407754,0.08215134467044813,exp(m + variance/2) - 1,
38,2026-01-06,14,2026-01-20,M4,42.0,37.611558212482116,3.6118136281307405,0.08347607814939469,exp(m + variance/2) - 1,
38,2026-01-06,14,2026-01-20,M5,42.0,37.62406739045595,3.6127712952798334,0.08220858883132263,exp(m + variance/2) - 1,
39,2026-01-07,14,2026-01-21,M0,49.0,46.0,,,not applicable -- original-scale benchmark,2025-01-21
39,2026-01-07,14,2026-01-21,M1,49.0,35.81428670516234,3.5643399061253156,0.08309217878647339,exp(m + variance/2) - 1,
39,2026-01-07,14,2026-01-21,M2,49.0,34.529529322218465,3.5288997898162724,0.08292874558957954,exp(m + variance/2) - 1,
39,2026-01-07,14,2026-01-21,M3,49.0,36.96568349413049,3.5956089523390244,0.08214746686743832,exp(m + variance/2) - 1,
39,2026-01-07,14,2026-01-21,M4,49.0,36.79042853101808,3.590354806308963,0.08340210157501304,exp(m + variance/2) - 1,
39,2026-01-07,14,2026-01-21,M5,49.0,36.116879103272,3.572956213984444,0.08223122903459923,exp(m + variance/2) - 1,
40,2026-01-08,14,2026-01-22,M0,38.0,35.0,,,not applicable -- original-scale benchmark,2025-01-22
40,2026-01-08,14,2026-01-22,M1,38.0,35.2336606545081,3.5484715363539876,0.08303400553467619,exp(m + variance/2) - 1,
40,2026-01-08,14,2026-01-22,M2,38.0,33.951706994433174,3.5125404889105645,0.08285363923801409,exp(m + variance/2) - 1,
40,2026-01-08,14,2026-01-22,M3,38.0,36.00496179482365,3.5699851511315934,0.08213371016897539,exp(m + variance/2) - 1,
40,2026-01-08,14,2026-01-22,M4,38.0,36.15834742907446,3.5734889921791226,0.08339889801779828,exp(m + variance/2) - 1,
40,2026-01-08,14,2026-01-22,M5,38.0,35.143583007561745,3.5463791583060775,0.08224052875527005,exp(m + variance/2) - 1,
41,2026-01-09,14,2026-01-23,M0,35.0,40.0,,,not applicable -- original-scale benchmark,2025-01-23
41,2026-01-09,14,2026-01-23,M1,35.0,31.617415351330514,3.443019446846687,0.08365382423176587,exp(m + variance/2) - 1,
41,2026-01-09,14,2026-01-23,M2,35.0,30.54548056174544,3.4096594298125655,0.0835418041190035,exp(m + variance/2) - 1,
41,2026-01-09,14,2026-01-23,M3,35.0,31.874996033717018,3.4512616176674955,0.08290150436606988,exp(m + variance/2) - 1,
41,2026-01-09,14,2026-01-23,M4,35.0,32.359591940397486,3.4653529125533216,0.08398486571987884,exp(m + variance/2) - 1,
41,2026-01-09,14,2026-01-23,M5,35.0,31.15132712214242,3.4289101325781175,0.08308719264971465,exp(m + variance/2) - 1,
42,2026-01-10,14,2026-01-24,M0,33.0,49.0,,,not applicable -- original-scale benchmark,2025-01-24
42,2026-01-10,14,2026-01-24,M1,33.0,31.463864548955577,3.4383481297922778,0.08355896187271449,exp(m + variance/2) - 1,
42,2026-01-10,14,2026-01-24,M2,33.0,30.380260977889048,3.404452675607005,0.08345277671659299,exp(m + variance/2) - 1,
42,2026-01-10,14,2026-01-24,M3,33.0,31.441456810881043,3.4380286491974,0.08281697379696709,exp(m + variance/2) - 1,
42,2026-01-10,14,2026-01-24,M4,33.0,32.196377372953584,3.460493692286858,0.08389412481919607,exp(m + variance/2) - 1,
42,2026-01-10,14,2026-01-24,M5,33.0,30.7054187818927,3.414979000810402,0.08301720991245178,exp(m + variance/2) - 1,
43,2026-01-11,14,2026-01-25,M0,32.0,36.0,,,not applicable -- original-scale benchmark,2025-01-25
43,2026-01-11,14,2026-01-25,M1,32.0,32.46835421833244,3.4689443178011046,0.0833120487353911,exp(m + variance/2) - 1,
43,2026-01-11,14,2026-01-25,M2,32.0,31.31622660533037,3.4339749598513314,0.08318903182585491,exp(m + variance/2) - 1,
43,2026-01-11,14,2026-01-25,M3,32.0,32.47644212926792,3.4695712626619826,0.08254141754401217,exp(m + variance/2) - 1,
43,2026-01-11,14,2026-01-25,M4,32.0,33.2087350727601,3.4906505590781984,0.083660927725228,exp(m + variance/2) - 1,
43,2026-01-11,14,2026-01-25,M5,32.0,31.669875101995302,3.445109347941224,0.08268810929248772,exp(m + variance/2) - 1,
44,2026-01-12,14,2026-01-26,M0,45.0,46.0,,,not applicable -- original-scale benchmark,2025-01-26
44,2026-01-12,14,2026-01-26,M1,45.0,33.49950091582667,3.499371781848982,0.0831461517515461,exp(m + variance/2) - 1,
44,2026-01-12,14,2026-01-26,M2,45.0,32.281237637466106,3.4634837945491945,0.08302001867623626,exp(m + variance/2) - 1,
44,2026-01-12,14,2026-01-26,M3,45.0,33.49524142492876,3.4996440653614407,0.08235463890097201,exp(m + variance/2) - 1,
44,2026-01-12,14,2026-01-26,M4,45.0,34.396344419587926,3.5248429670572023,0.08353116553387771,exp(m + variance/2) - 1,
44,2026-01-12,14,2026-01-26,M5,45.0,32.755181662161526,3.4778570711167194,0.08255373029578963,exp(m + variance/2) - 1,
45,2026-01-13,14,2026-01-27,M0,30.0,40.0,,,not applicable -- original-scale benchmark,2025-01-27
45,2026-01-13,14,2026-01-27,M1,30.0,32.92820844615145,3.4827063507801577,0.08308085030555165,exp(m + variance/2) - 1,
45,2026-01-13,14,2026-01-27,M2,30.0,31.728723962674493,3.446777502404728,0.08295119713572914,exp(m + variance/2) - 1,
45,2026-01-13,14,2026-01-27,M3,30.0,32.92167940085349,3.482905864613671,0.08229691144557887,exp(m + variance/2) - 1,
45,2026-01-13,14,2026-01-27,M4,30.0,33.72342238693276,3.50569988228996,0.08342914739318655,exp(m + variance/2) - 1,
45,2026-01-13,14,2026-01-27,M5,30.0,32.12170222051847,3.458945266799515,0.08248691388778681,exp(m + variance/2) - 1,
46,2026-01-14,14,2026-01-28,M0,35.0,32.0,,,not applicable -- original-scale benchmark,2025-01-28
46,2026-01-14,14,2026-01-28,M1,35.0,33.149674900876384,3.489263811247843,0.08297850996713346,exp(m + variance/2) - 1,
46,2026-01-14,14,2026-01-28,M2,35.0,32.32424756493157,3.464861315490207,0.0828479432458718,exp(m + variance/2) - 1,
46,2026-01-14,14,2026-01-28,M3,35.0,33.16218347514032,3.490021620567336,0.08219533074356372,exp(m + variance/2) - 1,
46,2026-01-14,14,2026-01-28,M4,35.0,33.91724956343847,3.5112870769435496,0.08338777398440794,exp(m + variance/2) - 1,
46,2026-01-14,14,2026-01-28,M5,35.0,32.76020423817518,3.4781078545058763,0.08234972982512213,exp(m + variance/2) - 1,
47,2026-01-15,14,2026-01-29,M0,34.0,34.0,,,not applicable -- original-scale benchmark,2025-01-29
47,2026-01-15,14,2026-01-29,M1,34.0,33.42000611822944,3.4971950766881363,0.08288578369480826,exp(m + variance/2) - 1,
47,2026-01-15,14,2026-01-29,M2,34.0,32.80746213336661,3.479309998731237,0.08274310513490292,exp(m + variance/2) - 1,
47,2026-01-15,14,2026-01-29,M3,34.0,33.545433902977294,3.501228709823166,0.08209334510664476,exp(m + variance/2) - 1,
47,2026-01-15,14,2026-01-29,M4,34.0,34.14752477069267,3.51792842349692,0.08325154647751244,exp(m + variance/2) - 1,
47,2026-01-15,14,2026-01-29,M5,34.0,33.34627687926353,3.4953647973735977,0.08225765525202593,exp(m + variance/2) - 1,
48,2026-01-16,14,2026-01-30,M0,38.0,47.0,,,not applicable -- original-scale benchmark,2025-01-30
48,2026-01-16,14,2026-01-30,M1,38.0,34.61468586781517,3.5313289686639684,0.082858217012119,exp(m + variance/2) - 1,
48,2026-01-16,14,2026-01-30,M2,38.0,34.251807690373425,3.5211504843691936,0.08273265114123307,exp(m + variance/2) - 1,
48,2026-01-16,14,2026-01-30,M3,38.0,34.47627752280489,3.5278428101035275,0.08204284842511111,exp(m + variance/2) - 1,
48,2026-01-16,14,2026-01-30,M4,38.0,35.33582951090982,3.551183542594451,0.0832415014836634,exp(m + variance/2) - 1,
48,2026-01-16,14,2026-01-30,M5,38.0,34.55032445729617,3.5298523822114682,0.08219380156729655,exp(m + variance/2) - 1,
49,2026-01-17,14,2026-01-31,M0,35.0,57.0,,,not applicable -- original-scale benchmark,2025-01-31
49,2026-01-17,14,2026-01-31,M1,35.0,35.98766918634113,3.5691248190216216,0.0829195456867605,exp(m + variance/2) - 1,
49,2026-01-17,14,2026-01-31,M2,35.0,35.80185711596305,3.5641365287145073,0.08282356058949736,exp(m + variance/2) - 1,
49,2026-01-17,14,2026-01-31,M3,35.0,35.78004972900229,3.563908157779511,0.08209482692430543,exp(m + variance/2) - 1,
49,2026-01-17,14,2026-01-31,M4,35.0,36.72240491843374,3.5886044834432833,0.08329945881211573,exp(m + variance/2) - 1,
49,2026-01-17,14,2026-01-31,M5,35.0,36.056974296918185,3.571312131472188,0.08228888537540374,exp(m + variance/2) - 1,
50,2026-01-18,14,2026-02-01,M0,36.0,36.0,,,not applicable -- original-scale benchmark,2025-02-01
50,2026-01-18,14,2026-02-01,M1,36.0,36.476403461883926,3.5822578973153956,0.08290719317865054,exp(m + variance/2) - 1,
50,2026-01-18,14,2026-02-01,M2,36.0,36.353769268180216,3.579027242670777,0.0828131626086266,exp(m + variance/2) - 1,
50,2026-01-18,14,2026-02-01,M3,36.0,36.221451517357785,3.5758584250334815,0.08205364747436628,exp(m + variance/2) - 1,
50,2026-01-18,14,2026-02-01,M4,36.0,37.19033262962642,3.600936845464049,0.08329113119471489,exp(m + variance/2) - 1,
50,2026-01-18,14,2026-02-01,M5,36.0,36.57069780937984,3.5850860409051837,0.08227678417530915,exp(m + variance/2) - 1,
51,2026-01-19,14,2026-02-02,M0,41.0,43.0,,,not applicable -- original-scale benchmark,2025-02-02
51,2026-01-19,14,2026-02-02,M1,41.0,38.38735489909773,3.6318634972404995,0.08316265180666098,exp(m + variance/2) - 1,
51,2026-01-19,14,2026-02-02,M2,41.0,38.356512915190926,3.631110936334646,0.08310107458058738,exp(m + variance/2) - 1,
51,2026-01-19,14,2026-02-02,M3,41.0,38.05516802748451,3.623837600567315,0.0822752216306824,exp(m + variance/2) - 1,
51,2026-01-19,14,2026-02-02,M4,41.0,39.151437096720365,3.6508840775836466,0.0835483107241926,exp(m + variance/2) - 1,
51,2026-01-19,14,2026-02-02,M5,41.0,38.55602349701993,3.6364637595629103,0.08250844772753547,exp(m + variance/2) - 1,
52,2026-01-20,14,2026-02-03,M0,46.0,54.0,,,not applicable -- original-scale benchmark,2025-02-03
52,2026-01-20,14,2026-02-03,M1,46.0,38.55939399908203,3.6362359712053816,0.08313443381011362,exp(m + variance/2) - 1,
52,2026-01-20,14,2026-02-03,M2,46.0,38.535356098924005,3.635670216264757,0.08305029279831022,exp(m + variance/2) - 1,
52,2026-01-20,14,2026-02-03,M3,46.0,38.122726008652904,3.625599771471538,0.08220750903017454,exp(m + variance/2) - 1,
52,2026-01-20,14,2026-02-03,M4,46.0,39.22764517293825,3.652801038949683,0.08350682238677712,exp(m + variance/2) - 1,
52,2026-01-20,14,2026-02-03,M5,46.0,38.55987196018699,3.6365886478389737,0.08245324462479506,exp(m + variance/2) - 1,
53,2026-01-21,14,2026-02-04,M0,40.0,58.0,,,not applicable -- original-scale benchmark,2025-02-04
53,2026-01-21,14,2026-02-04,M1,40.0,40.03192293914245,3.6726753688131915,0.08335000640941966,exp(m + variance/2) - 1,
53,2026-01-21,14,2026-02-04,M2,40.0,40.034591998741774,3.672784425422325,0.08326198569488807,exp(m + variance/2) - 1,
53,2026-01-21,14,2026-02-04,M3,40.0,39.37844026085171,3.6571052532890436,0.08238146464584159,exp(m + variance/2) - 1,
53,2026-01-21,14,2026-02-04,M4,40.0,40.66926508418619,3.6879044026174457,0.08371881218556843,exp(m + variance/2) - 1,
53,2026-01-21,14,2026-02-04,M5,40.0,39.84736445875207,3.668514605145738,0.08265539309063778,exp(m + variance/2) - 1,
54,2026-01-22,14,2026-02-05,M0,21.0,46.0,,,not applicable -- original-scale benchmark,2025-02-05
54,2026-01-22,14,2026-02-05,M1,21.0,39.15774793249119,3.651231176381098,0.08316844010354721,exp(m + variance/2) - 1,
54,2026-01-22,14,2026-02-05,M2,21.0,39.14204282212373,3.650883979337078,0.08308051033145586,exp(m + variance/2) - 1,
54,2026-01-22,14,2026-02-05,M3,21.0,38.659057193731265,3.6392132209299453,0.08221225931709503,exp(m + variance/2) - 1,
54,2026-01-22,14,2026-02-05,M4,21.0,39.68158123615968,3.6640236417992034,0.08350359747563785,exp(m + variance/2) - 1,
54,2026-01-22,14,2026-02-05,M5,21.0,39.02689480596071,3.648330139131489,0.08244291838385495,exp(m + variance/2) - 1,
55,2026-01-23,14,2026-02-06,M0,29.0,45.0,,,not applicable -- original-scale benchmark,2025-02-06
55,2026-01-23,14,2026-02-06,M1,29.0,38.05065764498792,3.6233661155022476,0.08298720348496158,exp(m + variance/2) - 1,
55,2026-01-23,14,2026-02-06,M2,29.0,38.01898696813144,3.6225971386181106,0.0829024687549961,exp(m + variance/2) - 1,
55,2026-01-23,14,2026-02-06,M3,29.0,37.78386164260916,3.6169783656559433,0.08205171480264395,exp(m + variance/2) - 1,
55,2026-01-23,14,2026-02-06,M4,29.0,38.48017523087366,3.6341437565122967,0.08330979303022255,exp(m + variance/2) - 1,
55,2026-01-23,14,2026-02-06,M5,29.0,38.0660116438609,3.624104281395088,0.08229708028756073,exp(m + variance/2) - 1,
56,2026-01-24,14,2026-02-07,M0,31.0,39.0,,,not applicable -- original-scale benchmark,2025-02-07
56,2026-01-24,14,2026-02-07,M1,31.0,36.77229106273912,3.5901516269148184,0.08284833247352809,exp(m + variance/2) - 1,
56,2026-01-24,14,2026-02-07,M2,31.0,36.72894061893646,3.5890439777037364,0.08276695585604694,exp(m + variance/2) - 1,
56,2026-01-24,14,2026-02-07,M3,31.0,36.37799693534283,3.580116374279241,0.08193167955586317,exp(m + variance/2) - 1,
56,2026-01-24,14,2026-02-07,M4,31.0,37.12688904951117,3.599319109312803,0.08320134645381266,exp(m + variance/2) - 1,
56,2026-01-24,14,2026-02-07,M5,31.0,36.59668497422275,3.5858329761351824,0.08216580958934228,exp(m + variance/2) - 1,
57,2026-01-25,14,2026-02-08,M0,25.0,50.0,,,not applicable -- original-scale benchmark,2025-02-08
57,2026-01-25,14,2026-02-08,M1,25.0,35.560210986176244,3.5575802028805867,0.08276062929078284,exp(m + variance/2) - 1,
57,2026-01-25,14,2026-02-08,M2,25.0,35.510244606735355,3.556254035526939,0.08267771967403491,exp(m + variance/2) - 1,
57,2026-01-25,14,2026-02-08,M3,25.0,35.247079956322835,3.5494350074091923,0.0818476354358096,exp(m + variance/2) - 1,
57,2026-01-25,14,2026-02-08,M4,25.0,35.85459283827438,3.5654114213458814,0.08313765113695079,exp(m + variance/2) - 1,
57,2026-01-25,14,2026-02-08,M5,25.0,35.41363705399773,3.553898579689085,0.08208953826507875,exp(m + variance/2) - 1,
58,2026-01-26,14,2026-02-09,M0,30.0,38.0,,,not applicable -- original-scale benchmark,2025-02-09
58,2026-01-26,14,2026-02-09,M1,30.0,36.882693415770056,3.593127430026243,0.08273387932975285,exp(m + variance/2) - 1,
58,2026-01-26,14,2026-02-09,M2,30.0,36.83778151146374,3.5919845915682966,0.08264704552823929,exp(m + variance/2) - 1,
58,2026-01-26,14,2026-02-09,M3,30.0,36.58775054624152,3.5857686172907464,0.08181919336308004,exp(m + variance/2) - 1,
58,2026-01-26,14,2026-02-09,M4,30.0,37.187346640072704,3.6009590055998957,0.08309043070388986,exp(m + variance/2) - 1,
58,2026-01-26,14,2026-02-09,M5,30.0,36.77514542276279,3.590628236763435,0.08204624219419787,exp(m + variance/2) - 1,
59,2026-01-27,14,2026-02-10,M0,57.0,44.0,,,not applicable -- original-scale benchmark,2025-02-10
59,2026-01-27,14,2026-02-10,M1,57.0,34.96131916639406,3.5411050298117535,0.08267772678012444,exp(m + variance/2) - 1,
59,2026-01-27,14,2026-02-10,M2,57.0,34.90767303232409,3.5396533869404263,0.08259523841395978,exp(m + variance/2) - 1,
59,2026-01-27,14,2026-02-10,M3,57.0,34.840611727209264,3.538200569666424,0.08176217315230543,exp(m + variance/2) - 1,
59,2026-01-27,14,2026-02-10,M4,57.0,35.16861199747653,3.5466644703626544,0.08305440090377979,exp(m + variance/2) - 1,
59,2026-01-27,14,2026-02-10,M5,57.0,34.94131344979754,3.5408909650087255,0.0819929226097747,exp(m + variance/2) - 1,
60,2026-01-28,14,2026-02-11,M0,36.0,45.0,,,not applicable -- original-scale benchmark,2025-02-11
60,2026-01-28,14,2026-02-11,M1,36.0,34.71956426186938,3.53440312665167,0.0825908611327214,exp(m + variance/2) - 1,
60,2026-01-28,14,2026-02-11,M2,36.0,34.66948145049323,3.5330402839095014,0.08251035588609704,exp(m + variance/2) - 1,
60,2026-01-28,14,2026-02-11,M3,36.0,34.6964694803133,3.534212913538104,0.08167775249654652,exp(m + variance/2) - 1,
60,2026-01-28,14,2026-02-11,M4,36.0,34.87829947774894,3.538650049099758,0.08296518451220916,exp(m + variance/2) - 1,
60,2026-01-28,14,2026-02-11,M5,36.0,34.756652475874205,3.5357753097799467,0.08192205057993501,exp(m + variance/2) - 1,
61,2026-01-29,14,2026-02-12,M0,41.0,31.0,,,not applicable -- original-scale benchmark,2025-02-12
61,2026-01-29,14,2026-02-12,M1,41.0,34.17404100450397,3.519049522141172,0.0825176338681515,exp(m + variance/2) - 1,
61,2026-01-29,14,2026-02-12,M2,41.0,34.12368279249276,3.517660119087747,0.08243101458679591,exp(m + variance/2) - 1,
61,2026-01-29,14,2026-02-12,M3,41.0,34.14163246516648,3.5185862187607833,0.08160063791373615,exp(m + variance/2) - 1,
61,2026-01-29,14,2026-02-12,M4,41.0,34.28760820359782,3.5220846616013533,0.08289439663419496,exp(m + variance/2) - 1,
61,2026-01-29,14,2026-02-12,M5,41.0,34.17081995065227,3.519295281242684,0.08184295778776762,exp(m + variance/2) - 1,
62,2026-01-30,14,2026-02-13,M0,34.0,42.0,,,not applicable -- original-scale benchmark,2025-02-13
62,2026-01-30,14,2026-02-13,M1,34.0,34.463305288251554,3.527288703798543,0.0824196084843941,exp(m + variance/2) - 1,
62,2026-01-30,14,2026-02-13,M2,34.0,34.4126280908349,3.525899837906804,0.08233728870245746,exp(m + variance/2) - 1,
62,2026-01-30,14,2026-02-13,M3,34.0,34.62767557335744,3.5323700706624597,0.08150533783949376,exp(m + variance/2) - 1,
62,2026-01-30,14,2026-02-13,M4,34.0,34.54619213968413,3.5294468243439288,0.08277242672114897,exp(m + variance/2) - 1,
62,2026-01-30,14,2026-02-13,M5,34.0,34.62673763034052,3.532211439426071,0.08176994712351857,exp(m + variance/2) - 1,
63,2026-01-31,14,2026-02-14,M0,34.0,34.0,,,not applicable -- original-scale benchmark,2025-02-14
63,2026-01-31,14,2026-02-14,M1,34.0,34.077847978192516,3.5164026983025054,0.08233424240413514,exp(m + variance/2) - 1,
63,2026-01-31,14,2026-02-14,M2,34.0,34.030714365812116,3.5150975913550018,0.08225527723708839,exp(m + variance/2) - 1,
63,2026-01-31,14,2026-02-14,M3,34.0,35.04543735125659,3.54406447222632,0.0814316380715582,exp(m + variance/2) - 1,
63,2026-01-31,14,2026-02-14,M4,34.0,34.13327501722876,3.517794058089123,0.08270925899495529,exp(m + variance/2) - 1,
63,2026-01-31,14,2026-02-14,M5,34.0,34.97865886721063,3.5420906214361443,0.08167066398988737,exp(m + variance/2) - 1,
64,2026-02-01,14,2026-02-15,M0,41.0,44.0,,,not applicable -- original-scale benchmark,2025-02-15
64,2026-02-01,14,2026-02-15,M1,41.0,33.99476804613721,3.514075428441842,0.08224627495517196,exp(m + variance/2) - 1,
64,2026-02-01,14,2026-02-15,M2,41.0,33.945445812215695,3.5127050722835222,0.08216616420726451,exp(m + variance/2) - 1,
64,2026-02-01,14,2026-02-15,M3,41.0,34.978832511264706,3.5422591954588025,0.0813431685353294,exp(m + variance/2) - 1,
64,2026-02-01,14,2026-02-15,M4,41.0,34.025986629773826,3.5147808980365216,0.08261872618196317,exp(m + variance/2) - 1,
64,2026-02-01,14,2026-02-15,M5,41.0,34.89523191748068,3.5398159262753195,0.08157708945813966,exp(m + variance/2) - 1,
65,2026-02-02,14,2026-02-16,M0,49.0,54.0,,,not applicable -- original-scale benchmark,2025-02-16
65,2026-02-02,14,2026-02-16,M1,49.0,34.72977321948479,3.53489348136699,0.08218168717293431,exp(m + variance/2) - 1,
65,2026-02-02,14,2026-02-16,M2,49.0,34.68169865629592,3.5335895750992017,0.08209667911884166,exp(m + variance/2) - 1,
65,2026-02-02,14,2026-02-16,M3,49.0,35.733436177975754,3.563047582578639,0.08127965046310257,exp(m + variance/2) - 1,
65,2026-02-02,14,2026-02-16,M4,49.0,33.524417417849016,3.5003945132051606,0.08254462347270927,exp(m + variance/2) - 1,
65,2026-02-02,14,2026-02-16,M5,49.0,34.584744420722316,3.5311542582267075,0.08152552055865069,exp(m + variance/2) - 1,
66,2026-02-03,14,2026-02-17,M0,37.0,62.0,,,not applicable -- original-scale benchmark,2025-02-17
66,2026-02-03,14,2026-02-17,M1,37.0,36.03099133872119,3.5706467134062154,0.08221690478593835,exp(m + variance/2) - 1,
66,2026-02-03,14,2026-02-17,M2,37.0,35.98449039506404,3.569432465990422,0.08213236052429601,exp(m + variance/2) - 1,
66,2026-02-03,14,2026-02-17,M3,37.0,37.11741474592179,3.6000111940224615,0.08132012725285974,exp(m + variance/2) - 1,
66,2026-02-03,14,2026-02-17,M4,37.0,34.756276235900984,3.5354415390605345,0.08256854743395488,exp(m + variance/2) - 1,
66,2026-02-03,14,2026-02-17,M5,37.0,35.91028484771067,3.567719389607157,0.08154168952740048,exp(m + variance/2) - 1,
67,2026-02-04,14,2026-02-18,M0,51.0,60.0,,,not applicable -- original-scale benchmark,2025-02-18
67,2026-02-04,14,2026-02-18,M1,51.0,36.09537253970738,3.5724142325340758,0.08215599982403088,exp(m + variance/2) - 1,
67,2026-02-04,14,2026-02-18,M2,51.0,38.335799816620344,3.6311016164430407,0.08206684918142368,exp(m + variance/2) - 1,
67,2026-02-04,14,2026-02-18,M3,51.0,37.01283530600204,3.597294017874093,0.08125971206203847,exp(m + variance/2) - 1,
67,2026-02-04,14,2026-02-18,M4,51.0,34.79326897219692,3.5365062084277916,0.08250729952990263,exp(m + variance/2) - 1,
67,2026-02-04,14,2026-02-18,M5,51.0,38.355170026883094,3.631883023556459,0.08148865673228317,exp(m + variance/2) - 1,
68,2026-02-05,14,2026-02-19,M0,37.0,66.0,,,not applicable -- original-scale benchmark,2025-02-19
68,2026-02-05,14,2026-02-19,M1,37.0,32.14550970503225,3.459784694926802,0.08224511737037576,exp(m + variance/2) - 1,
68,2026-02-05,14,2026-02-19,M2,37.0,34.14225392593323,3.5183239176633387,0.08216060871435713,exp(m + variance/2) - 1,
68,2026-02-05,14,2026-02-19,M3,37.0,33.04499501130263,3.487009359527117,0.08134734575069863,exp(m + variance/2) - 1,
68,2026-02-05,14,2026-02-19,M4,37.0,30.94518157419378,3.4227338062192416,0.08257510356355602,exp(m + variance/2) - 1,
68,2026-02-05,14,2026-02-19,M5,37.0,34.20454323818299,3.520386849717827,0.08157658764813115,exp(m + variance/2) - 1,
69,2026-02-06,14,2026-02-20,M0,36.0,50.0,,,not applicable -- original-scale benchmark,2025-02-20
69,2026-02-06,14,2026-02-20,M1,36.0,31.373221255339644,3.4362296874957883,0.08220377818908048,exp(m + variance/2) - 1,
69,2026-02-06,14,2026-02-20,M2,36.0,33.32074905280819,3.4946939274683215,0.08211234492258042,exp(m + variance/2) - 1,
69,2026-02-06,14,2026-02-20,M3,36.0,32.334491853882554,3.465938060592716,0.0813091834795592,exp(m + variance/2) - 1,
69,2026-02-06,14,2026-02-20,M4,36.0,30.182599100792096,3.3985654277528425,0.08258958069971195,exp(m + variance/2) - 1,
69,2026-02-06,14,2026-02-20,M5,36.0,33.440606542102955,3.498455495336652,0.08156159125423118,exp(m + variance/2) - 1,
70,2026-02-07,14,2026-02-21,M0,25.0,34.0,,,not applicable -- original-scale benchmark,2025-02-21
70,2026-02-07,14,2026-02-21,M1,25.0,30.861490580505404,3.420323665969413,0.08214884548937564,exp(m + variance/2) - 1,
70,2026-02-07,14,2026-02-21,M2,25.0,32.780117481187894,3.478842086881974,0.08206060464862275,exp(m + variance/2) - 1,
70,2026-02-07,14,2026-02-21,M3,25.0,31.796842960180236,3.4497078372438246,0.081248844599622,exp(m + variance/2) - 1,
70,2026-02-07,14,2026-02-21,M4,25.0,29.67413242027317,3.382153150066361,0.08253311434592828,exp(m + variance/2) - 1,
70,2026-02-07,14,2026-02-21,M5,25.0,32.87920151654716,3.4820556301067542,0.08149134282159476,exp(m + variance/2) - 1,
71,2026-02-08,14,2026-02-22,M0,28.0,49.0,,,not applicable -- original-scale benchmark,2025-02-22
71,2026-02-08,14,2026-02-22,M1,28.0,29.211581459229233,3.3670762240446503,0.08229823769871611,exp(m + variance/2) - 1,
71,2026-02-08,14,2026-02-22,M2,28.0,31.030655125891222,3.4255891209849376,0.08220859187179001,exp(m + variance/2) - 1,
71,2026-02-08,14,2026-02-22,M3,28.0,30.117659680971403,3.397080943026182,0.08138910080499895,exp(m + variance/2) - 1,
71,2026-02-08,14,2026-02-22,M4,28.0,28.059217224519216,3.3279873638561286,0.08269671479200244,exp(m + variance/2) - 1,
71,2026-02-08,14,2026-02-22,M5,28.0,31.12669495227913,3.4288652728938875,0.08164406018023002,exp(m + variance/2) - 1,
72,2026-02-09,14,2026-02-23,M0,36.0,54.0,,,not applicable -- original-scale benchmark,2025-02-23
72,2026-02-09,14,2026-02-23,M1,36.0,28.993909960102577,3.359889127421987,0.0822104646053908,exp(m + variance/2) - 1,
72,2026-02-09,14,2026-02-23,M2,36.0,30.801546546040985,3.418450813749928,0.08212821675386653,exp(m + variance/2) - 1,
72,2026-02-09,14,2026-02-23,M3,36.0,29.886699291675157,3.3896741424380514,0.08130301032617096,exp(m + variance/2) - 1,
72,2026-02-09,14,2026-02-23,M4,36.0,27.105152580690856,3.294652509455868,0.08260083187050457,exp(m + variance/2) - 1,
72,2026-02-09,14,2026-02-23,M5,36.0,30.191570154103953,3.399370130288915,0.08155548130175094,exp(m + variance/2) - 1,
73,2026-02-10,14,2026-02-24,M0,32.0,44.0,,,not applicable -- original-scale benchmark,2025-02-24
73,2026-02-10,14,2026-02-24,M1,32.0,32.37315852943658,3.4666465064474625,0.08221086720555759,exp(m + variance/2) - 1,
73,2026-02-10,14,2026-02-24,M2,32.0,34.38984973672583,3.525364747790853,0.08212060126566469,exp(m + variance/2) - 1,
73,2026-02-10,14,2026-02-24,M3,32.0,33.39886713226241,3.49736020483482,0.08132685360116367,exp(m + variance/2) - 1,
73,2026-02-10,14,2026-02-24,M4,32.0,30.312490586692807,3.402733370821501,0.08256741479791212,exp(m + variance/2) - 1,
73,2026-02-10,14,2026-02-24,M5,32.0,33.78738232904749,3.508478274820535,0.08155293892308332,exp(m + variance/2) - 1,
74,2026-02-11,14,2026-02-25,M0,27.0,49.0,,,not applicable -- original-scale benchmark,2025-02-25
74,2026-02-11,14,2026-02-25,M1,27.0,32.11119783006034,3.4588106782067465,0.08212169997535437,exp(m + variance/2) - 1,
74,2026-02-11,14,2026-02-25,M2,27.0,34.11258307300489,3.517540691595735,0.08203773348308784,exp(m + variance/2) - 1,
74,2026-02-11,14,2026-02-25,M3,27.0,33.147880318419745,3.4900788559308977,0.08124331684137717,exp(m + variance/2) - 1,
74,2026-02-11,14,2026-02-25,M4,27.0,30.05185015409665,3.3944124285615485,0.08249192865210614,exp(m + variance/2) - 1,
74,2026-02-11,14,2026-02-25,M5,27.0,33.52227311156665,3.5008559986698016,0.08149742899170534,exp(m + variance/2) - 1,
75,2026-02-12,14,2026-02-26,M0,37.0,46.0,,,not applicable -- original-scale benchmark,2025-02-26
75,2026-02-12,14,2026-02-26,M1,37.0,33.047248022644034,3.486670836390029,0.08215674256830417,exp(m + variance/2) - 1,
75,2026-02-12,14,2026-02-26,M2,37.0,33.010798629908194,3.4856395093273163,0.08207714324900033,exp(m + variance/2) - 1,
75,2026-02-12,14,2026-02-26,M3,37.0,33.734734220945164,3.5071081395354273,0.081264065918321,exp(m + variance/2) - 1,
75,2026-02-12,14,2026-02-26,M4,37.0,30.921777315866553,3.4220278553017796,0.08252119210274114,exp(m + variance/2) - 1,
75,2026-02-12,14,2026-02-26,M5,37.0,31.848493579793093,3.4511546220875817,0.08150252850200737,exp(m + variance/2) - 1,
76,2026-02-13,14,2026-02-27,M0,35.0,43.0,,,not applicable -- original-scale benchmark,2025-02-27
76,2026-02-13,14,2026-02-27,M1,35.0,32.541726362886145,3.4717640235700555,0.08205240652408753,exp(m + variance/2) - 1,
76,2026-02-13,14,2026-02-27,M2,35.0,32.50452020455416,3.47069717313424,0.08196637614715233,exp(m + variance/2) - 1,
76,2026-02-13,14,2026-02-27,M3,35.0,33.71217703751283,3.5065062825680577,0.08116853219369827,exp(m + variance/2) - 1,
76,2026-02-13,14,2026-02-27,M4,35.0,30.438056720964294,3.4068164316421274,0.08240544975796237,exp(m + variance/2) - 1,
76,2026-02-13,14,2026-02-27,M5,35.0,31.788187200731073,3.4493683421364976,0.08139992413233005,exp(m + variance/2) - 1,
77,2026-02-14,14,2026-02-28,M0,42.0,36.0,,,not applicable -- original-scale benchmark,2025-02-28
77,2026-02-14,14,2026-02-28,M1,42.0,32.264915037634886,3.463521078667328,0.08196432083277747,exp(m + variance/2) - 1,
77,2026-02-14,14,2026-02-28,M2,42.0,32.22780947449215,3.4624467147729385,0.08188089060627554,exp(m + variance/2) - 1,
77,2026-02-14,14,2026-02-28,M3,42.0,33.62549860020977,3.50405518393247,0.08107036095482414,exp(m + variance/2) - 1,
77,2026-02-14,14,2026-02-28,M4,42.0,30.160327354448032,3.397980309445076,0.08233083420149757,exp(m + variance/2) - 1,
77,2026-02-14,14,2026-02-28,M5,42.0,31.679204757551403,3.446087058688404,0.08130375356612628,exp(m + variance/2) - 1,
78,2026-02-15,14,2026-03-01,M0,33.0,46.0,,,not applicable -- original-scale benchmark,2025-03-01
78,2026-02-15,14,2026-03-01,M1,33.0,33.14982068169505,3.4897616756595418,0.08199131888284616,exp(m + variance/2) - 1,
78,2026-02-15,14,2026-03-01,M2,33.0,33.11614838522909,3.4888132942239314,0.08191507531135522,exp(m + variance/2) - 1,
78,2026-02-15,14,2026-03-01,M3,33.0,34.417407652122485,3.526667305297093,0.08107227112548909,exp(m + variance/2) - 1,
78,2026-02-15,14,2026-03-01,M4,33.0,30.991632154169878,3.4242966842529357,0.0823553783375458,exp(m + variance/2) - 1,
78,2026-02-15,14,2026-03-01,M5,33.0,32.45614110316956,3.469587671991123,0.08129537652134718,exp(m + variance/2) - 1,
79,2026-02-16,14,2026-03-02,M0,27.0,40.0,,,not applicable -- original-scale benchmark,2025-03-02
79,2026-02-16,14,2026-03-02,M1,27.0,34.93509218348821,3.5405978121786776,0.08223300804530258,exp(m + variance/2) - 1,
79,2026-02-16,14,2026-03-02,M2,27.0,34.902334888693545,3.539720665919161,0.08216333228484038,exp(m + variance/2) - 1,
79,2026-02-16,14,2026-03-02,M3,27.0,36.13287659657305,3.5738789556794694,0.08124756631441048,exp(m + variance/2) - 1,
79,2026-02-16,14,2026-03-02,M4,27.0,33.416946859533404,3.4972908350245966,0.0825164986247861,exp(m + variance/2) - 1,
79,2026-02-16,14,2026-03-02,M5,27.0,34.83717228445127,3.538286358225629,0.08139865691032745,exp(m + variance/2) - 1,
80,2026-02-17,14,2026-03-03,M0,35.0,59.0,,,not applicable -- original-scale benchmark,2025-03-03
80,2026-02-17,14,2026-03-03,M1,35.0,34.48926465302849,3.5281675392962786,0.08212541462339412,exp(m + variance/2) - 1,
80,2026-02-17,14,2026-03-03,M2,35.0,34.45585435964714,3.527261444741329,0.08205387747749504,exp(m + variance/2) - 1,
80,2026-02-17,14,2026-03-03,M3,35.0,34.823213581136386,3.538017103895659,0.08115800685808139,exp(m + variance/2) - 1,
80,2026-02-17,14,2026-03-03,M4,35.0,33.10982980606491,3.4883677462273806,0.08243572125890214,exp(m + variance/2) - 1,
80,2026-02-17,14,2026-03-03,M5,35.0,33.662443982732434,3.505008867722371,0.08129585428252253,exp(m + variance/2) - 1,
81,2026-02-18,14,2026-03-04,M0,28.0,34.0,,,not applicable -- original-scale benchmark,2025-03-04
81,2026-02-18,14,2026-03-04,M1,28.0,36.51090570190993,3.583384003544168,0.08249541174045738,exp(m + variance/2) - 1,
81,2026-02-18,14,2026-03-04,M2,28.0,38.597435471750764,3.6375823591917658,0.08236399231444475,exp(m + variance/2) - 1,
81,2026-02-18,14,2026-03-04,M3,28.0,37.032892141534944,3.597723188920329,0.08145635815476479,exp(m + variance/2) - 1,
81,2026-02-18,14,2026-03-04,M4,28.0,35.34722095077599,3.5517272845066863,0.08278092805368506,exp(m + variance/2) - 1,
81,2026-02-18,14,2026-03-04,M5,28.0,38.328785649957155,3.63117716725003,0.08155908558847891,exp(m + variance/2) - 1,
82,2026-02-19,14,2026-03-05,M0,33.0,46.0,,,not applicable -- original-scale benchmark,2025-03-05
82,2026-02-19,14,2026-03-05,M1,33.0,35.72967344463353,3.5624174547052245,0.08233502877608267,exp(m + variance/2) - 1,
82,2026-02-19,14,2026-03-05,M2,33.0,37.34193677902595,3.605468021563408,0.08215246132615431,exp(m + variance/2) - 1,
82,2026-02-19,14,2026-03-05,M3,33.0,35.639976393606915,3.5604817397543482,0.08131631154417265,exp(m + variance/2) - 1,
82,2026-02-19,14,2026-03-05,M4,33.0,34.64214104117754,3.532207168673689,0.08264301246331333,exp(m + variance/2) - 1,
82,2026-02-19,14,2026-03-05,M5,33.0,36.47462781863984,3.582978024601862,0.08137217576047874,exp(m + variance/2) - 1,
83,2026-02-20,14,2026-03-06,M0,46.0,50.0,,,not applicable -- original-scale benchmark,2025-03-06
83,2026-02-20,14,2026-03-06,M1,46.0,35.17027782723367,3.5471301931964416,0.08221506777824009,exp(m + variance/2) - 1,
83,2026-02-20,14,2026-03-06,M2,46.0,36.442340471876705,3.581800472426263,0.0820033796656833,exp(m + variance/2) - 1,
83,2026-02-20,14,2026-03-06,M3,46.0,34.14606199061373,3.5189189989439043,0.08118715726001884,exp(m + variance/2) - 1,
83,2026-02-20,14,2026-03-06,M4,46.0,34.15499494869729,3.518500895422138,0.08253163308473625,exp(m + variance/2) - 1,
83,2026-02-20,14,2026-03-06,M5,46.0,34.68015688056135,3.533978315674374,0.08123277780897525,exp(m + variance/2) - 1,
84,2026-02-21,14,2026-03-07,M0,34.0,36.0,,,not applicable -- original-scale benchmark,2025-03-07
84,2026-02-21,14,2026-03-07,M1,34.0,32.406582036312166,3.4677180240334944,0.0820698469789452,exp(m + variance/2) - 1,
84,2026-02-21,14,2026-03-07,M2,34.0,33.2818540120946,3.4936567866308437,0.0819187800060982,exp(m + variance/2) - 1,
84,2026-02-21,14,2026-03-07,M3,34.0,31.2125183836606,3.431815391258405,0.08107951083901467,exp(m + variance/2) - 1,
84,2026-02-21,14,2026-03-07,M4,34.0,31.420749163478177,3.437599934174645,0.08239737986246692,exp(m + variance/2) - 1,
84,2026-02-21,14,2026-03-07,M5,34.0,31.365700870579225,3.4364910440288647,0.081216405870206,exp(m + variance/2) - 1,
85,2026-02-22,14,2026-03-08,M0,34.0,43.0,,,not applicable -- original-scale benchmark,2025-03-08
85,2026-02-22,14,2026-03-08,M1,34.0,31.150640543214443,3.429425380403581,0.08201398733045744,exp(m + variance/2) - 1,
85,2026-02-22,14,2026-03-08,M2,34.0,31.815125654790457,3.449939241952656,0.08190063030655848,exp(m + variance/2) - 1,
85,2026-02-22,14,2026-03-08,M3,34.0,29.971302725210165,3.392538646325437,0.08104482175215158,exp(m + variance/2) - 1,
85,2026-02-22,14,2026-03-08,M4,34.0,30.208947341577083,3.399536565633249,0.0823365236778929,exp(m + variance/2) - 1,
85,2026-02-22,14,2026-03-08,M5,34.0,29.937684062865433,3.3913563008075336,0.08123737802087727,exp(m + variance/2) - 1,
86,2026-02-23,14,2026-03-09,M0,38.0,48.0,,,not applicable -- original-scale benchmark,2025-03-09
86,2026-02-23,14,2026-03-09,M1,38.0,31.467949928978193,3.439297485207126,0.08191192305069966,exp(m + variance/2) - 1,
86,2026-02-23,14,2026-03-09,M2,38.0,32.023549384407595,3.456324961558781,0.08179192622594898,exp(m + variance/2) - 1,
86,2026-02-23,14,2026-03-09,M3,38.0,30.215270196303305,3.4004433320860463,0.08092814473319507,exp(m + variance/2) - 1,
86,2026-02-23,14,2026-03-09,M4,38.0,30.91503940008384,3.4219785990712155,0.08219750833577665,exp(m + variance/2) - 1,
86,2026-02-23,14,2026-03-09,M5,38.0,30.397262136169104,3.40618257508177,0.08107624183052656,exp(m + variance/2) - 1,
87,2026-02-24,14,2026-03-10,M0,33.0,49.0,,,not applicable -- original-scale benchmark,2025-03-10
87,2026-02-24,14,2026-03-10,M1,33.0,30.884003420207684,3.421183341281593,0.08184216510884618,exp(m + variance/2) - 1,
87,2026-02-24,14,2026-03-10,M2,33.0,31.32153902586238,3.43486571446854,0.0817362728501806,exp(m + variance/2) - 1,
87,2026-02-24,14,2026-03-10,M3,33.0,29.554880589868333,3.379089522158652,0.08086981628317941,exp(m + variance/2) - 1,
87,2026-02-24,14,2026-03-10,M4,33.0,30.44880121803717,3.407299135133636,0.08212346042559916,exp(m + variance/2) - 1,
87,2026-02-24,14,2026-03-10,M5,33.0,29.70208678378822,3.3838108323814065,0.08103958662990843,exp(m + variance/2) - 1,
88,2026-02-25,14,2026-03-11,M0,31.0,52.0,,,not applicable -- original-scale benchmark,2025-03-11
88,2026-02-25,14,2026-03-11,M1,31.0,29.547613338402297,3.3783660828423243,0.08184095318857673,exp(m + variance/2) - 1,
88,2026-02-25,14,2026-03-11,M2,31.0,29.871518905977336,3.3889448782830245,0.08177832464809023,exp(m + variance/2) - 1,
88,2026-02-25,14,2026-03-11,M3,31.0,28.270326834140178,3.336126217961196,0.08089609772403832,exp(m + variance/2) - 1,
88,2026-02-25,14,2026-03-11,M4,31.0,29.19338416510578,3.366560157652338,0.08212535069823793,exp(m + variance/2) - 1,
88,2026-02-25,14,2026-03-11,M5,31.0,28.37852704364569,3.3397087038079087,0.08111066203911485,exp(m + variance/2) - 1,
89,2026-02-26,14,2026-03-12,M0,30.0,41.0,,,not applicable -- original-scale benchmark,2025-03-12
89,2026-02-26,14,2026-03-12,M1,30.0,30.285279914731653,3.402287666367158,0.0817200605872693,exp(m + variance/2) - 1,
89,2026-02-26,14,2026-03-12,M2,30.0,29.27964108887424,3.3696720661841413,0.08160701847874216,exp(m + variance/2) - 1,
89,2026-02-26,14,2026-03-12,M3,30.0,28.554439575882924,3.3458570625477524,0.08075381894824221,exp(m + variance/2) - 1,
89,2026-02-26,14,2026-03-12,M4,30.0,30.033300476458496,3.3940608828886187,0.0819999079299932,exp(m + variance/2) - 1,
89,2026-02-26,14,2026-03-12,M5,30.0,27.364480642389765,3.3046886166440146,0.08089812832438466,exp(m + variance/2) - 1,
90,2026-02-27,14,2026-03-13,M0,24.0,48.0,,,not applicable -- original-scale benchmark,2025-03-13
90,2026-02-27,14,2026-03-13,M1,24.0,30.375332750904757,3.4052092104628975,0.08162558507867476,exp(m + variance/2) - 1,
90,2026-02-27,14,2026-03-13,M2,24.0,29.53989618779956,3.378281196394556,0.08150540833888886,exp(m + variance/2) - 1,
90,2026-02-27,14,2026-03-13,M3,24.0,28.681467482626168,3.3501865499761987,0.08067262117080222,exp(m + variance/2) - 1,
90,2026-02-27,14,2026-03-13,M4,24.0,30.19740463677046,3.3993789628583,0.08191188755640028,exp(m + variance/2) - 1,
90,2026-02-27,14,2026-03-13,M5,24.0,27.721027881806382,3.317237662828675,0.08078374093480037,exp(m + variance/2) - 1,
91,2026-02-28,14,2026-03-14,M0,29.0,24.0,,,not applicable -- original-scale benchmark,2025-03-14
91,2026-02-28,14,2026-03-14,M1,29.0,31.56448062986877,3.4424026169406545,0.0816390524170991,exp(m + variance/2) - 1,
91,2026-02-28,14,2026-03-14,M2,29.0,30.889607641885164,3.4215225059690937,0.08151534298573586,exp(m + variance/2) - 1,
91,2026-02-28,14,2026-03-14,M3,29.0,29.301517390617345,3.37087094893571,0.08065368244793891,exp(m + variance/2) - 1,
91,2026-02-28,14,2026-03-14,M4,29.0,31.459419963775524,3.439025187757896,0.0819310098150186,exp(m + variance/2) - 1,
91,2026-02-28,14,2026-03-14,M5,29.0,28.575223742131097,3.3465478714797467,0.08077820720286562,exp(m + variance/2) - 1,
92,2026-03-01,14,2026-03-15,M0,20.0,27.0,,,not applicable -- original-scale benchmark,2025-03-15
92,2026-03-01,14,2026-03-15,M1,20.0,31.029950760462086,3.4258985125923007,0.08154582746647633,exp(m + variance/2) - 1,
92,2026-03-01,14,2026-03-15,M2,20.0,30.46388780790934,3.40812969447713,0.08142154983446087,exp(m + variance/2) - 1,
92,2026-03-01,14,2026-03-15,M3,20.0,28.720184852497873,3.3515434395320334,0.08056600019918247,exp(m + variance/2) - 1,
92,2026-03-01,14,2026-03-15,M4,20.0,30.965360862384852,3.42373701038335,0.08183166613762322,exp(m + variance/2) - 1,
92,2026-03-01,14,2026-03-15,M5,20.0,28.14518905943519,3.33195167768905,0.08067636128801874,exp(m + variance/2) - 1,
93,2026-03-02,14,2026-03-16,M0,33.0,43.0,,,not applicable -- original-scale benchmark,2025-03-16
93,2026-03-02,14,2026-03-16,M1,33.0,29.63633662523445,3.3814591687427575,0.08145521428387997,exp(m + variance/2) - 1,
93,2026-03-02,14,2026-03-16,M2,33.0,29.159530119208387,3.3658373524729335,0.08132722188722954,exp(m + variance/2) - 1,
93,2026-03-02,14,2026-03-16,M3,33.0,27.38253677472078,3.3055280892099494,0.08049192905738699,exp(m + variance/2) - 1,
93,2026-03-02,14,2026-03-16,M4,33.0,29.803805794044653,3.3867737017718826,0.08172909063172357,exp(m + variance/2) - 1,
93,2026-03-02,14,2026-03-16,M5,33.0,27.07565825795383,3.2946067312790426,0.0805924309607102,exp(m + variance/2) - 1,
94,2026-03-03,14,2026-03-17,M0,44.0,39.0,,,not applicable -- original-scale benchmark,2025-03-17
94,2026-03-03,14,2026-03-17,M1,44.0,30.026174197808682,3.3941412302649288,0.08137989387320309,exp(m + variance/2) - 1,
94,2026-03-03,14,2026-03-17,M2,44.0,29.62721020545213,3.381254607689659,0.08126845709010395,exp(m + variance/2) - 1,
94,2026-03-03,14,2026-03-17,M3,44.0,28.17109361367278,3.3329722569562774,0.08041203452362955,exp(m + variance/2) - 1,
94,2026-03-03,14,2026-03-17,M4,44.0,30.209921971559325,3.399903043611476,0.08166602511568881,exp(m + variance/2) - 1,
94,2026-03-03,14,2026-03-17,M5,44.0,27.943681721528176,3.325089828188835,0.08052420809917399,exp(m + variance/2) - 1,
95,2026-03-04,14,2026-03-18,M0,39.0,38.0,,,not applicable -- original-scale benchmark,2025-03-18
95,2026-03-04,14,2026-03-18,M1,39.0,28.946813593289686,3.3587638382440335,0.08131817956475704,exp(m + variance/2) - 1,
95,2026-03-04,14,2026-03-18,M2,39.0,28.416565311282923,3.3409607718912167,0.08119437947869648,exp(m + variance/2) - 1,
95,2026-03-04,14,2026-03-18,M3,39.0,27.28264144147338,3.302061073386546,0.08037433288772367,exp(m + variance/2) - 1,
95,2026-03-04,14,2026-03-18,M4,39.0,29.127827135019825,3.3646531827564923,0.08159210291325611,exp(m + variance/2) - 1,
95,2026-03-04,14,2026-03-18,M5,39.0,26.89766285723435,3.288311160434211,0.08046351265283744,exp(m + variance/2) - 1,
96,2026-03-05,14,2026-03-19,M0,29.0,41.0,,,not applicable -- original-scale benchmark,2025-03-19
96,2026-03-05,14,2026-03-19,M1,29.0,29.09423946091704,3.3637133263280368,0.081240894150637,exp(m + variance/2) - 1,
96,2026-03-05,14,2026-03-19,M2,29.0,28.430938416048814,3.3414897434580446,0.08111340931016729,exp(m + variance/2) - 1,
96,2026-03-05,14,2026-03-19,M3,29.0,27.466510297351984,3.3085876562115257,0.08028132566508242,exp(m + variance/2) - 1,
96,2026-03-05,14,2026-03-19,M4,29.0,29.286703303707053,3.3699535382634536,0.08151048614903955,exp(m + variance/2) - 1,
96,2026-03-05,14,2026-03-19,M5,29.0,26.943167033291704,3.289986342483614,0.08037271229754062,exp(m + variance/2) - 1,
97,2026-03-06,14,2026-03-20,M0,43.0,38.0,,,not applicable -- original-scale benchmark,2025-03-20
97,2026-03-06,14,2026-03-20,M1,43.0,30.963007652383276,3.4239068947639892,0.08134465695352187,exp(m + variance/2) - 1,
97,2026-03-06,14,2026-03-20,M2,43.0,30.06358418342919,3.3954330117860745,0.08120638950227635,exp(m + variance/2) - 1,
97,2026-03-06,14,2026-03-20,M3,43.0,29.72084132545975,3.384724760956661,0.08043306768854494,exp(m + variance/2) - 1,
97,2026-03-06,14,2026-03-20,M4,43.0,31.184994139063186,3.430679261030984,0.08164212474415466,exp(m + variance/2) - 1,
97,2026-03-06,14,2026-03-20,M5,43.0,28.95347031392122,3.359389784410191,0.0805108073732306,exp(m + variance/2) - 1,
98,2026-03-07,14,2026-03-21,M0,34.0,32.0,,,not applicable -- original-scale benchmark,2025-03-21
98,2026-03-07,14,2026-03-21,M1,34.0,30.61770545369598,3.4130834750057395,0.08126757569150114,exp(m + variance/2) - 1,
98,2026-03-07,14,2026-03-21,M2,34.0,29.636837043216175,3.381649245214656,0.08110772933827977,exp(m + variance/2) - 1,
98,2026-03-07,14,2026-03-21,M3,34.0,29.6063184936446,3.3810200681519897,0.0803728124226165,exp(m + variance/2) - 1,
98,2026-03-07,14,2026-03-21,M4,34.0,30.840734527368653,3.419969114684032,0.08155463070592461,exp(m + variance/2) - 1,
98,2026-03-07,14,2026-03-21,M5,34.0,28.727107346885983,3.3518434680187874,0.08043173362004101,exp(m + variance/2) - 1,
99,2026-03-08,14,2026-03-22,M0,26.0,38.0,,,not applicable -- original-scale benchmark,2025-03-22
99,2026-03-08,14,2026-03-22,M1,26.0,30.55588041499889,3.4111573831835873,0.08120514485984422,exp(m + variance/2) - 1,
99,2026-03-08,14,2026-03-22,M2,26.0,29.485922791457327,3.3767479390699,0.08103418035282774,exp(m + variance/2) - 1,
99,2026-03-08,14,2026-03-22,M3,26.0,29.686605519337046,3.383668934507599,0.08031464515256913,exp(m + variance/2) - 1,
99,2026-03-08,14,2026-03-22,M4,26.0,30.779213327287334,3.418065993339182,0.08149282751804839,exp(m + variance/2) - 1,
99,2026-03-08,14,2026-03-22,M5,26.0,28.702085126427296,3.3510261544590754,0.0803821903244936,exp(m + variance/2) - 1,
100,2026-03-09,14,2026-03-23,M0,39.0,40.0,,,not applicable -- original-scale benchmark,2025-03-23
100,2026-03-09,14,2026-03-23,M1,39.0,31.1183513614477,3.4288243952173745,0.08120633013432998,exp(m + variance/2) - 1,
100,2026-03-09,14,2026-03-23,M2,39.0,29.934979171666853,3.3913770749087173,0.08102096156109855,exp(m + variance/2) - 1,
100,2026-03-09,14,2026-03-23,M3,39.0,30.352699301642005,3.405118495176602,0.08036374064298929,exp(m + variance/2) - 1,
100,2026-03-09,14,2026-03-23,M4,39.0,31.640269260428134,3.4447885897706736,0.08151637938315702,exp(m + variance/2) - 1,
100,2026-03-09,14,2026-03-23,M5,39.0,29.48344426371396,3.3769730033176795,0.08042144378935229,exp(m + variance/2) - 1,
101,2026-03-10,14,2026-03-24,M0,44.0,43.0,,,not applicable -- original-scale benchmark,2025-03-24
101,2026-03-10,14,2026-03-24,M1,44.0,30.696800910318082,3.4156553090328408,0.08112089820456773,exp(m + variance/2) - 1,
101,2026-03-10,14,2026-03-24,M2,44.0,29.476702822246658,3.3764976815144716,0.08092973665896444,exp(m + variance/2) - 1,
101,2026-03-10,14,2026-03-24,M3,44.0,30.29893288180657,3.4034388388594876,0.0802903297448308,exp(m + variance/2) - 1,
101,2026-03-10,14,2026-03-24,M4,44.0,31.190536499460684,3.430962926992938,0.08141916965760863,exp(m + variance/2) - 1,
101,2026-03-10,14,2026-03-24,M5,44.0,29.337073422494623,3.3722194910915904,0.08030203759810726,exp(m + variance/2) - 1,
102,2026-03-11,14,2026-03-25,M0,24.0,47.0,,,not applicable -- original-scale benchmark,2025-03-25
102,2026-03-11,14,2026-03-25,M1,24.0,30.096456246772764,3.396586746401601,0.08101423848404375,exp(m + variance/2) - 1,
102,2026-03-11,14,2026-03-25,M2,24.0,28.85862974465704,3.3560613296968045,0.08082514406599037,exp(m + variance/2) - 1,
102,2026-03-11,14,2026-03-25,M3,24.0,29.763240541415637,3.386230906153939,0.08017916427087106,exp(m + variance/2) - 1,
102,2026-03-11,14,2026-03-25,M4,24.0,30.55698173697902,3.411139447293891,0.08131081679994422,exp(m + variance/2) - 1,
102,2026-03-11,14,2026-03-25,M5,24.0,28.744831103695002,3.3525439092242064,0.0802229265170199,exp(m + variance/2) - 1,
103,2026-03-12,14,2026-03-26,M0,22.0,36.0,,,not applicable -- original-scale benchmark,2025-03-26
103,2026-03-12,14,2026-03-26,M1,22.0,29.453640437080573,3.375753169413993,0.08090474435952054,exp(m + variance/2) - 1,
103,2026-03-12,14,2026-03-26,M2,22.0,28.44220672907154,3.3420597585847194,0.08073897859341836,exp(m + variance/2) - 1,
103,2026-03-12,14,2026-03-26,M3,22.0,29.259182239834548,3.369757556858191,0.0800842533533165,exp(m + variance/2) - 1,
103,2026-03-12,14,2026-03-26,M4,22.0,29.87986612154231,3.389500430911525,0.0812079175867389,exp(m + variance/2) - 1,
103,2026-03-12,14,2026-03-26,M5,22.0,28.492398759965006,3.344063335382161,0.08013845121496929,exp(m + variance/2) - 1,
104,2026-03-13,14,2026-03-27,M0,22.0,24.0,,,not applicable -- original-scale benchmark,2025-03-27
104,2026-03-13,14,2026-03-27,M1,22.0,27.768999617291232,3.3188578313200163,0.08088114781523029,exp(m + variance/2) - 1,
104,2026-03-13,14,2026-03-27,M2,22.0,26.89995929370261,3.2882691641698987,0.0807121312985642,exp(m + variance/2) - 1,
104,2026-03-13,14,2026-03-27,M3,22.0,27.67163618043482,3.315914843691184,0.07998700800279405,exp(m + variance/2) - 1,
104,2026-03-13,14,2026-03-27,M4,22.0,28.14658895371829,3.3317483474914007,0.08117908286594608,exp(m + variance/2) - 1,
104,2026-03-13,14,2026-03-27,M5,22.0,27.041632867614773,3.29366128907208,0.08005800981720765,exp(m + variance/2) - 1,
105,2026-03-14,14,2026-03-28,M0,26.0,46.0,,,not applicable -- original-scale benchmark,2025-03-28
105,2026-03-14,14,2026-03-28,M1,26.0,27.491619760962937,3.309206291009728,0.0808074191012665,exp(m + variance/2) - 1,
105,2026-03-14,14,2026-03-28,M2,26.0,26.773998362566694,3.2837850296824898,0.08063048527816036,exp(m + variance/2) - 1,
105,2026-03-14,14,2026-03-28,M3,26.0,27.51528213459649,3.310479799226876,0.07992071916940648,exp(m + variance/2) - 1,
105,2026-03-14,14,2026-03-28,M4,26.0,27.861448838261648,3.321961345364334,0.08109081803453189,exp(m + variance/2) - 1,
105,2026-03-14,14,2026-03-28,M5,26.0,27.036495125148427,3.2935160965344625,0.07998192456508851,exp(m + variance/2) - 1,
106,2026-03-15,14,2026-03-29,M0,25.0,38.0,,,not applicable -- original-scale benchmark,2025-03-29
106,2026-03-15,14,2026-03-29,M1,25.0,25.34090557697043,3.230606997598619,0.08103215684106427,exp(m + variance/2) - 1,
106,2026-03-15,14,2026-03-29,M2,25.0,24.73752292269467,3.2075406419774537,0.0808186420202773,exp(m + variance/2) - 1,
106,2026-03-15,14,2026-03-29,M3,25.0,25.472877971367087,3.2361008907006013,0.08003969081414902,exp(m + variance/2) - 1,
106,2026-03-15,14,2026-03-29,M4,25.0,25.659908538687894,3.2424916262511627,0.08133851567329392,exp(m + variance/2) - 1,
106,2026-03-15,14,2026-03-29,M5,25.0,25.087382876928707,3.2214175896081545,0.08006838632177482,exp(m + variance/2) - 1,
107,2026-03-16,14,2026-03-30,M0,44.0,39.0,,,not applicable -- original-scale benchmark,2025-03-30
107,2026-03-16,14,2026-03-30,M1,44.0,26.181159171222706,3.262098691898132,0.08085072772664623,exp(m + variance/2) - 1,
107,2026-03-16,14,2026-03-30,M2,44.0,25.67704390053362,3.2434811744702703,0.08064448421548046,exp(m + variance/2) - 1,
107,2026-03-16,14,2026-03-30,M3,44.0,26.364772559076957,3.269300438450892,0.07991214946021728,exp(m + variance/2) - 1,
107,2026-03-16,14,2026-03-30,M4,44.0,26.812280024057493,3.284894780978852,0.08116573933791606,exp(m + variance/2) - 1,
107,2026-03-16,14,2026-03-30,M5,44.0,26.355489751522082,3.2689259160735533,0.07998262965749264,exp(m + variance/2) - 1,
108,2026-03-17,14,2026-03-31,M0,26.0,38.0,,,not applicable -- original-scale benchmark,2025-03-31
108,2026-03-17,14,2026-03-31,M1,26.0,28.061348543846062,3.328984826070348,0.08084847299127942,exp(m + variance/2) - 1,
108,2026-03-17,14,2026-03-31,M2,26.0,27.632208560249794,3.314190399436736,0.08068371633353857,exp(m + variance/2) - 1,
108,2026-03-17,14,2026-03-31,M3,26.0,28.222551186214535,3.3349409789470936,0.07999946630803845,exp(m + variance/2) - 1,
108,2026-03-17,14,2026-03-31,M4,26.0,28.752944680061177,3.352340437479794,0.08117534091191375,exp(m + variance/2) - 1,
108,2026-03-17,14,2026-03-31,M5,26.0,28.3431116321928,3.3389854351338775,0.08014477244913737,exp(m + variance/2) - 1,
109,2026-03-18,14,2026-04-01,M0,18.0,35.0,,,not applicable -- original-scale benchmark,2025-04-01
109,2026-03-18,14,2026-04-01,M1,18.0,28.931552756715682,3.3584681910813123,0.08089001809441351,exp(m + variance/2) - 1,
109,2026-03-18,14,2026-04-01,M2,18.0,28.570785801767727,3.3464056856779387,0.08076244424755441,exp(m + variance/2) - 1,
109,2026-03-18,14,2026-04-01,M3,18.0,29.065875933191766,3.3633576248634363,0.08006642770335659,exp(m + variance/2) - 1,
109,2026-03-18,14,2026-04-01,M4,18.0,29.631535659976947,3.381417824906411,0.08122446099064662,exp(m + variance/2) - 1,
109,2026-03-18,14,2026-04-01,M5,18.0,29.280100315973932,3.370355431388349,0.08027062024077802,exp(m + variance/2) - 1,
110,2026-03-19,14,2026-04-02,M0,19.0,31.0,,,not applicable -- original-scale benchmark,2025-04-02
110,2026-03-19,14,2026-04-02,M1,19.0,28.189188663584112,3.3334219269313983,0.08075292507160352,exp(m + variance/2) - 1,
110,2026-03-19,14,2026-04-02,M2,19.0,27.890482729375755,3.3231948185007547,0.08063481011627248,exp(m + variance/2) - 1,
110,2026-03-19,14,2026-04-02,M3,19.0,28.314208836223898,3.338108472501945,0.07992773837989711,exp(m + variance/2) - 1,
110,2026-03-19,14,2026-04-02,M4,19.0,28.826945193578055,3.354865559099585,0.08109325398993403,exp(m + variance/2) - 1,
110,2026-03-19,14,2026-04-02,M5,19.0,28.552883396257975,3.3461157084593784,0.08013121498787681,exp(m + variance/2) - 1,
111,2026-03-20,14,2026-04-03,M0,19.0,32.0,,,not applicable -- original-scale benchmark,2025-04-03
111,2026-03-20,14,2026-04-03,M1,19.0,29.86666624880251,3.389168969900558,0.08101573909150085,exp(m + variance/2) - 1,
111,2026-03-20,14,2026-04-03,M2,19.0,29.61594131802563,3.3810545554538596,0.08093255191665036,exp(m + variance/2) - 1,
111,2026-03-20,14,2026-04-03,M3,19.0,29.93416927081692,3.391749022539104,0.08022470412173588,exp(m + variance/2) - 1,
111,2026-03-20,14,2026-04-03,M4,19.0,30.551388214351,3.4109449942264347,0.08134518849532216,exp(m + variance/2) - 1,
111,2026-03-20,14,2026-04-03,M5,19.0,30.25503869618983,3.4019457746325186,0.0804696536609448,exp(m + variance/2) - 1,
112,2026-03-21,14,2026-04-04,M0,26.0,37.0,,,not applicable -- original-scale benchmark,2025-04-04
112,2026-03-21,14,2026-04-04,M1,26.0,29.726707207698716,3.384653322573321,0.0809577909175695,exp(m + variance/2) - 1,
112,2026-03-21,14,2026-04-04,M2,26.0,29.51993750379847,3.3779406723460395,0.08087897271019023,exp(m + variance/2) - 1,
112,2026-03-21,14,2026-04-04,M3,26.0,29.745601982940016,3.3856642632082954,0.0801653917402974,exp(m + variance/2) - 1,
112,2026-03-21,14,2026-04-04,M4,26.0,30.38055930993366,3.405547911510935,0.08128131881219929,exp(m + variance/2) - 1,
112,2026-03-21,14,2026-04-04,M5,26.0,30.093588673189323,3.3967938362506622,0.08041561938960534,exp(m + variance/2) - 1,
113,2026-03-22,14,2026-04-05,M0,25.0,45.0,,,not applicable -- original-scale benchmark,2025-04-05
113,2026-03-22,14,2026-04-05,M1,25.0,28.345792732214125,3.338770840376554,0.08075669497284113,exp(m + variance/2) - 1,
113,2026-03-22,14,2026-04-05,M2,25.0,28.173859397275834,3.3329342679015483,0.08067762859555855,exp(m + variance/2) - 1,
113,2026-03-22,14,2026-04-05,M3,25.0,28.32892749395069,3.338600930197893,0.07994677052266189,exp(m + variance/2) - 1,
113,2026-03-22,14,2026-04-05,M4,25.0,28.93124774485277,3.358356408910604,0.08109320170787443,exp(m + variance/2) - 1,
113,2026-03-22,14,2026-04-05,M5,25.0,28.670978621246796,3.3500762401175828,0.08018635433645338,exp(m + variance/2) - 1,
114,2026-03-23,14,2026-04-06,M0,25.0,27.0,,,not applicable -- original-scale benchmark,2025-04-06
114,2026-03-23,14,2026-04-06,M1,25.0,29.524023124991416,3.3780747362082404,0.08087856163830973,exp(m + variance/2) - 1,
114,2026-03-23,14,2026-04-06,M2,25.0,29.379459889731336,3.3733529675887746,0.08082750187858043,exp(m + variance/2) - 1,
114,2026-03-23,14,2026-04-06,M3,25.0,29.45803508530781,3.376311820581357,0.08007603354339231,exp(m + variance/2) - 1,
114,2026-03-23,14,2026-04-06,M4,25.0,30.04268237070918,3.3947572652390274,0.08121168584883734,exp(m + variance/2) - 1,
114,2026-03-23,14,2026-04-06,M5,25.0,29.769601165416763,3.386342411535535,0.08036963182900093,exp(m + variance/2) - 1,
115,2026-03-24,14,2026-04-07,M0,34.0,37.0,,,not applicable -- original-scale benchmark,2025-04-07
115,2026-03-24,14,2026-04-07,M1,34.0,30.96337817103776,3.424031818988735,0.08111799258676651,exp(m + variance/2) - 1,
115,2026-03-24,14,2026-04-07,M2,34.0,30.845323191399572,3.420344445810261,0.08109217370298105,exp(m + variance/2) - 1,
115,2026-03-24,14,2026-04-07,M3,34.0,30.320697136432244,3.4041191100143204,0.08032003873468355,exp(m + variance/2) - 1,
115,2026-03-24,14,2026-04-07,M4,34.0,31.48037317752995,3.439897464342505,0.08147708068188067,exp(m + variance/2) - 1,
115,2026-03-24,14,2026-04-07,M5,34.0,30.67934927825842,3.4153383388378673,0.08065337487677063,exp(m + variance/2) - 1,
116,2026-03-25,14,2026-04-08,M0,27.0,26.0,,,not applicable -- original-scale benchmark,2025-04-08
116,2026-03-25,14,2026-04-08,M1,27.0,28.74096582173949,3.3521043015874783,0.08084222885927381,exp(m + variance/2) - 1,
116,2026-03-25,14,2026-04-08,M2,27.0,28.638075827587432,3.348659906332922,0.08079994778020644,exp(m + variance/2) - 1,
116,2026-03-25,14,2026-04-08,M3,27.0,28.18995309234124,3.3337881537560357,0.08007284826338434,exp(m + variance/2) - 1,
116,2026-03-25,14,2026-04-08,M4,27.0,29.11610753846763,3.3644616838849255,0.08119695781007308,exp(m + variance/2) - 1,
116,2026-03-25,14,2026-04-08,M5,27.0,28.44899488052343,3.34249422506205,0.08033110951902503,exp(m + variance/2) - 1,
117,2026-03-26,14,2026-04-09,M0,25.0,28.0,,,not applicable -- original-scale benchmark,2025-04-09
117,2026-03-26,14,2026-04-09,M1,25.0,26.9363932652687,3.2895463364004613,0.08076784104529465,exp(m + variance/2) - 1,
117,2026-03-26,14,2026-04-09,M2,25.0,26.852366418554244,3.286574233953077,0.08068739791206474,exp(m + variance/2) - 1,
117,2026-03-26,14,2026-04-09,M3,25.0,26.575447820118743,3.276935011013278,0.07998158814250964,exp(m + variance/2) - 1,
117,2026-03-26,14,2026-04-09,M4,25.0,27.226867858882684,3.2997198330684503,0.08110890448054386,exp(m + variance/2) - 1,
117,2026-03-26,14,2026-04-09,M5,25.0,26.7598689957155,3.283486824015708,0.08020918487449351,exp(m + variance/2) - 1,
118,2026-03-27,14,2026-04-10,M0,23.0,33.0,,,not applicable -- original-scale benchmark,2025-04-10
118,2026-03-27,14,2026-04-10,M1,23.0,25.526197477339746,3.237732710895435,0.08080023563978823,exp(m + variance/2) - 1,
118,2026-03-27,14,2026-04-10,M2,23.0,25.458310561774013,3.2352199286652366,0.08070075844355822,exp(m + variance/2) - 1,
118,2026-03-27,14,2026-04-10,M3,23.0,25.176634846636553,3.2248686337471444,0.07999715876647992,exp(m + variance/2) - 1,
118,2026-03-27,14,2026-04-10,M4,23.0,25.756445142502805,3.246204293292375,0.08114218186985966,exp(m + variance/2) - 1,
118,2026-03-27,14,2026-04-10,M5,23.0,25.325711976763174,3.230428263421272,0.08023567976812539,exp(m + variance/2) - 1,
119,2026-03-28,14,2026-04-11,M0,27.0,32.0,,,not applicable -- original-scale benchmark,2025-04-11
119,2026-03-28,14,2026-04-11,M1,27.0,25.1536243862112,3.2236284548470167,0.08071865182991103,exp(m + variance/2) - 1,
119,2026-03-28,14,2026-04-11,M2,27.0,25.093761163889614,3.221380620850509,0.08063125807642774,exp(m + variance/2) - 1,
119,2026-03-28,14,2026-04-11,M3,27.0,24.911130719849456,3.2147007159202032,0.07994383597823664,exp(m + variance/2) - 1,
119,2026-03-28,14,2026-04-11,M4,27.0,25.354756749116664,3.2311108050781274,0.0810759508105108,exp(m + variance/2) - 1,
119,2026-03-28,14,2026-04-11,M5,27.0,25.04422733915326,3.219716279272473,0.0801597302108152,exp(m + variance/2) - 1,
120,2026-03-29,14,2026-04-12,M0,21.0,26.0,,,not applicable -- original-scale benchmark,2025-04-12
120,2026-03-29,14,2026-04-12,M1,21.0,24.572041829094243,3.201152911909928,0.08069345346259421,exp(m + variance/2) - 1,
120,2026-03-29,14,2026-04-12,M2,21.0,24.525113539220154,3.1993661845840826,0.08059325522850425,exp(m + variance/2) - 1,
120,2026-03-29,14,2026-04-12,M3,21.0,24.30998333418497,3.191248927677364,0.07989997682369801,exp(m + variance/2) - 1,
120,2026-03-29,14,2026-04-12,M4,21.0,24.748283288114493,3.2078453849161086,0.08104514309692043,exp(m + variance/2) - 1,
120,2026-03-29,14,2026-04-12,M5,21.0,24.43682169856321,3.196134071719838,0.08012745142939834,exp(m + variance/2) - 1,
121,2026-03-30,14,2026-04-13,M0,30.0,24.0,,,not applicable -- original-scale benchmark,2025-04-13
121,2026-03-30,14,2026-04-13,M1,30.0,26.780237662752448,3.2839684854313584,0.08071281406583622,exp(m + variance/2) - 1,
121,2026-03-30,14,2026-04-13,M2,30.0,26.73956904926927,3.2825463969895643,0.08062696484411658,exp(m + variance/2) - 1,
121,2026-03-30,14,2026-04-13,M3,30.0,26.44014112865736,3.2720422582593622,0.07992937551548059,exp(m + variance/2) - 1,
121,2026-03-30,14,2026-04-13,M4,30.0,27.104945041602754,3.295391959512783,0.08110716294488532,exp(m + variance/2) - 1,
121,2026-03-30,14,2026-04-13,M5,30.0,26.707693631865173,3.281592158632612,0.08023592887701717,exp(m + variance/2) - 1,
122,2026-03-31,14,2026-04-14,M0,22.0,35.0,,,not applicable -- original-scale benchmark,2025-04-14
122,2026-03-31,14,2026-04-14,M1,22.0,25.807824836485146,3.2483848136941127,0.08061800543590232,exp(m + variance/2) - 1,
122,2026-03-31,14,2026-04-14,M2,22.0,25.77489811324895,3.247195001356066,0.08053961935269871,exp(m + variance/2) - 1,
122,2026-03-31,14,2026-04-14,M3,22.0,25.407086347495994,3.2337139769258014,0.07983683892259472,exp(m + variance/2) - 1,
122,2026-03-31,14,2026-04-14,M4,22.0,26.02954408549393,3.256422582230446,0.08101582186860984,exp(m + variance/2) - 1,
122,2026-03-31,14,2026-04-14,M5,22.0,25.608180909580387,3.2411546350164597,0.08012817295642179,exp(m + variance/2) - 1,
123,2026-04-01,14,2026-04-15,M0,24.0,37.0,,,not applicable -- original-scale benchmark,2025-04-15
123,2026-04-01,14,2026-04-15,M1,24.0,23.721255499977687,3.1672987211752175,0.08072939791722442,exp(m + variance/2) - 1,
123,2026-04-01,14,2026-04-15,M2,24.0,23.691247164342425,3.166133723986464,0.08063018205793658,exp(m + variance/2) - 1,
123,2026-04-01,14,2026-04-15,M3,24.0,23.238092681575505,3.1479403700521775,0.07997020659928522,exp(m + variance/2) - 1,
123,2026-04-01,14,2026-04-15,M4,24.0,23.847820198403596,3.1722140501532397,0.08111196033563096,exp(m + variance/2) - 1,
123,2026-04-01,14,2026-04-15,M5,24.0,23.35997719503027,3.152845615425749,0.08019178250181175,exp(m + variance/2) - 1,
124,2026-04-02,14,2026-04-16,M0,25.0,26.0,,,not applicable -- original-scale benchmark,2025-04-16
124,2026-04-02,14,2026-04-16,M1,25.0,22.45259072269032,3.1145522201225826,0.08085749449388269,exp(m + variance/2) - 1,
124,2026-04-02,14,2026-04-16,M2,25.0,22.427290815715185,3.1135243434957296,0.08075454694877418,exp(m + variance/2) - 1,
124,2026-04-02,14,2026-04-16,M3,25.0,21.990615107436344,3.0950384441973084,0.08009529930847864,exp(m + variance/2) - 1,
124,2026-04-02,14,2026-04-16,M4,25.0,22.516730243496628,3.11708056597774,0.08126305425795484,exp(m + variance/2) - 1,
124,2026-04-02,14,2026-04-16,M5,25.0,22.063444688824056,3.0980887600481184,0.08032024606147066,exp(m + variance/2) - 1,
125,2026-04-03,14,2026-04-17,M0,20.0,45.0,,,not applicable -- original-scale benchmark,2025-04-17
125,2026-04-03,14,2026-04-17,M1,20.0,21.38343016331298,3.0678121483198226,0.08101762391529035,exp(m + variance/2) - 1,
125,2026-04-03,14,2026-04-17,M2,20.0,21.364969452019277,3.0670426937751114,0.08090635445087038,exp(m + variance/2) - 1,
125,2026-04-03,14,2026-04-17,M3,20.0,21.571169976109616,3.0765487531206572,0.0802493480614595,exp(m + variance/2) - 1,
125,2026-04-03,14,2026-04-17,M4,20.0,21.40885043447956,3.0687399275295046,0.08143212395746316,exp(m + variance/2) - 1,
125,2026-04-03,14,2026-04-17,M5,20.0,21.581202512347623,3.076875787626343,0.0804840506339666,exp(m + variance/2) - 1,
126,2026-04-04,14,2026-04-18,M0,13.0,28.0,,,not applicable -- original-scale benchmark,2025-04-18
126,2026-04-04,14,2026-04-18,M1,13.0,21.751560370720405,3.084222744766677,0.08082197200445237,exp(m + variance/2) - 1,
126,2026-04-04,14,2026-04-18,M2,13.0,21.73627779928395,3.0836076885844976,0.08070820234440189,exp(m + variance/2) - 1,
126,2026-04-04,14,2026-04-18,M3,13.0,21.83941837262881,3.0884594256548836,0.08005698702443559,exp(m + variance/2) - 1,
126,2026-04-04,14,2026-04-18,M4,13.0,21.766005838172074,3.084658567533103,0.08121976762496444,exp(m + variance/2) - 1,
126,2026-04-04,14,2026-04-18,M5,13.0,21.847485724528735,3.0886984238325805,0.08028530703196389,exp(m + variance/2) - 1,
127,2026-04-05,14,2026-04-19,M0,34.0,25.0,,,not applicable -- original-scale benchmark,2025-04-19
127,2026-04-05,14,2026-04-19,M1,34.0,21.752448114930722,3.084316990256059,0.0807115175978462,exp(m + variance/2) - 1,
127,2026-04-05,14,2026-04-19,M2,34.0,21.740023114384204,3.0838300765006377,0.0805928565698423,exp(m + variance/2) - 1,
127,2026-04-05,14,2026-04-19,M3,34.0,21.825364386577224,3.0879017483525324,0.07994128472741847,exp(m + variance/2) - 1,
127,2026-04-05,14,2026-04-19,M4,34.0,21.75109180585152,3.084059715668536,0.08110684008574144,exp(m + variance/2) - 1,
127,2026-04-05,14,2026-04-19,M5,34.0,21.821708487108605,3.087628110568853,0.08016819806813044,exp(m + variance/2) - 1,
128,2026-04-06,14,2026-04-20,M0,28.0,24.0,,,not applicable -- original-scale benchmark,2025-04-20
128,2026-04-06,14,2026-04-20,M1,28.0,21.79400328766853,3.086194475314058,0.08060602470683845,exp(m + variance/2) - 1,
128,2026-04-06,14,2026-04-20,M2,28.0,21.785004317300746,3.0858570456918435,0.08049113700787626,exp(m + variance/2) - 1,
128,2026-04-06,14,2026-04-20,M3,28.0,21.853059775739755,3.0891649029559503,0.07984022490815894,exp(m + variance/2) - 1,
128,2026-04-06,14,2026-04-20,M4,28.0,21.79984060915805,3.0862539970071308,0.08099909620485375,exp(m + variance/2) - 1,
128,2026-04-06,14,2026-04-20,M5,28.0,21.862208169237107,3.0894491413081333,0.08007221544641986,exp(m + variance/2) - 1,
129,2026-04-07,14,2026-04-21,M0,20.0,32.0,,,not applicable -- original-scale benchmark,2025-04-21
129,2026-04-07,14,2026-04-21,M1,20.0,23.094168006068056,3.141680394629229,0.08057885026653355,exp(m + variance/2) - 1,
129,2026-04-07,14,2026-04-21,M2,20.0,23.08795636781334,3.141477917818519,0.08046812398634239,exp(m + variance/2) - 1,
129,2026-04-07,14,2026-04-21,M3,20.0,23.071412016969717,3.1411145638608566,0.07982069830736707,exp(m + variance/2) - 1,
129,2026-04-07,14,2026-04-21,M4,20.0,23.113482245463754,3.1422960743154045,0.08095007806267929,exp(m + variance/2) - 1,
129,2026-04-07,14,2026-04-21,M5,20.0,23.08838215215429,3.1416998347564236,0.08005964226505909,exp(m + variance/2) - 1,
130,2026-04-08,14,2026-04-22,M0,28.0,29.0,,,not applicable -- original-scale benchmark,2025-04-22
130,2026-04-08,14,2026-04-22,M1,28.0,23.08541996859842,3.1413472925751105,0.08051876858167747,exp(m + variance/2) - 1,
130,2026-04-08,14,2026-04-22,M2,28.0,23.08302978260286,3.1413068930829224,0.08040108195899165,exp(m + variance/2) - 1,
130,2026-04-08,14,2026-04-22,M3,28.0,22.989203645720867,3.137728933842509,0.07974989439692741,exp(m + variance/2) - 1,
130,2026-04-08,14,2026-04-22,M4,28.0,23.09500270789063,3.14156257780636,0.08088376933970548,exp(m + variance/2) - 1,
130,2026-04-08,14,2026-04-22,M5,28.0,23.010840356185213,3.1385098878419706,0.07999104407261313,exp(m + variance/2) - 1,
131,2026-04-09,14,2026-04-23,M0,29.0,27.0,,,not applicable -- original-scale benchmark,2025-04-23
131,2026-04-09,14,2026-04-23,M1,29.0,22.903044767285053,3.1337927534644905,0.08042618695898257,exp(m + variance/2) - 1,
131,2026-04-09,14,2026-04-23,M2,29.0,22.902420353101927,3.1338158756269308,0.08032769637467702,exp(m + variance/2) - 1,
131,2026-04-09,14,2026-04-23,M3,29.0,22.750123991332856,3.1277509464469744,0.07967360941549488,exp(m + variance/2) - 1,
131,2026-04-09,14,2026-04-23,M4,29.0,22.903195013179392,3.1336107773854143,0.08080271035428155,exp(m + variance/2) - 1,
131,2026-04-09,14,2026-04-23,M5,29.0,22.76966936522113,3.1284530321148556,0.07991467881921271,exp(m + variance/2) - 1,
132,2026-04-10,14,2026-04-24,M0,16.0,39.0,,,not applicable -- original-scale benchmark,2025-04-24
132,2026-04-10,14,2026-04-24,M1,16.0,22.43237114594111,3.113947761808695,0.08034137373680428,exp(m + variance/2) - 1,
132,2026-04-10,14,2026-04-24,M2,16.0,22.43321195625633,3.1140363374255395,0.08023598606687712,exp(m + variance/2) - 1,
132,2026-04-10,14,2026-04-24,M3,16.0,22.453339675152403,3.11522246625347,0.07958087069870022,exp(m + variance/2) - 1,
132,2026-04-10,14,2026-04-24,M4,16.0,22.423380190049652,3.113375642656928,0.08071806861222482,exp(m + variance/2) - 1,
132,2026-04-10,14,2026-04-24,M5,16.0,22.459512815000096,3.115365156050821,0.07982184066968477,exp(m + variance/2) - 1,
133,2026-04-11,14,2026-04-25,M0,27.0,29.0,,,not applicable -- original-scale benchmark,2025-04-25
133,2026-04-11,14,2026-04-25,M1,27.0,22.741955345617967,3.1270944378021066,0.0802986260188426,exp(m + variance/2) - 1,
133,2026-04-11,14,2026-04-25,M2,27.0,22.744470408465066,3.1272547133278983,0.08018993027618287,exp(m + variance/2) - 1,
133,2026-04-11,14,2026-04-25,M3,27.0,23.019958959541228,3.139114401705316,0.07954141269955209,exp(m + variance/2) - 1,
133,2026-04-11,14,2026-04-25,M4,27.0,22.73441937445225,3.1265929007071174,0.08066677631048749,exp(m + variance/2) - 1,
133,2026-04-11,14,2026-04-25,M5,27.0,23.012754664621475,3.1386998772731642,0.07977051253493685,exp(m + variance/2) - 1,
134,2026-04-12,14,2026-04-26,M0,22.0,13.0,,,not applicable -- original-scale benchmark,2025-04-26
134,2026-04-12,14,2026-04-26,M1,22.0,21.897085945881784,3.090903595777247,0.08021211082855821,exp(m + variance/2) - 1,
134,2026-04-12,14,2026-04-26,M2,22.0,21.901213832448335,3.091137894627399,0.08010404062361585,exp(m + variance/2) - 1,
134,2026-04-12,14,2026-04-26,M3,22.0,22.155384510953905,3.102501286520339,0.07945211846468775,exp(m + variance/2) - 1,
134,2026-04-12,14,2026-04-26,M4,22.0,21.87657273210779,3.089820292084337,0.08058614006006871,exp(m + variance/2) - 1,
134,2026-04-12,14,2026-04-26,M5,22.0,22.143008526777827,3.101848887290063,0.07968768029227435,exp(m + variance/2) - 1,
135,2026-04-13,14,2026-04-27,M0,28.0,37.0,,,not applicable -- original-scale benchmark,2025-04-27
135,2026-04-13,14,2026-04-27,M1,28.0,22.779666095393633,3.1287148905967688,0.08023191832495273,exp(m + variance/2) - 1,
135,2026-04-13,14,2026-04-27,M2,28.0,22.78477531087771,3.1289833422851654,0.08012468176249936,exp(m + variance/2) - 1,
135,2026-04-13,14,2026-04-27,M3,28.0,23.020137912498587,3.1391523908810512,0.07948033464754031,exp(m + variance/2) - 1,
135,2026-04-13,14,2026-04-27,M4,28.0,22.81069319204423,3.1298295879414524,0.08061037123423542,exp(m + variance/2) - 1,
135,2026-04-13,14,2026-04-27,M5,28.0,23.049763472887953,3.1402597968959864,0.07973072960053634,exp(m + variance/2) - 1,
136,2026-04-14,14,2026-04-28,M0,27.0,24.0,,,not applicable -- original-scale benchmark,2025-04-28
136,2026-04-14,14,2026-04-28,M1,27.0,22.06434929125737,3.0982235430521787,0.08012912320923259,exp(m + variance/2) - 1,
136,2026-04-14,14,2026-04-28,M2,27.0,23.189093711873994,3.1458889212943983,0.08002587444311504,exp(m + variance/2) - 1,
136,2026-04-14,14,2026-04-28,M3,27.0,22.12330157622882,3.101154565016949,0.07937254066406163,exp(m + variance/2) - 1,
136,2026-04-14,14,2026-04-28,M4,27.0,22.065950879927154,3.098103809326157,0.08050746586169669,exp(m + variance/2) - 1,
136,2026-04-14,14,2026-04-28,M5,27.0,23.417395108317145,3.155484023036072,0.07962353907141846,exp(m + variance/2) - 1,
137,2026-04-15,14,2026-04-29,M0,19.0,27.0,,,not applicable -- original-scale benchmark,2025-04-29
137,2026-04-15,14,2026-04-29,M1,19.0,22.002446667822387,3.095571044723968,0.08005908481881491,exp(m + variance/2) - 1,
137,2026-04-15,14,2026-04-29,M2,19.0,23.124394868859778,3.1432474947367424,0.07995213803529694,exp(m + variance/2) - 1,
137,2026-04-15,14,2026-04-29,M3,19.0,21.95563647402909,3.093909521091989,0.07930796651444907,exp(m + variance/2) - 1,
137,2026-04-15,14,2026-04-29,M4,19.0,21.989850655577758,3.0948361296619784,0.08043342606377699,exp(m + variance/2) - 1,
137,2026-04-15,14,2026-04-29,M5,19.0,23.230450315303944,3.1478338616346075,0.07955251610448662,exp(m + variance/2) - 1,
138,2026-04-16,14,2026-04-30,M0,12.0,24.0,,,not applicable -- original-scale benchmark,2025-04-30
138,2026-04-16,14,2026-04-30,M1,12.0,22.054192328597267,3.0978524067015827,0.0799904519371274,exp(m + variance/2) - 1,
138,2026-04-16,14,2026-04-30,M2,12.0,23.179487461541058,3.145562964580409,0.07988336717681757,exp(m + variance/2) - 1,
138,2026-04-16,14,2026-04-30,M3,12.0,22.106477945363793,3.10049097385344,0.07924406979248855,exp(m + variance/2) - 1,
138,2026-04-16,14,2026-04-30,M4,12.0,22.03114599320255,3.0966640398620022,0.08036686723694356,exp(m + variance/2) - 1,
138,2026-04-16,14,2026-04-30,M5,12.0,23.37442995330593,3.15378332694139,0.07950260627602576,exp(m + variance/2) - 1,
139,2026-04-17,14,2026-05-01,M0,14.0,33.0,,,not applicable -- original-scale benchmark,2025-05-01
139,2026-04-17,14,2026-05-01,M1,14.0,21.213050329225535,3.0607207826210554,0.07991837241460138,exp(m + variance/2) - 1,
139,2026-04-17,14,2026-05-01,M2,14.0,22.298277125860732,3.108475134641202,0.0798085602008432,exp(m + variance/2) - 1,
139,2026-04-17,14,2026-05-01,M3,14.0,21.40297361472409,3.0696142742232055,0.07915885296905023,exp(m + variance/2) - 1,
139,2026-04-17,14,2026-05-01,M4,14.0,21.171323925376466,3.058651296895966,0.08029688385220637,exp(m + variance/2) - 1,
139,2026-04-17,14,2026-05-01,M5,14.0,22.608467163463917,3.1218962465253526,0.07941835854722483,exp(m + variance/2) - 1,
140,2026-04-18,14,2026-05-02,M0,25.0,26.0,,,not applicable -- original-scale benchmark,2025-05-02
140,2026-04-18,14,2026-05-02,M1,25.0,19.10975712152744,2.9610975638440022,0.08021512474046485,exp(m + variance/2) - 1,
140,2026-04-18,14,2026-05-02,M2,25.0,20.091322852673034,3.0088075556819796,0.08010832201639749,exp(m + variance/2) - 1,
140,2026-04-18,14,2026-05-02,M3,25.0,19.084463062161312,2.9602103568820146,0.07947235459275448,exp(m + variance/2) - 1,
140,2026-04-18,14,2026-05-02,M4,25.0,19.048677629367642,2.9578604667632735,0.0806054623335361,exp(m + variance/2) - 1,
140,2026-04-18,14,2026-05-02,M5,25.0,20.14916121804306,3.011738651600167,0.07972318876864777,exp(m + variance/2) - 1,
141,2026-04-19,14,2026-05-03,M0,20.0,17.0,,,not applicable -- original-scale benchmark,2025-05-03
141,2026-04-19,14,2026-05-03,M1,20.0,21.005472942697722,3.0512168373228676,0.08014871043983184,exp(m + variance/2) - 1,
141,2026-04-19,14,2026-05-03,M2,20.0,22.07747847736376,3.0988419554269817,0.0800304576609957,exp(m + variance/2) - 1,
141,2026-04-19,14,2026-05-03,M3,20.0,20.899171447961415,3.046746831335245,0.07940394269017728,exp(m + variance/2) - 1,
141,2026-04-19,14,2026-05-03,M4,20.0,20.962614999889134,3.0490827673860994,0.08051784461284894,exp(m + variance/2) - 1,
141,2026-04-19,14,2026-05-03,M5,20.0,22.066150272724666,3.098545662502637,0.07964104836335484,exp(m + variance/2) - 1,
142,2026-04-20,14,2026-05-04,M0,20.0,25.0,,,not applicable -- original-scale benchmark,2025-05-04
142,2026-04-20,14,2026-05-04,M1,20.0,21.475115333111354,3.072357144876939,0.08010313417087227,exp(m + variance/2) - 1,
142,2026-04-20,14,2026-05-04,M2,20.0,22.57166840881687,3.1200503421680477,0.07999031508991808,exp(m + variance/2) - 1,
142,2026-04-20,14,2026-05-04,M3,20.0,21.312237295014704,3.065455560458852,0.07935945023758942,exp(m + variance/2) - 1,
142,2026-04-20,14,2026-05-04,M4,20.0,21.540095936674327,3.0750630426519114,0.08046544447224674,exp(m + variance/2) - 1,
142,2026-04-20,14,2026-05-04,M5,20.0,22.623475306891645,3.1224308676769046,0.07962013269170914,exp(m + variance/2) - 1,
143,2026-04-21,14,2026-05-05,M0,25.0,23.0,,,not applicable -- original-scale benchmark,2025-05-05
143,2026-04-21,14,2026-05-05,M1,25.0,20.73769347449661,3.0390454706567223,0.0800046189569025,exp(m + variance/2) - 1,
143,2026-04-21,14,2026-05-05,M2,25.0,21.798739240502258,3.086758988071561,0.07989249978145678,exp(m + variance/2) - 1,
143,2026-04-21,14,2026-05-05,M3,25.0,20.145728202525227,3.0118040872674685,0.07926764316985782,exp(m + variance/2) - 1,
143,2026-04-21,14,2026-05-05,M4,25.0,20.784686538695368,3.0410219556052174,0.08037063000229634,exp(m + variance/2) - 1,
143,2026-04-21,14,2026-05-05,M5,25.0,21.39905003832576,3.0692700119659957,0.07949707398479408,exp(m + variance/2) - 1,
144,2026-04-22,14,2026-05-06,M0,21.0,17.0,,,not applicable -- original-scale benchmark,2025-05-06
144,2026-04-22,14,2026-05-06,M1,21.0,21.545596241117007,3.0755219341180644,0.08003564823410331,exp(m + variance/2) - 1,
144,2026-04-22,14,2026-05-06,M2,21.0,22.646506371386845,3.1232528678909097,0.0799250279899025,exp(m + variance/2) - 1,
144,2026-04-22,14,2026-05-06,M3,21.0,20.961215505914698,3.0496295571410017,0.07929681775077094,exp(m + variance/2) - 1,
144,2026-04-22,14,2026-05-06,M4,21.0,21.601417876317996,3.077813257040898,0.0803987703191606,exp(m + variance/2) - 1,
144,2026-04-22,14,2026-05-06,M5,21.0,22.260024130027258,3.1069731503476374,0.07952606829356378,exp(m + variance/2) - 1,
145,2026-04-23,14,2026-05-07,M0,16.0,24.0,,,not applicable -- original-scale benchmark,2025-05-07
145,2026-04-23,14,2026-05-07,M1,16.0,22.218871522163194,3.1049178120484493,0.08009512730052826,exp(m + variance/2) - 1,
145,2026-04-23,14,2026-05-07,M2,16.0,23.355128306582717,3.1527513174602992,0.0799822359334902,exp(m + variance/2) - 1,
145,2026-04-23,14,2026-05-07,M3,16.0,21.53238541502401,3.075273211941897,0.07936082834692679,exp(m + variance/2) - 1,
145,2026-04-23,14,2026-05-07,M4,16.0,22.27930901422554,3.107336709940084,0.08045646192625223,exp(m + variance/2) - 1,
145,2026-04-23,14,2026-05-07,M5,16.0,22.87482023288484,3.1330299276613536,0.07958885832883293,exp(m + variance/2) - 1,
146,2026-04-24,14,2026-05-08,M0,19.0,21.0,,,not applicable -- original-scale benchmark,2025-05-08
146,2026-04-24,14,2026-05-08,M1,19.0,20.499227556881955,3.0280322267181825,0.0799695603662756,exp(m + variance/2) - 1,
146,2026-04-24,14,2026-05-08,M2,19.0,21.54829169984563,3.075729616954722,0.0798593800398407,exp(m + variance/2) - 1,
146,2026-04-24,14,2026-05-08,M3,19.0,19.889568099579407,2.9996283861086823,0.07924302852366072,exp(m + variance/2) - 1,
146,2026-04-24,14,2026-05-08,M4,19.0,20.529837260410208,3.0292712727227182,0.0803369597776271,exp(m + variance/2) - 1,
146,2026-04-24,14,2026-05-08,M5,19.0,21.118363077749205,3.0566755499615743,0.07946524408842183,exp(m + variance/2) - 1,
147,2026-04-25,14,2026-05-09,M0,17.0,17.0,,,not applicable -- original-scale benchmark,2025-05-09
147,2026-04-25,14,2026-05-09,M1,17.0,21.316599569169203,3.065332614361213,0.07999632498808454,exp(m + variance/2) - 1,
147,2026-04-25,14,2026-05-09,M2,17.0,22.40673891535234,3.1130810743536204,0.07988578877013691,exp(m + variance/2) - 1,
147,2026-04-25,14,2026-05-09,M3,17.0,20.634185086175037,3.0346464554571755,0.07925650210398066,exp(m + variance/2) - 1,
147,2026-04-25,14,2026-05-09,M4,17.0,21.359783946684477,3.0670865029090466,0.08035496567883982,exp(m + variance/2) - 1,
147,2026-04-25,14,2026-05-09,M5,17.0,21.907814162921785,3.0917373682396385,0.07948142787362444,exp(m + variance/2) - 1,
148,2026-04-26,14,2026-05-10,M0,20.0,16.0,,,not applicable -- original-scale benchmark,2025-05-10
148,2026-04-26,14,2026-05-10,M1,20.0,20.967460815617557,3.049609390769957,0.07990582774588939,exp(m + variance/2) - 1,
148,2026-04-26,14,2026-05-10,M2,20.0,22.040849727755614,3.097370586589337,0.07979625820646301,exp(m + variance/2) - 1,
148,2026-04-26,14,2026-05-10,M3,20.0,20.25377257780164,3.0169523216395686,0.07916418209348948,exp(m + variance/2) - 1,
148,2026-04-26,14,2026-05-10,M4,20.0,21.003189393335628,3.0510546366404636,0.080265557269425,exp(m + variance/2) - 1,
148,2026-04-26,14,2026-05-10,M5,20.0,21.50565627210949,3.0740695659366177,0.07939420310430133,exp(m + variance/2) - 1,
149,2026-04-27,14,2026-05-11,M0,22.0,17.0,,,not applicable -- original-scale benchmark,2025-05-11
149,2026-04-27,14,2026-05-11,M1,22.0,21.73592299540328,3.083967169662041,0.07995802957056489,exp(m + variance/2) - 1,
149,2026-04-27,14,2026-05-11,M2,22.0,22.848467268399244,3.131795740200353,0.07984841918592121,exp(m + variance/2) - 1,
149,2026-04-27,14,2026-05-11,M3,22.0,20.94188774942319,3.0487927196990006,0.07920954579438977,exp(m + variance/2) - 1,
149,2026-04-27,14,2026-05-11,M4,22.0,21.886824920863592,3.090401129815681,0.08032056842298077,exp(m + variance/2) - 1,
149,2026-04-27,14,2026-05-11,M5,22.0,22.339130639086278,3.110413515647894,0.07943572566825038,exp(m + variance/2) - 1,
150,2026-04-28,14,2026-05-12,M0,18.0,20.0,,,not applicable -- original-scale benchmark,2025-05-12
150,2026-04-28,14,2026-05-12,M1,18.0,22.13593753699043,3.101399582860332,0.07997512658699889,exp(m + variance/2) - 1,
150,2026-04-28,14,2026-05-12,M2,18.0,23.10553242777114,3.142526186211391,0.07983037851671052,exp(m + variance/2) - 1,
150,2026-04-28,14,2026-05-12,M3,18.0,21.427511034799707,3.0706754496842814,0.07922585357568515,exp(m + variance/2) - 1,
150,2026-04-28,14,2026-05-12,M4,18.0,22.283654997023746,3.10758339545565,0.08033643334898838,exp(m + variance/2) - 1,
150,2026-04-28,14,2026-05-12,M5,18.0,22.662470465177755,3.1241801720120588,0.07942019270523944,exp(m + variance/2) - 1,
151,2026-04-29,14,2026-05-13,M0,13.0,20.0,,,not applicable -- original-scale benchmark,2025-05-13
151,2026-04-29,14,2026-05-13,M1,13.0,21.133584946607915,3.0571863380890956,0.07981959546040326,exp(m + variance/2) - 1,
151,2026-04-29,14,2026-05-13,M2,13.0,21.84634687900672,3.088957356372933,0.07966774836397515,exp(m + variance/2) - 1,
151,2026-04-29,14,2026-05-13,M3,13.0,20.567800036893075,3.0316628135654806,0.07907729966990282,exp(m + variance/2) - 1,
151,2026-04-29,14,2026-05-13,M4,13.0,21.25368356301078,3.0624155851319617,0.08018392634315968,exp(m + variance/2) - 1,
151,2026-04-29,14,2026-05-13,M5,13.0,21.502882740272664,3.074009505348033,0.07926783489068427,exp(m + variance/2) - 1,
152,2026-04-30,14,2026-05-14,M0,17.0,15.0,,,not applicable -- original-scale benchmark,2025-05-14
152,2026-04-30,14,2026-05-14,M1,17.0,18.89618489162071,2.9505238865742847,0.08000822557555387,exp(m + variance/2) - 1,
152,2026-04-30,14,2026-05-14,M2,17.0,18.604198879969243,2.9357744269932895,0.07993868973875662,exp(m + variance/2) - 1,
152,2026-04-30,14,2026-05-14,M3,17.0,18.55245288991981,2.9334634374506576,0.07927461725081267,exp(m + variance/2) - 1,
152,2026-04-30,14,2026-05-14,M4,17.0,18.976855704060345,2.954382982700812,0.08038281193228855,exp(m + variance/2) - 1,
152,2026-04-30,14,2026-05-14,M5,17.0,18.31371775605429,2.921050310760355,0.07953059447875527,exp(m + variance/2) - 1,
153,2026-05-01,14,2026-05-15,M0,17.0,25.0,,,not applicable -- original-scale benchmark,2025-05-15
153,2026-05-01,14,2026-05-15,M1,17.0,17.81953972415094,2.8948017424861554,0.08018786926377393,exp(m + variance/2) - 1,
153,2026-05-01,14,2026-05-15,M2,17.0,17.514193493271275,2.8784650931638702,0.08014512122654831,exp(m + variance/2) - 1,
153,2026-05-01,14,2026-05-15,M3,17.0,17.3415899760031,2.869447631136728,0.07944705274480059,exp(m + variance/2) - 1,
153,2026-05-01,14,2026-05-15,M4,17.0,17.884334591814376,2.8980528263290575,0.08055978893642368,exp(m + variance/2) - 1,
153,2026-05-01,14,2026-05-15,M5,17.0,17.07190478964983,2.85447329148523,0.07977043855251459,exp(m + variance/2) - 1,
154,2026-05-02,14,2026-05-16,M0,14.0,17.0,,,not applicable -- original-scale benchmark,2025-05-16
154,2026-05-02,14,2026-05-16,M1,14.0,18.729536814548304,2.942138070470889,0.0799575461735249,exp(m + variance/2) - 1,
154,2026-05-02,14,2026-05-16,M2,14.0,18.32943734974462,2.9216812976168014,0.0798957751236643,exp(m + variance/2) - 1,
154,2026-05-02,14,2026-05-16,M3,14.0,18.177666128838364,2.9141322042399,0.07922835053830796,exp(m + variance/2) - 1,
154,2026-05-02,14,2026-05-16,M4,14.0,18.813041080138813,2.9461822044979424,0.08031631361039375,exp(m + variance/2) - 1,
154,2026-05-02,14,2026-05-16,M5,14.0,17.81708274347792,2.895008396770774,0.079513434109268,exp(m + variance/2) - 1,
155,2026-05-03,14,2026-05-17,M0,13.0,25.0,,,not applicable -- original-scale benchmark,2025-05-17
155,2026-05-03,14,2026-05-17,M1,13.0,18.541260470935526,2.932582449924665,0.0798914036442773,exp(m + variance/2) - 1,
155,2026-05-03,14,2026-05-17,M2,13.0,18.10092646547357,2.9098161899813744,0.07984129988113217,exp(m + variance/2) - 1,
155,2026-05-03,14,2026-05-17,M3,13.0,17.98635822408997,2.904138794644192,0.07916387687896581,exp(m + variance/2) - 1,
155,2026-05-03,14,2026-05-17,M4,13.0,18.61985365751226,2.9364198172579252,0.08024435601816357,exp(m + variance/2) - 1,
155,2026-05-03,14,2026-05-17,M5,13.0,17.581417687890163,2.8824370013959317,0.07945006180587583,exp(m + variance/2) - 1,
156,2026-05-04,14,2026-05-18,M0,12.0,26.0,,,not applicable -- original-scale benchmark,2025-05-18
156,2026-05-04,14,2026-05-18,M1,12.0,18.509519200195935,2.930999365242731,0.07980629065248945,exp(m + variance/2) - 1,
156,2026-05-04,14,2026-05-18,M2,12.0,18.0298475836195,2.9061292484248162,0.07975884716523604,exp(m + variance/2) - 1,
156,2026-05-04,14,2026-05-18,M3,12.0,17.949702393356066,2.902250896062707,0.0790746610126291,exp(m + variance/2) - 1,
156,2026-05-04,14,2026-05-18,M4,12.0,18.591213807302314,2.9349992208695745,0.08016393944784675,exp(m + variance/2) - 1,
156,2026-05-04,14,2026-05-18,M5,12.0,17.504516419363487,2.878330787770817,0.07936809058959593,exp(m + variance/2) - 1,
157,2026-05-05,14,2026-05-19,M0,18.0,17.0,,,not applicable -- original-scale benchmark,2025-05-19
157,2026-05-05,14,2026-05-19,M1,18.0,19.225891950115546,2.9670878063930135,0.0797515138890431,exp(m + variance/2) - 1,
157,2026-05-05,14,2026-05-19,M2,18.0,18.675033301149156,2.9395138405999024,0.07967329252743144,exp(m + variance/2) - 1,
157,2026-05-05,14,2026-05-19,M3,18.0,18.718456926274058,2.9420412904449798,0.07902761298627949,exp(m + variance/2) - 1,
157,2026-05-05,14,2026-05-19,M4,18.0,19.308103808585823,2.9709640427786392,0.08011193200483369,exp(m + variance/2) - 1,
157,2026-05-05,14,2026-05-19,M5,18.0,18.189858602711006,2.9147278377727757,0.07930820787981202,exp(m + variance/2) - 1,
158,2026-05-06,14,2026-05-20,M0,21.0,21.0,,,not applicable -- original-scale benchmark,2025-05-20
158,2026-05-06,14,2026-05-20,M1,21.0,19.157546830195102,2.9637413876890233,0.07967472619951876,exp(m + variance/2) - 1,
158,2026-05-06,14,2026-05-20,M2,21.0,18.578523028666595,2.9346354526326888,0.07959549794423959,exp(m + variance/2) - 1,
158,2026-05-06,14,2026-05-20,M3,21.0,18.651210131875686,2.938657992382761,0.0789618567112926,exp(m + variance/2) - 1,
158,2026-05-06,14,2026-05-20,M4,21.0,19.22596127911933,2.966948916288881,0.08003614955615553,exp(m + variance/2) - 1,
158,2026-05-06,14,2026-05-20,M5,21.0,18.07973468649883,2.9090175324837757,0.07921845623983431,exp(m + variance/2) - 1,
159,2026-05-07,14,2026-05-21,M0,23.0,19.0,,,not applicable -- original-scale benchmark,2025-05-21
159,2026-05-07,14,2026-05-21,M1,23.0,18.29183857255243,2.91986867048681,0.07962692820004638,exp(m + variance/2) - 1,
159,2026-05-07,14,2026-05-21,M2,23.0,17.729121220278532,2.890293709549202,0.07957177501620323,exp(m + variance/2) - 1,
159,2026-05-07,14,2026-05-21,M3,23.0,17.867836027629608,2.8980092702198164,0.07889880932713436,exp(m + variance/2) - 1,
159,2026-05-07,14,2026-05-21,M4,23.0,18.33761568674614,2.9220583232327138,0.07998775031291185,exp(m + variance/2) - 1,
159,2026-05-07,14,2026-05-21,M5,23.0,17.287541540787675,2.8666268459010213,0.07918638396527458,exp(m + variance/2) - 1,
160,2026-05-08,14,2026-05-22,M0,22.0,22.0,,,not applicable -- original-scale benchmark,2025-05-22
160,2026-05-08,14,2026-05-22,M1,22.0,18.235322642164117,2.916974334242667,0.07954795104646797,exp(m + variance/2) - 1,
160,2026-05-08,14,2026-05-22,M2,22.0,17.654441678362783,2.8863375502913273,0.07949345428143002,exp(m + variance/2) - 1,
160,2026-05-08,14,2026-05-22,M3,22.0,17.72342886832598,2.890363301677257,0.07882463728478303,exp(m + variance/2) - 1,
160,2026-05-08,14,2026-05-22,M4,22.0,18.275475355735484,2.9188791525705593,0.07990885670179429,exp(m + variance/2) - 1,
160,2026-05-08,14,2026-05-22,M5,22.0,17.11813752874801,2.857367855549042,0.07909130878765765,exp(m + variance/2) - 1,
161,2026-05-09,14,2026-05-23,M0,20.0,22.0,,,not applicable -- original-scale benchmark,2025-05-23
161,2026-05-09,14,2026-05-23,M1,20.0,17.759849359687795,2.8919707150426017,0.07949639727169827,exp(m + variance/2) - 1,
161,2026-05-09,14,2026-05-23,M2,20.0,17.18296415146518,2.860751428676187,0.07946738283572444,exp(m + variance/2) - 1,
161,2026-05-09,14,2026-05-23,M3,20.0,17.247762683915564,2.8646607037808067,0.07876355214087616,exp(m + variance/2) - 1,
161,2026-05-09,14,2026-05-23,M4,20.0,17.788455958530637,2.893310220405226,0.07986483213794976,exp(m + variance/2) - 1,
161,2026-05-09,14,2026-05-23,M5,20.0,16.640373721866798,2.8306553833828216,0.07906970603654608,exp(m + variance/2) - 1,
162,2026-05-10,14,2026-05-24,M0,23.0,10.0,,,not applicable -- original-scale benchmark,2025-05-24
162,2026-05-10,14,2026-05-24,M1,23.0,17.93448391011104,2.9012759703563002,0.07941766951302257,exp(m + variance/2) - 1,
162,2026-05-10,14,2026-05-24,M2,23.0,17.334960210801757,2.869126553649483,0.07936615549766243,exp(m + variance/2) - 1,
162,2026-05-10,14,2026-05-24,M3,23.0,17.438416087669182,2.875091874491586,0.07868888897001923,exp(m + variance/2) - 1,
162,2026-05-10,14,2026-05-24,M4,23.0,17.963273444614718,2.9026166887116367,0.07977488649071898,exp(m + variance/2) - 1,
162,2026-05-10,14,2026-05-24,M5,23.0,16.803101490593104,2.8398870110337575,0.07897134426126132,exp(m + variance/2) - 1,
163,2026-05-11,14,2026-05-25,M0,25.0,10.0,,,not applicable -- original-scale benchmark,2025-05-25
163,2026-05-11,14,2026-05-25,M1,25.0,18.327444391437048,2.9218505103641124,0.07935112934229654,exp(m + variance/2) - 1,
163,2026-05-11,14,2026-05-25,M2,25.0,17.698749499043057,2.888811354565537,0.07929059070012781,exp(m + variance/2) - 1,
163,2026-05-11,14,2026-05-25,M3,25.0,17.839452127188473,2.8966320756553703,0.07864222554431019,exp(m + variance/2) - 1,
163,2026-05-11,14,2026-05-25,M4,25.0,18.343450101787774,2.92249483908928,0.07971805410431504,exp(m + variance/2) - 1,
163,2026-05-11,14,2026-05-25,M5,25.0,17.16097706959195,2.859805807492628,0.07893873524959175,exp(m + variance/2) - 1,
164,2026-05-12,14,2026-05-26,M0,16.0,14.0,,,not applicable -- original-scale benchmark,2025-05-26
164,2026-05-12,14,2026-05-26,M1,16.0,17.99088679484612,2.9043203778219127,0.07927768780561592,exp(m + variance/2) - 1,
164,2026-05-12,14,2026-05-26,M2,16.0,17.365526315109676,2.8708654605144934,0.0792197538843365,exp(m + variance/2) - 1,
164,2026-05-12,14,2026-05-26,M3,16.0,17.6651718382564,2.887378717124211,0.0785612032856785,exp(m + variance/2) - 1,
164,2026-05-12,14,2026-05-26,M4,16.0,17.98762430908053,2.9039690551132855,0.0796367193550512,exp(m + variance/2) - 1,
164,2026-05-12,14,2026-05-26,M5,16.0,16.962674214467366,2.848874680294871,0.07884253970113382,exp(m + variance/2) - 1,
165,2026-05-13,14,2026-05-27,M0,21.0,17.0,,,not applicable -- original-scale benchmark,2025-05-27
165,2026-05-13,14,2026-05-27,M1,21.0,16.81276428160693,2.840245256737533,0.07934007608682912,exp(m + variance/2) - 1,
165,2026-05-13,14,2026-05-27,M2,21.0,16.22665491866554,2.806804954225552,0.07930586922888518,exp(m + variance/2) - 1,
165,2026-05-13,14,2026-05-27,M3,21.0,16.422572098197275,2.818468570031601,0.07859608502755752,exp(m + variance/2) - 1,
165,2026-05-13,14,2026-05-27,M4,21.0,16.786109751534934,2.8385689365736004,0.07969773010942899,exp(m + variance/2) - 1,
165,2026-05-13,14,2026-05-27,M5,21.0,15.751749009091228,2.779055548720596,0.0788942451049191,exp(m + variance/2) - 1,
166,2026-05-14,14,2026-05-28,M0,24.0,14.0,,,not applicable -- original-scale benchmark,2025-05-28
166,2026-05-14,14,2026-05-28,M1,24.0,16.75392991815582,2.8369764517950844,0.07926088691978392,exp(m + variance/2) - 1,
166,2026-05-14,14,2026-05-28,M2,24.0,16.28297715068807,2.8101172650479462,0.07920954460183421,exp(m + variance/2) - 1,
166,2026-05-14,14,2026-05-28,M3,24.0,16.466583427883805,2.8210315924876364,0.07851588916144725,exp(m + variance/2) - 1,
166,2026-05-14,14,2026-05-28,M4,24.0,16.719763106072,2.8348717185868044,0.07961771553787965,exp(m + variance/2) - 1,
166,2026-05-14,14,2026-05-28,M5,24.0,15.908089770554039,2.7883881694040227,0.07880804528045104,exp(m + variance/2) - 1,
167,2026-05-15,14,2026-05-29,M0,23.0,13.0,,,not applicable -- original-scale benchmark,2025-05-29
167,2026-05-15,14,2026-05-29,M1,23.0,16.597349713760398,2.8281502133743666,0.07919618577066308,exp(m + variance/2) - 1,
167,2026-05-15,14,2026-05-29,M2,23.0,16.202043715972337,2.8054610371856468,0.07913432054241351,exp(m + variance/2) - 1,
167,2026-05-15,14,2026-05-29,M3,23.0,16.205581116869467,2.8060093363955625,0.0784489566587385,exp(m + variance/2) - 1,
167,2026-05-15,14,2026-05-29,M4,23.0,16.556424878327572,2.8256419294637416,0.07955608677351715,exp(m + variance/2) - 1,
167,2026-05-15,14,2026-05-29,M5,23.0,15.736607393169706,2.7782361313483266,0.0787244969770751,exp(m + variance/2) - 1,
168,2026-05-16,14,2026-05-30,M0,26.0,14.0,,,not applicable -- original-scale benchmark,2025-05-30
168,2026-05-16,14,2026-05-30,M1,26.0,15.931156888109573,2.7895375014141033,0.07923605202351194,exp(m + variance/2) - 1,
168,2026-05-16,14,2026-05-30,M2,26.0,15.589687632293714,2.769201884154811,0.07915878239200316,exp(m + variance/2) - 1,
168,2026-05-16,14,2026-05-30,M3,26.0,15.448952811974014,2.7610233225395806,0.07847698759785078,exp(m + variance/2) - 1,
168,2026-05-16,14,2026-05-30,M4,26.0,15.879937201806612,2.7863299994173447,0.07959153894285194,exp(m + variance/2) - 1,
168,2026-05-16,14,2026-05-30,M5,26.0,15.044924603408205,2.736024587813413,0.078735975333032,exp(m + variance/2) - 1,
169,2026-05-17,14,2026-05-31,M0,16.0,25.0,,,not applicable -- original-scale benchmark,2025-05-31
169,2026-05-17,14,2026-05-31,M1,16.0,15.255629509427429,2.7487748409265214,0.07932887841024158,exp(m + variance/2) - 1,
169,2026-05-17,14,2026-05-31,M2,16.0,14.964522491844509,2.7307545685198433,0.07922869502487889,exp(m + variance/2) - 1,
169,2026-05-17,14,2026-05-31,M3,16.0,14.796341356045982,2.7205028166562606,0.07855107363727715,exp(m + variance/2) - 1,
169,2026-05-17,14,2026-05-31,M4,16.0,15.197181501317804,2.744989778596593,0.07969493421018112,exp(m + variance/2) - 1,
169,2026-05-17,14,2026-05-31,M5,16.0,14.441778496357564,2.697693077800177,0.07876729550159467,exp(m + variance/2) - 1,
170,2026-05-18,14,2026-06-01,M0,34.0,15.0,,,not applicable -- original-scale benchmark,2025-06-01
170,2026-05-18,14,2026-06-01,M1,34.0,14.517210328166554,2.7021974747029898,0.0795045539983771,exp(m + variance/2) - 1,
170,2026-05-18,14,2026-06-01,M2,34.0,14.27259893531146,2.6863761223020957,0.07936836244480847,exp(m + variance/2) - 1,
170,2026-05-18,14,2026-06-01,M3,34.0,14.08402834470002,2.6742875163455695,0.07869788434470296,exp(m + variance/2) - 1,
170,2026-05-18,14,2026-06-01,M4,34.0,14.486399421436412,2.7000230076994995,0.07987834870744805,exp(m + variance/2) - 1,
170,2026-05-18,14,2026-06-01,M5,34.0,13.8052320822115,2.655527941727555,0.07890539127543303,exp(m + variance/2) - 1,
171,2026-05-19,14,2026-06-02,M0,24.0,15.0,,,not applicable -- original-scale benchmark,2025-06-02
171,2026-05-19,14,2026-06-02,M1,24.0,14.99787396346963,2.732809174005165,0.07929332424499924,exp(m + variance/2) - 1,
171,2026-05-19,14,2026-06-02,M2,24.0,14.795103171318003,2.7201270961678596,0.07914573992433152,exp(m + variance/2) - 1,
171,2026-05-19,14,2026-06-02,M3,24.0,14.542453866282653,2.7043233392129027,0.07850379942776411,exp(m + variance/2) - 1,
171,2026-05-19,14,2026-06-02,M4,24.0,14.971479878300675,2.7309761834495108,0.07965688125395717,exp(m + variance/2) - 1,
171,2026-05-19,14,2026-06-02,M5,24.0,14.311856815954272,2.689267724362538,0.07871951840834675,exp(m + variance/2) - 1,
172,2026-05-20,14,2026-06-03,M0,32.0,25.0,,,not applicable -- original-scale benchmark,2025-06-03
172,2026-05-20,14,2026-06-03,M1,32.0,15.70583842633193,2.7761825589063243,0.07915141157100113,exp(m + variance/2) - 1,
172,2026-05-20,14,2026-06-03,M2,32.0,15.534355040153223,2.765907125811275,0.07906642825123081,exp(m + variance/2) - 1,
172,2026-05-20,14,2026-06-03,M3,32.0,15.289884439111248,2.751351669051333,0.07838531912049655,exp(m + variance/2) - 1,
172,2026-05-20,14,2026-06-03,M4,32.0,15.684939417268144,2.774754508904127,0.07950394464554728,exp(m + variance/2) - 1,
172,2026-05-20,14,2026-06-03,M5,32.0,15.097587163198643,2.7393592894648946,0.07862021130941975,exp(m + variance/2) - 1,
173,2026-05-21,14,2026-06-04,M0,39.0,26.0,,,not applicable -- original-scale benchmark,2025-06-04
173,2026-05-21,14,2026-06-04,M1,39.0,16.56093696132025,2.8260949835498206,0.07916392187968595,exp(m + variance/2) - 1,
173,2026-05-21,14,2026-06-04,M2,39.0,16.418685110535574,2.817999008147791,0.07908895765624303,exp(m + variance/2) - 1,
173,2026-05-21,14,2026-06-04,M3,39.0,15.98820309803715,2.7933093626468897,0.07841961023025093,exp(m + variance/2) - 1,
173,2026-05-21,14,2026-06-04,M4,39.0,16.546018523479475,2.82506716791075,0.07951978300883664,exp(m + variance/2) - 1,
173,2026-05-21,14,2026-06-04,M5,39.0,15.84005257546827,2.7844151451545516,0.0786899714268827,exp(m + variance/2) - 1,
174,2026-05-22,14,2026-06-05,M0,25.0,21.0,,,not applicable -- original-scale benchmark,2025-06-05
174,2026-05-22,14,2026-06-05,M1,25.0,17.161118356438717,2.8596738755927227,0.0792181583771458,exp(m + variance/2) - 1,
174,2026-05-22,14,2026-06-05,M2,25.0,17.04250426087594,2.8531452068414827,0.07917023056103176,exp(m + variance/2) - 1,
174,2026-05-22,14,2026-06-05,M3,25.0,16.73814697592379,2.836468011388746,0.07849901093336083,exp(m + variance/2) - 1,
174,2026-05-22,14,2026-06-05,M4,25.0,17.14857892963392,2.8588029320821415,0.07957865935099379,exp(m + variance/2) - 1,
174,2026-05-22,14,2026-06-05,M5,25.0,16.615269046699485,2.8293676315464795,0.07879690771397439,exp(m + variance/2) - 1,
175,2026-05-23,14,2026-06-06,M0,23.0,14.0,,,not applicable -- original-scale benchmark,2025-06-06
175,2026-05-23,14,2026-06-06,M1,23.0,17.419668271528998,2.873808536835168,0.07922096936747049,exp(m + variance/2) - 1,
175,2026-05-23,14,2026-06-06,M2,23.0,17.32248106864178,2.8685370267901455,0.07918350559420867,exp(m + variance/2) - 1,
175,2026-05-23,14,2026-06-06,M3,23.0,16.96686652219922,2.8492723742646353,0.07851387720979291,exp(m + variance/2) - 1,
175,2026-05-23,14,2026-06-06,M4,23.0,17.405639228848596,2.872867502107164,0.07957919076230996,exp(m + variance/2) - 1,
175,2026-05-23,14,2026-06-06,M5,23.0,16.87034522006359,2.843720656217626,0.07884398236283126,exp(m + variance/2) - 1,
176,2026-05-24,14,2026-06-07,M0,16.0,17.0,,,not applicable -- original-scale benchmark,2025-06-07
176,2026-05-24,14,2026-06-07,M1,16.0,18.14131894964915,2.912158901851711,0.07938078487768971,exp(m + variance/2) - 1,
176,2026-05-24,14,2026-06-07,M2,16.0,18.064012064251596,2.9081162418224187,0.079372261605596,exp(m + variance/2) - 1,
176,2026-05-24,14,2026-06-07,M3,16.0,17.694791883429534,2.8888943973821455,0.07870115756015114,exp(m + variance/2) - 1,
176,2026-05-24,14,2026-06-07,M4,16.0,18.13161551838933,2.911470755589673,0.07974294753661657,exp(m + variance/2) - 1,
176,2026-05-24,14,2026-06-07,M5,16.0,17.622327237882516,2.8848335926380364,0.07905531464718785,exp(m + variance/2) - 1,
177,2026-05-25,14,2026-06-08,M0,24.0,16.0,,,not applicable -- original-scale benchmark,2025-06-08
177,2026-05-25,14,2026-06-08,M1,24.0,19.010221633656226,2.956420982450793,0.07964448445649537,exp(m + variance/2) - 1,
177,2026-05-25,14,2026-06-08,M2,24.0,18.95050001526056,2.953424168840682,0.07966007520538054,exp(m + variance/2) - 1,
177,2026-05-25,14,2026-06-08,M3,24.0,18.5654881495308,2.9342694363964235,0.07899553819366792,exp(m + variance/2) - 1,
177,2026-05-25,14,2026-06-08,M4,24.0,19.075371515133213,2.9594883475841733,0.0800108368704605,exp(m + variance/2) - 1,
177,2026-05-25,14,2026-06-08,M5,24.0,18.58095132785513,2.934861291619469,0.07939186203268829,exp(m + variance/2) - 1,
178,2026-05-26,14,2026-06-09,M0,27.0,19.0,,,not applicable -- original-scale benchmark,2025-06-09
178,2026-05-26,14,2026-06-09,M1,27.0,18.219193764653504,2.916217555910526,0.07938379804608772,exp(m + variance/2) - 1,
178,2026-05-26,14,2026-06-09,M2,27.0,18.815236537729938,2.9467567464810607,0.07938883479334234,exp(m + variance/2) - 1,
178,2026-05-26,14,2026-06-09,M3,27.0,17.74842347735222,2.8917458032267023,0.0787277288936265,exp(m + variance/2) - 1,
178,2026-05-26,14,2026-06-09,M4,27.0,18.26723777971421,2.918533539851525,0.07974517853017234,exp(m + variance/2) - 1,
178,2026-05-26,14,2026-06-09,M5,27.0,18.502374071848948,2.930983932401546,0.07910454606372437,exp(m + variance/2) - 1,
179,2026-05-27,14,2026-06-10,M0,15.0,24.0,,,not applicable -- original-scale benchmark,2025-06-10
179,2026-05-27,14,2026-06-10,M1,15.0,18.67027087250653,2.9393830547940265,0.07945069671276153,exp(m + variance/2) - 1,
179,2026-05-27,14,2026-06-10,M2,15.0,19.288292227244376,2.970310275844417,0.07946741250413515,exp(m + variance/2) - 1,
179,2026-05-27,14,2026-06-10,M3,15.0,18.0170197675957,2.9059289328371563,0.0788108452043284,exp(m + variance/2) - 1,
179,2026-05-27,14,2026-06-10,M4,15.0,18.72256319999295,2.9418572153673286,0.0798122101523932,exp(m + variance/2) - 1,
179,2026-05-27,14,2026-06-10,M5,15.0,18.800263752614217,2.946099518823299,0.07919147925514196,exp(m + variance/2) - 1,
180,2026-05-28,14,2026-06-11,M0,29.0,30.0,,,not applicable -- original-scale benchmark,2025-06-11
180,2026-05-28,14,2026-06-11,M1,29.0,19.385512220312812,2.9750199215315156,0.07960908347769144,exp(m + variance/2) - 1,
180,2026-05-28,14,2026-06-11,M2,29.0,20.03340006053709,3.006289927765842,0.07964345111688262,exp(m + variance/2) - 1,
180,2026-05-28,14,2026-06-11,M3,29.0,18.385634143676356,2.925042197708394,0.0789801719828972,exp(m + variance/2) - 1,
180,2026-05-28,14,2026-06-11,M4,29.0,19.445420246538422,2.9777701455050143,0.07997752615797375,exp(m + variance/2) - 1,
180,2026-05-28,14,2026-06-11,M5,29.0,19.2111427060559,2.9665451936019873,0.07937775566190783,exp(m + variance/2) - 1,
181,2026-05-29,14,2026-06-12,M0,15.0,29.0,,,not applicable -- original-scale benchmark,2025-06-12
181,2026-05-29,14,2026-06-12,M1,15.0,19.827105659686712,2.9964096941610574,0.07969120178034036,exp(m + variance/2) - 1,
181,2026-05-29,14,2026-06-12,M2,15.0,20.496218021282708,3.028011020676459,0.07973198599406885,exp(m + variance/2) - 1,
181,2026-05-29,14,2026-06-12,M3,15.0,18.720027378112054,2.9420950719092565,0.0790793312133307,exp(m + variance/2) - 1,
181,2026-05-29,14,2026-06-12,M4,15.0,19.889283916802597,2.999209134645713,0.08005432315994093,exp(m + variance/2) - 1,
181,2026-05-29,14,2026-06-12,M5,15.0,19.57854347658573,2.984498939749788,0.07950002883812962,exp(m + variance/2) - 1,
182,2026-05-30,14,2026-06-13,M0,22.0,31.0,,,not applicable -- original-scale benchmark,2025-06-13
182,2026-05-30,14,2026-06-13,M1,22.0,20.712799657943588,3.0379243444026716,0.0799551764823141,exp(m + variance/2) - 1,
182,2026-05-30,14,2026-06-13,M2,22.0,21.417729347856607,3.0698481313329515,0.08000800641920945,exp(m + variance/2) - 1,
182,2026-05-30,14,2026-06-13,M3,22.0,19.715867784901583,2.991218288693526,0.07936335515617063,exp(m + variance/2) - 1,
182,2026-05-30,14,2026-06-13,M4,22.0,20.78367906616918,3.0410004490169302,0.08032114739552969,exp(m + variance/2) - 1,
182,2026-05-30,14,2026-06-13,M5,22.0,20.625107602285386,3.0339566260029747,0.07979680526162965,exp(m + variance/2) - 1,
183,2026-05-31,14,2026-06-14,M0,16.0,9.0,,,not applicable -- original-scale benchmark,2025-06-14
183,2026-05-31,14,2026-06-14,M1,16.0,19.608713334552878,2.985895541092977,0.07963684535662477,exp(m + variance/2) - 1,
183,2026-05-31,14,2026-06-14,M2,16.0,20.281519454337015,3.0180001068373397,0.07967791603281438,exp(m + variance/2) - 1,
183,2026-05-31,14,2026-06-14,M3,16.0,18.677937161598493,2.9399741416899716,0.07904785083154234,exp(m + variance/2) - 1,
183,2026-05-31,14,2026-06-14,M4,16.0,19.66071613521172,2.988234140240098,0.07999997147203895,exp(m + variance/2) - 1,
183,2026-05-31,14,2026-06-14,M5,16.0,19.530107077991055,2.982163157305853,0.079458578790632,exp(m + variance/2) - 1,
184,2026-06-01,14,2026-06-15,M0,13.0,19.0,,,not applicable -- original-scale benchmark,2025-06-15
184,2026-06-01,14,2026-06-15,M1,13.0,21.782938983591556,3.0858133510963826,0.08039722912361837,exp(m + variance/2) - 1,
184,2026-06-01,14,2026-06-15,M2,13.0,22.53581763987062,3.1183005476269177,0.08044573613225298,exp(m + variance/2) - 1,
184,2026-06-01,14,2026-06-15,M3,13.0,20.798937152390334,3.0419355999408353,0.07985122837632422,exp(m + variance/2) - 1,
184,2026-06-01,14,2026-06-15,M4,13.0,21.9423904152776,3.0925975790583724,0.08077746029373495,exp(m + variance/2) - 1,
184,2026-06-01,14,2026-06-15,M5,13.0,21.84610817320748,3.0886272184392993,0.0803071274946616,exp(m + variance/2) - 1,
185,2026-06-02,14,2026-06-16,M0,11.0,27.0,,,not applicable -- original-scale benchmark,2025-06-16
185,2026-06-02,14,2026-06-16,M1,11.0,21.89778083014584,3.090857121158256,0.08036575545124383,exp(m + variance/2) - 1,
185,2026-06-02,14,2026-06-16,M2,11.0,22.65911064121737,3.1235278933633857,0.08044075070353637,exp(m + variance/2) - 1,
185,2026-06-02,14,2026-06-16,M3,11.0,21.559452977562447,3.0762358536139476,0.07983665054692686,exp(m + variance/2) - 1,
185,2026-06-02,14,2026-06-16,M4,11.0,22.047549262777334,3.0971848736418495,0.08074913498414558,exp(m + variance/2) - 1,
185,2026-06-02,14,2026-06-16,M5,11.0,22.59960758036814,3.1210879215474145,0.08028432479080284,exp(m + variance/2) - 1,
186,2026-06-03,14,2026-06-17,M0,17.0,25.0,,,not applicable -- original-scale benchmark,2025-06-17
186,2026-06-03,14,2026-06-17,M1,17.0,23.49529296169389,3.158007021699895,0.08094790676021957,exp(m + variance/2) - 1,
186,2026-06-03,14,2026-06-17,M2,17.0,23.51906448329315,3.158934727825998,0.08103245860851226,exp(m + variance/2) - 1,
186,2026-06-03,14,2026-06-17,M3,17.0,23.131617116126137,3.1433037766641054,0.08043823511612662,exp(m + variance/2) - 1,
186,2026-06-03,14,2026-06-17,M4,17.0,23.66317080034341,3.1646458057999918,0.08133052876365335,exp(m + variance/2) - 1,
186,2026-06-03,14,2026-06-17,M5,17.0,23.335204026931883,3.1514648126619154,0.08091842936507268,exp(m + variance/2) - 1,
187,2026-06-04,14,2026-06-18,M0,20.0,16.0,,,not applicable -- original-scale benchmark,2025-06-18
187,2026-06-04,14,2026-06-18,M1,20.0,25.72484521127159,3.2446486764092244,0.08188997715518742,exp(m + variance/2) - 1,
187,2026-06-04,14,2026-06-18,M2,20.0,25.762782353672662,3.2460190884177207,0.0819862315796793,exp(m + variance/2) - 1,
187,2026-06-04,14,2026-06-18,M3,20.0,25.453236212177654,3.2346661785213975,0.08142464873143068,exp(m + variance/2) - 1,
187,2026-06-04,14,2026-06-18,M4,20.0,25.923076567108136,3.251842700992357,0.08228216561573551,exp(m + variance/2) - 1,
187,2026-06-04,14,2026-06-18,M5,20.0,25.69981873270421,3.243688602495852,0.08193634770002184,exp(m + variance/2) - 1,
188,2026-06-05,14,2026-06-19,M0,17.0,19.0,,,not applicable -- original-scale benchmark,2025-06-19
188,2026-06-05,14,2026-06-19,M1,17.0,25.373444547261172,3.231513360456912,0.08168851017765835,exp(m + variance/2) - 1,
188,2026-06-05,14,2026-06-19,M2,17.0,25.409913898940918,3.232846461691575,0.08178600888662094,exp(m + variance/2) - 1,
188,2026-06-05,14,2026-06-19,M3,17.0,24.851383168042712,3.2117482177640224,0.08123177845349064,exp(m + variance/2) - 1,
188,2026-06-05,14,2026-06-19,M4,17.0,25.549498326734927,3.2379731843341517,0.08207533552079034,exp(m + variance/2) - 1,
188,2026-06-05,14,2026-06-19,M5,17.0,25.092304261410234,3.2207743561911775,0.08173211754852308,exp(m + variance/2) - 1,
189,2026-06-06,14,2026-06-20,M0,19.0,15.0,,,not applicable -- original-scale benchmark,2025-06-20
189,2026-06-06,14,2026-06-20,M1,19.0,24.97486954613294,3.216381565198551,0.08149589897716511,exp(m + variance/2) - 1,
189,2026-06-06,14,2026-06-20,M2,19.0,25.007818860505157,3.217602649244398,0.08158913794461459,exp(m + variance/2) - 1,
189,2026-06-06,14,2026-06-20,M3,19.0,24.756522746619,3.2081655449710764,0.08104472121855913,exp(m + variance/2) - 1,
189,2026-06-06,14,2026-06-20,M4,19.0,25.13334357498255,3.2222726180882466,0.08187882499954299,exp(m + variance/2) - 1,
189,2026-06-06,14,2026-06-20,M5,19.0,24.961293449300022,3.2158356181376724,0.08154219432079632,exp(m + variance/2) - 1,
190,2026-06-07,14,2026-06-21,M0,22.0,13.0,,,not applicable -- original-scale benchmark,2025-06-21
190,2026-06-07,14,2026-06-21,M1,22.0,23.073792431287497,3.1405716085050526,0.0811043786076185,exp(m + variance/2) - 1,
190,2026-06-07,14,2026-06-21,M2,22.0,23.09494650827836,3.1414035949759396,0.08119707015958408,exp(m + variance/2) - 1,
190,2026-06-07,14,2026-06-21,M3,22.0,22.88511888608723,3.1329293025565064,0.08065264342043858,exp(m + variance/2) - 1,
190,2026-06-07,14,2026-06-21,M4,22.0,23.19221634244119,3.1452825591423634,0.08149676708268702,exp(m + variance/2) - 1,
190,2026-06-07,14,2026-06-21,M5,22.0,23.042428206634433,3.139251843148999,0.08113653669740006,exp(m + variance/2) - 1,
191,2026-06-08,14,2026-06-22,M0,26.0,12.0,,,not applicable -- original-scale benchmark,2025-06-22
191,2026-06-08,14,2026-06-22,M1,26.0,23.48042675716621,3.1573209985131716,0.08110578373955893,exp(m + variance/2) - 1,
191,2026-06-08,14,2026-06-22,M2,26.0,23.5048126711465,3.1582759633833866,0.08118714086671358,exp(m + variance/2) - 1,
191,2026-06-08,14,2026-06-22,M3,26.0,23.298271554041715,3.150077884301151,0.08065466810445493,exp(m + variance/2) - 1,
191,2026-06-08,14,2026-06-22,M4,26.0,23.4650654408972,3.1565039248627764,0.08148454950603257,exp(m + variance/2) - 1,
191,2026-06-08,14,2026-06-22,M5,26.0,23.330650635944608,3.151173104275317,0.08112758857866413,exp(m + variance/2) - 1,
192,2026-06-09,14,2026-06-23,M0,6.0,20.0,,,not applicable -- original-scale benchmark,2025-06-23
192,2026-06-09,14,2026-06-23,M1,6.0,24.110923857693066,3.182738367640892,0.0811291945456944,exp(m + variance/2) - 1,
192,2026-06-09,14,2026-06-23,M2,6.0,23.981987508726288,3.1775527824107144,0.08120456624384378,exp(m + variance/2) - 1,
192,2026-06-09,14,2026-06-23,M3,6.0,23.88184157298826,3.1737911038929925,0.08069435889139503,exp(m + variance/2) - 1,
192,2026-06-09,14,2026-06-23,M4,6.0,24.087294423434408,3.1816057273550546,0.08151158470308369,exp(m + variance/2) - 1,
192,2026-06-09,14,2026-06-23,M5,6.0,23.731346953756237,3.1674916764399472,0.08115973999473883,exp(m + variance/2) - 1,
193,2026-06-10,14,2026-06-24,M0,10.0,19.0,,,not applicable -- original-scale benchmark,2025-06-24
193,2026-06-10,14,2026-06-24,M1,10.0,22.134678519862863,3.1008249276181674,0.08101559761897809,exp(m + variance/2) - 1,
193,2026-06-10,14,2026-06-24,M2,10.0,21.95353119223273,3.0929347229115076,0.08107413268881891,exp(m + variance/2) - 1,
193,2026-06-10,14,2026-06-24,M3,10.0,22.01263102624113,3.095762303709814,0.08056187306372888,exp(m + variance/2) - 1,
193,2026-06-10,14,2026-06-24,M4,10.0,22.079949540846954,3.098264297825781,0.08139991507986438,exp(m + variance/2) - 1,
193,2026-06-10,14,2026-06-24,M5,10.0,21.7668057882699,3.0848062173067534,0.08099474268354308,exp(m + variance/2) - 1,
194,2026-06-11,14,2026-06-25,M0,26.0,19.0,,,not applicable -- original-scale benchmark,2025-06-25
194,2026-06-11,14,2026-06-25,M1,26.0,23.542112738142706,3.1598440885351713,0.08109288138119133,exp(m + variance/2) - 1,
194,2026-06-11,14,2026-06-25,M2,26.0,23.240549176728006,3.147459098235348,0.08113543702947518,exp(m + variance/2) - 1,
194,2026-06-11,14,2026-06-25,M3,26.0,23.516483293463647,3.1590082942438276,0.08067476915024682,exp(m + variance/2) - 1,
194,2026-06-11,14,2026-06-25,M4,26.0,23.494387509167456,3.1577091488012856,0.08146972249561038,exp(m + variance/2) - 1,
194,2026-06-11,14,2026-06-25,M5,26.0,23.122863268409205,3.1426107675784305,0.08109861307805327,exp(m + variance/2) - 1,
195,2026-06-12,14,2026-06-26,M0,23.0,16.0,,,not applicable -- original-scale benchmark,2025-06-26
195,2026-06-12,14,2026-06-26,M1,23.0,21.66122535138808,3.080103086305291,0.08110448671433829,exp(m + variance/2) - 1,
195,2026-06-12,14,2026-06-26,M2,23.0,21.36533520547724,3.0669189204473826,0.08118660854802907,exp(m + variance/2) - 1,
195,2026-06-12,14,2026-06-26,M3,23.0,21.848260282626025,3.088548051534215,0.08065385295945732,exp(m + variance/2) - 1,
195,2026-06-12,14,2026-06-26,M4,23.0,21.58846168363136,3.0766885665792536,0.08150132870892551,exp(m + variance/2) - 1,
195,2026-06-12,14,2026-06-26,M5,23.0,21.425645788497476,3.0696623271728525,0.0810857561214094,exp(m + variance/2) - 1,
196,2026-06-13,14,2026-06-27,M0,19.0,30.0,,,not applicable -- original-scale benchmark,2025-06-27
196,2026-06-13,14,2026-06-27,M1,19.0,21.994095797608527,3.0947167526603354,0.08104145172556701,exp(m + variance/2) - 1,
196,2026-06-13,14,2026-06-27,M2,19.0,21.641457531845337,3.079232484367672,0.08110029102034594,exp(m + variance/2) - 1,
196,2026-06-13,14,2026-06-27,M3,19.0,22.343923854078135,3.1100482572041446,0.08057694533094159,exp(m + variance/2) - 1,
196,2026-06-13,14,2026-06-27,M4,19.0,21.92395996241797,3.091469773525401,0.08142575325393472,exp(m + variance/2) - 1,
196,2026-06-13,14,2026-06-27,M5,19.0,21.837087547363847,3.0878824195902803,0.08100688325466616,exp(m + variance/2) - 1,
197,2026-06-14,14,2026-06-28,M0,26.0,15.0,,,not applicable -- original-scale benchmark,2025-06-28
197,2026-06-14,14,2026-06-28,M1,26.0,20.830792794437812,3.042759565070655,0.08112384314385254,exp(m + variance/2) - 1,
197,2026-06-14,14,2026-06-28,M2,26.0,20.485002142220107,3.0267515077935396,0.08120721828224377,exp(m + variance/2) - 1,
197,2026-06-14,14,2026-06-28,M3,26.0,21.236805875020426,3.061443674898461,0.08061032688395567,exp(m + variance/2) - 1,
197,2026-06-14,14,2026-06-28,M4,26.0,20.750608780258737,3.03888887282082,0.08150574843823286,exp(m + variance/2) - 1,
197,2026-06-14,14,2026-06-28,M5,26.0,20.720098355096574,3.03769572777124,0.08108459120721095,exp(m + variance/2) - 1,
198,2026-06-15,14,2026-06-29,M0,26.0,13.0,,,not applicable -- original-scale benchmark,2025-06-29
198,2026-06-15,14,2026-06-29,M1,26.0,19.332122917629334,2.971482335252714,0.0814394196788151,exp(m + variance/2) - 1,
198,2026-06-15,14,2026-06-29,M2,26.0,19.012988565444353,2.955609376320977,0.08154422943589476,exp(m + variance/2) - 1,
198,2026-06-15,14,2026-06-29,M3,26.0,19.78174798261479,2.9936521949472157,0.08084581138999003,exp(m + variance/2) - 1,
198,2026-06-15,14,2026-06-29,M4,26.0,18.658467744629434,2.937598881884692,0.08181858417487206,exp(m + variance/2) - 1,
198,2026-06-15,14,2026-06-29,M5,26.0,18.787453413170905,2.9443838071988857,0.08132852729796196,exp(m + variance/2) - 1,
199,2026-06-16,14,2026-06-30,M0,21.0,18.0,,,not applicable -- original-scale benchmark,2025-06-30
199,2026-06-16,14,2026-06-30,M1,21.0,17.66752766589726,2.885725347171266,0.08212035758166411,exp(m + variance/2) - 1,
199,2026-06-16,14,2026-06-30,M2,21.0,17.38054486693435,2.870167954268926,0.08224961354991124,exp(m + variance/2) - 1,
199,2026-06-16,14,2026-06-30,M3,21.0,18.19553277762886,2.9139408201831465,0.0814735278948,exp(m + variance/2) - 1,
199,2026-06-16,14,2026-06-30,M4,21.0,17.03346656771542,2.8509778727355415,0.08250282529940775,exp(m + variance/2) - 1,
199,2026-06-16,14,2026-06-30,M5,21.0,17.25806705626786,2.8636074283138346,0.08199916905680715,exp(m + variance/2) - 1,
200,2026-06-17,14,2026-07-01,M0,16.0,16.0,,,not applicable -- original-scale benchmark,2025-07-01
200,2026-06-17,14,2026-07-01,M1,16.0,17.798530300970516,2.892786046191259,0.08198529021698138,exp(m + variance/2) - 1,
200,2026-06-17,14,2026-07-01,M2,16.0,17.577035968650645,2.880884872782735,0.08208263963459177,exp(m + variance/2) - 1,
200,2026-06-17,14,2026-07-01,M3,16.0,18.264069998725322,2.9175621609820617,0.08135908358501748,exp(m + variance/2) - 1,
200,2026-06-17,14,2026-07-01,M4,16.0,17.159469565045114,2.8580039735591085,0.0823763804283233,exp(m + variance/2) - 1,
200,2026-06-17,14,2026-07-01,M5,16.0,17.40649995517156,2.8717761794412064,0.08185536245180214,exp(m + variance/2) - 1,
201,2026-06-18,14,2026-07-02,M0,12.0,14.0,,,not applicable -- original-scale benchmark,2025-07-02
201,2026-06-18,14,2026-07-02,M1,12.0,18.284143977626808,2.918400235371354,0.08176593462876952,exp(m + variance/2) - 1,
201,2026-06-18,14,2026-07-02,M2,12.0,18.11541581395148,2.909588745569746,0.0818127492445099,exp(m + variance/2) - 1,
201,2026-06-18,14,2026-07-02,M3,12.0,18.534194224918167,2.9315920267155677,0.08114890635226944,exp(m + variance/2) - 1,
201,2026-06-18,14,2026-07-02,M4,12.0,17.634892173079724,2.883970850022277,0.0821297932681459,exp(m + variance/2) - 1,
201,2026-06-18,14,2026-07-02,M5,12.0,17.75049215889759,2.890416989967722,0.0816060211575014,exp(m + variance/2) - 1,
202,2026-06-19,14,2026-07-03,M0,18.0,15.0,,,not applicable -- original-scale benchmark,2025-07-03
202,2026-06-19,14,2026-07-03,M1,18.0,18.108396642037384,2.9092678944747377,0.08171991748388252,exp(m + variance/2) - 1,
202,2026-06-19,14,2026-07-03,M2,18.0,17.964589605748554,2.9016796488692553,0.08178777295535375,exp(m + variance/2) - 1,
202,2026-06-19,14,2026-07-03,M3,18.0,18.438400347544942,2.926689653459689,0.08112171107589804,exp(m + variance/2) - 1,
202,2026-06-19,14,2026-07-03,M4,18.0,17.458778626319972,2.8744887355542614,0.08210265615390772,exp(m + variance/2) - 1,
202,2026-06-19,14,2026-07-03,M5,18.0,17.683034151377903,2.886822491316062,0.08158671219724656,exp(m + variance/2) - 1,
203,2026-06-20,14,2026-07-04,M0,18.0,8.0,,,not applicable -- original-scale benchmark,2025-07-04
203,2026-06-20,14,2026-07-04,M1,18.0,18.414698951887665,2.9252358034961703,0.08158930722489482,exp(m + variance/2) - 1,
203,2026-06-20,14,2026-07-04,M2,18.0,18.299441804096137,2.919256294191674,0.08163975846671445,exp(m + variance/2) - 1,
203,2026-06-20,14,2026-07-04,M3,18.0,18.925181548247515,2.9514841014969955,0.08100046943715396,exp(m + variance/2) - 1,
203,2026-06-20,14,2026-07-04,M4,18.0,17.7577555164527,2.890624164065527,0.08196626074949218,exp(m + variance/2) - 1,
203,2026-06-20,14,2026-07-04,M5,18.0,18.19119379723166,2.913736396362164,0.08143024212474086,exp(m + variance/2) - 1,
204,2026-06-21,14,2026-07-05,M0,13.0,10.0,,,not applicable -- original-scale benchmark,2025-07-05
204,2026-06-21,14,2026-07-05,M1,13.0,19.142099165552164,2.962124838329782,0.08137454441214664,exp(m + variance/2) - 1,
204,2026-06-21,14,2026-07-05,M2,13.0,19.048142262508513,2.957389235413881,0.08149451761890555,exp(m + variance/2) - 1,
204,2026-06-21,14,2026-07-05,M3,13.0,19.62865670203984,2.986247112682038,0.08086819693644923,exp(m + variance/2) - 1,
204,2026-06-21,14,2026-07-05,M4,13.0,18.46304483233649,2.927605787418868,0.0818234866075456,exp(m + variance/2) - 1,
204,2026-06-21,14,2026-07-05,M5,13.0,18.918938770229364,2.951028356460913,0.0812852393790369,exp(m + variance/2) - 1,
205,2026-06-22,14,2026-07-06,M0,16.0,18.0,,,not applicable -- original-scale benchmark,2025-07-06
205,2026-06-22,14,2026-07-06,M1,16.0,20.33021668300829,3.0194085775706565,0.08143222692859968,exp(m + variance/2) - 1,
205,2026-06-22,14,2026-07-06,M2,16.0,20.262027696802946,3.0161829228215393,0.08147964337475527,exp(m + variance/2) - 1,
205,2026-06-22,14,2026-07-06,M3,16.0,20.813609875371657,3.0421071871779195,0.08085378805756513,exp(m + variance/2) - 1,
205,2026-06-22,14,2026-07-06,M4,16.0,20.042497367189224,3.0056494753176897,0.08178920333434248,exp(m + variance/2) - 1,
205,2026-06-22,14,2026-07-06,M5,16.0,20.462556368511954,3.0256845278185356,0.08125064954748942,exp(m + variance/2) - 1,
206,2026-06-23,14,2026-07-07,M0,13.0,24.0,,,not applicable -- original-scale benchmark,2025-07-07
206,2026-06-23,14,2026-07-07,M1,13.0,16.480676512554854,2.8197680691939335,0.08265600475157586,exp(m + variance/2) - 1,
206,2026-06-23,14,2026-07-07,M2,13.0,16.413309294368077,2.8158799050900334,0.08270982143440064,exp(m + variance/2) - 1,
206,2026-06-23,14,2026-07-07,M3,13.0,17.01859339390652,2.850350966228451,0.08210644970649997,exp(m + variance/2) - 1,
206,2026-06-23,14,2026-07-07,M4,13.0,16.200480022939793,2.803402368667076,0.08306984614670897,exp(m + variance/2) - 1,
206,2026-06-23,14,2026-07-07,M5,13.0,16.665281686397275,2.830335837969839,0.08253077746305522,exp(m + variance/2) - 1,
207,2026-06-24,14,2026-07-08,M0,20.0,24.0,,,not applicable -- original-scale benchmark,2025-07-08
207,2026-06-24,14,2026-07-08,M1,20.0,15.531527883436745,2.7637310526513033,0.08307657170013064,exp(m + variance/2) - 1,
207,2026-06-24,14,2026-07-08,M2,20.0,15.476012050840463,2.760354904914704,0.08310120615342156,exp(m + variance/2) - 1,
207,2026-06-24,14,2026-07-08,M3,20.0,16.09408363890675,2.7974735966492528,0.0825176419270821,exp(m + variance/2) - 1,
207,2026-06-24,14,2026-07-08,M4,20.0,15.261440683493312,2.7470546951643295,0.08348401590239152,exp(m + variance/2) - 1,
207,2026-06-24,14,2026-07-08,M5,20.0,15.75912094542036,2.777468340622662,0.08294860699698284,exp(m + variance/2) - 1,
208,2026-06-25,14,2026-07-09,M0,16.0,16.0,,,not applicable -- original-scale benchmark,2025-07-09
208,2026-06-25,14,2026-07-09,M1,16.0,17.35446887698018,2.8686205685328994,0.0825050236959433,exp(m + variance/2) - 1,
208,2026-06-25,14,2026-07-09,M2,16.0,17.309698033754582,2.8661600994551804,0.08254153443894549,exp(m + variance/2) - 1,
208,2026-06-25,14,2026-07-09,M3,16.0,18.06870119730953,2.9070612755951726,0.08197406916474241,exp(m + variance/2) - 1,
208,2026-06-25,14,2026-07-09,M4,16.0,17.102940523632334,2.854633034218541,0.08288270145450653,exp(m + variance/2) - 1,
208,2026-06-25,14,2026-07-09,M5,16.0,17.76373424928217,2.8907392389067192,0.08237347732493915,exp(m + variance/2) - 1,
209,2026-06-26,14,2026-07-10,M0,15.0,17.0,,,not applicable -- original-scale benchmark,2025-07-10
209,2026-06-26,14,2026-07-10,M1,15.0,18.22545737451584,2.915060515380106,0.08234958068123349,exp(m + variance/2) - 1,
209,2026-06-26,14,2026-07-10,M2,15.0,18.187033078433778,2.9130171574283508,0.08243506589702274,exp(m + variance/2) - 1,
209,2026-06-26,14,2026-07-10,M3,15.0,18.654878924795455,2.9374140841614,0.08182302934573672,exp(m + variance/2) - 1,
209,2026-06-26,14,2026-07-10,M4,15.0,17.985549529744908,2.902318825828073,0.08271862581324052,exp(m + variance/2) - 1,
209,2026-06-26,14,2026-07-10,M5,15.0,18.39177360381459,2.92374743763592,0.08220299492410264,exp(m + variance/2) - 1,
210,2026-06-27,14,2026-07-11,M0,15.0,16.0,,,not applicable -- original-scale benchmark,2025-07-11
210,2026-06-27,14,2026-07-11,M1,15.0,18.454103246271654,2.9269219949770355,0.08227203331255332,exp(m + variance/2) - 1,
210,2026-06-27,14,2026-07-11,M2,15.0,18.426758190130894,2.925499835692229,0.08230313636798736,exp(m + variance/2) - 1,
210,2026-06-27,14,2026-07-11,M3,15.0,18.930054278297753,2.9513561848836307,0.08174534556863249,exp(m + variance/2) - 1,
210,2026-06-27,14,2026-07-11,M4,15.0,18.22142825261402,2.914707708540987,0.0826360059804028,exp(m + variance/2) - 1,
210,2026-06-27,14,2026-07-11,M5,15.0,18.681718737014236,2.9386254034164896,0.08212963718417295,exp(m + variance/2) - 1,
211,2026-06-28,14,2026-07-12,M0,14.0,18.0,,,not applicable -- original-scale benchmark,2025-07-12
211,2026-06-28,14,2026-07-12,M1,14.0,19.810188690496464,2.9942526535099283,0.08238010830742536,exp(m + variance/2) - 1,
211,2026-06-28,14,2026-07-12,M2,14.0,19.79008153882413,2.9932642708968267,0.08242350597353276,exp(m + variance/2) - 1,
211,2026-06-28,14,2026-07-12,M3,14.0,20.284436839439667,3.0170560295897264,0.0818402224899596,exp(m + variance/2) - 1,
211,2026-06-28,14,2026-07-12,M4,14.0,19.58453011208955,2.9831667127012818,0.08274623109183779,exp(m + variance/2) - 1,
211,2026-06-28,14,2026-07-12,M5,14.0,20.056195235691824,3.006078614560498,0.08223242550245924,exp(m + variance/2) - 1,
212,2026-06-29,14,2026-07-13,M0,21.0,17.0,,,not applicable -- original-scale benchmark,2025-07-13
212,2026-06-29,14,2026-07-13,M1,21.0,20.884369316688883,3.0445043981583098,0.08253650801238506,exp(m + variance/2) - 1,
212,2026-06-29,14,2026-07-13,M2,21.0,20.87070428457255,3.0438543329249415,0.08258740894426725,exp(m + variance/2) - 1,
212,2026-06-29,14,2026-07-13,M3,21.0,21.35307157484672,3.065972212618802,0.08198305927992301,exp(m + variance/2) - 1,
212,2026-06-29,14,2026-07-13,M4,21.0,20.773492050322684,3.039280466211853,0.08282560541682026,exp(m + variance/2) - 1,
212,2026-06-29,14,2026-07-13,M5,21.0,21.24378794123616,3.060914676667235,0.08229619862180665,exp(m + variance/2) - 1,
213,2026-06-30,14,2026-07-14,M0,22.0,20.0,,,not applicable -- original-scale benchmark,2025-07-14
213,2026-06-30,14,2026-07-14,M1,22.0,21.049021763905557,3.0520231921000303,0.08249008871993167,exp(m + variance/2) - 1,
213,2026-06-30,14,2026-07-14,M2,22.0,21.040264247068315,3.051600969541419,0.08254000820566797,exp(m + variance/2) - 1,
213,2026-06-30,14,2026-07-14,M3,22.0,21.65584535054985,3.079457955104293,0.08191987280326536,exp(m + variance/2) - 1,
213,2026-06-30,14,2026-07-14,M4,22.0,21.00367613486562,3.0498172157632624,0.08278464135048937,exp(m + variance/2) - 1,
213,2026-06-30,14,2026-07-14,M5,22.0,21.602354606806227,3.076923882046947,0.08226040989232523,exp(m + variance/2) - 1,
214,2026-07-01,14,2026-07-15,M0,17.0,18.0,,,not applicable -- original-scale benchmark,2025-07-15
214,2026-07-01,14,2026-07-15,M1,17.0,20.293915114624458,3.017264309577741,0.08231409390982554,exp(m + variance/2) - 1,
214,2026-07-01,14,2026-07-15,M2,17.0,20.287869396443945,3.0169628881354886,0.082349020884695,exp(m + variance/2) - 1,
214,2026-07-01,14,2026-07-15,M3,17.0,20.98052791663048,3.0492845012921,0.08174493088001858,exp(m + variance/2) - 1,
214,2026-07-01,14,2026-07-15,M4,17.0,20.29702470138977,3.0172508620085665,0.08263303113827894,exp(m + variance/2) - 1,
214,2026-07-01,14,2026-07-15,M5,17.0,20.960844882066418,3.0482118269068206,0.08209852535371502,exp(m + variance/2) - 1,
215,2026-07-02,14,2026-07-16,M0,13.0,18.0,,,not applicable -- original-scale benchmark,2025-07-16
215,2026-07-02,14,2026-07-16,M1,13.0,18.842574823866478,2.9467039127897974,0.08225192015012356,exp(m + variance/2) - 1,
215,2026-07-02,14,2026-07-16,M2,13.0,18.834801060419494,2.9462807588968647,0.08231453058976049,exp(m + variance/2) - 1,
215,2026-07-02,14,2026-07-16,M3,13.0,19.449033718445907,2.9770631641964873,0.08174493248844554,exp(m + variance/2) - 1,
215,2026-07-02,14,2026-07-16,M4,13.0,18.881251045057944,2.9484581399266845,0.08263797830726642,exp(m + variance/2) - 1,
215,2026-07-02,14,2026-07-16,M5,13.0,19.45727369063847,2.9772645621278118,0.08214787763014587,exp(m + variance/2) - 1,
216,2026-07-03,14,2026-07-17,M0,16.0,32.0,,,not applicable -- original-scale benchmark,2025-07-17
216,2026-07-03,14,2026-07-17,M1,16.0,19.103225891788767,2.9597742385159984,0.08221211160068463,exp(m + variance/2) - 1,
216,2026-07-03,14,2026-07-17,M2,16.0,19.101992416107212,2.9597027660795727,0.0822323385046898,exp(m + variance/2) - 1,
216,2026-07-03,14,2026-07-17,M3,16.0,19.846471557783232,2.9963546781804125,0.081660051801763,exp(m + variance/2) - 1,
216,2026-07-03,14,2026-07-17,M4,16.0,19.195040537686573,2.9641587223081425,0.08255666803649125,exp(m + variance/2) - 1,
216,2026-07-03,14,2026-07-17,M5,16.0,19.89683778449756,2.9985711631040677,0.08205336448443619,exp(m + variance/2) - 1,
1,2025-11-30,28,2025-12-28,M0,44.0,53.0,,,not applicable -- original-scale benchmark,2024-12-28
1,2025-11-30,28,2025-12-28,M1,44.0,61.675394609058515,4.084189263296311,0.10755935368807394,exp(m + variance/2) - 1,
1,2025-11-30,28,2025-12-28,M2,44.0,66.76765888880433,4.162890599117775,0.10638894896905464,exp(m + variance/2) - 1,
1,2025-11-30,28,2025-12-28,M3,44.0,63.52715927950004,4.114429167964538,0.10531408262228717,exp(m + variance/2) - 1,
1,2025-11-30,28,2025-12-28,M4,44.0,62.83304620124667,4.102224073590133,0.10809389639909486,exp(m + variance/2) - 1,
1,2025-11-30,28,2025-12-28,M5,44.0,71.42029390077073,4.230495227136923,0.10398267094835076,exp(m + variance/2) - 1,
2,2025-12-01,28,2025-12-29,M0,47.0,62.0,,,not applicable -- original-scale benchmark,2024-12-29
2,2025-12-01,28,2025-12-29,M1,47.0,59.22052066055414,4.044137079527574,0.10775217892527038,exp(m + variance/2) - 1,
2,2025-12-01,28,2025-12-29,M2,47.0,64.15066186408116,4.1234055606198625,0.10659380395936578,exp(m + variance/2) - 1,
2,2025-12-01,28,2025-12-29,M3,47.0,61.15595004851881,4.07691214661566,0.10546880732306607,exp(m + variance/2) - 1,
2,2025-12-01,28,2025-12-29,M4,47.0,60.09553296577854,4.058298534223752,0.1082804381294499,exp(m + variance/2) - 1,
2,2025-12-01,28,2025-12-29,M5,47.0,68.55423443454669,4.190061610483823,0.10409037869429857,exp(m + variance/2) - 1,
3,2025-12-02,28,2025-12-30,M0,39.0,49.0,,,not applicable -- original-scale benchmark,2024-12-30
3,2025-12-02,28,2025-12-30,M1,39.0,58.607977212269866,4.033933900031628,0.10771102185314875,exp(m + variance/2) - 1,
3,2025-12-02,28,2025-12-30,M2,39.0,63.49931961198753,4.11338653696474,0.10653627625998632,exp(m + variance/2) - 1,
3,2025-12-02,28,2025-12-30,M3,39.0,59.79583692797582,4.054816814652251,0.10540900079247822,exp(m + variance/2) - 1,
3,2025-12-02,28,2025-12-30,M4,39.0,59.42070058200304,4.047199865899351,0.10826381038453191,exp(m + variance/2) - 1,
3,2025-12-02,28,2025-12-30,M5,39.0,66.9655219263954,4.167013279437688,0.10397453332161408,exp(m + variance/2) - 1,
4,2025-12-03,28,2025-12-31,M0,26.0,31.0,,,not applicable -- original-scale benchmark,2024-12-31
4,2025-12-03,28,2025-12-31,M1,26.0,58.12661085317727,4.025846472850456,0.10766923692908022,exp(m + variance/2) - 1,
4,2025-12-03,28,2025-12-31,M2,26.0,62.98238792571074,4.105357490408784,0.10650073283753991,exp(m + variance/2) - 1,
4,2025-12-03,28,2025-12-31,M3,26.0,60.992933550322455,4.074370902127784,0.10529900285373023,exp(m + variance/2) - 1,
4,2025-12-03,28,2025-12-31,M4,26.0,58.82644930354426,4.037407690490497,0.10808033745583093,exp(m + variance/2) - 1,
4,2025-12-03,28,2025-12-31,M5,26.0,68.35437417532198,4.187291118638697,0.10387620007643208,exp(m + variance/2) - 1,
5,2025-12-04,28,2026-01-01,M0,24.0,43.0,,,not applicable -- original-scale benchmark,2025-01-01
5,2025-12-04,28,2026-01-01,M1,24.0,57.6653762558359,4.018041956143998,0.10761550868995119,exp(m + variance/2) - 1,
5,2025-12-04,28,2026-01-01,M2,24.0,62.48867685935948,4.097640195074386,0.10644275549684065,exp(m + variance/2) - 1,
5,2025-12-04,28,2026-01-01,M3,24.0,61.37637213724114,4.08059398855562,0.10518512693269831,exp(m + variance/2) - 1,
5,2025-12-04,28,2026-01-01,M4,24.0,58.327176054127925,4.029047435176807,0.10804009338721227,exp(m + variance/2) - 1,
5,2025-12-04,28,2026-01-01,M5,24.0,68.78213545849202,4.193485033505777,0.10378600902898277,exp(m + variance/2) - 1,
6,2025-12-05,28,2026-01-02,M0,34.0,70.0,,,not applicable -- original-scale benchmark,2025-01-02
6,2025-12-05,28,2026-01-02,M1,34.0,52.108350742775876,3.9179142929250634,0.10883977483425392,exp(m + variance/2) - 1,
6,2025-12-05,28,2026-01-02,M2,34.0,56.52099856444258,3.998316501457386,0.10766714420896839,exp(m + variance/2) - 1,
6,2025-12-05,28,2026-01-02,M3,34.0,56.965338186218816,4.006851450121721,0.10598752860241856,exp(m + variance/2) - 1,
6,2025-12-05,28,2026-01-02,M4,34.0,52.666915577503076,3.9281126555922037,0.10936811760702594,exp(m + variance/2) - 1,
6,2025-12-05,28,2026-01-02,M5,34.0,63.99566067471514,4.122067762177527,0.10450549327820488,exp(m + variance/2) - 1,
7,2025-12-06,28,2026-01-03,M0,33.0,58.0,,,not applicable -- original-scale benchmark,2025-01-03
7,2025-12-06,28,2026-01-03,M1,33.0,52.83758973400397,3.931706345627693,0.10853114301532807,exp(m + variance/2) - 1,
7,2025-12-06,28,2026-01-03,M2,33.0,57.2931149954808,4.011799117208039,0.10736974608421085,exp(m + variance/2) - 1,
7,2025-12-06,28,2026-01-03,M3,33.0,58.54755300326918,4.033920753321495,0.10570890034140673,exp(m + variance/2) - 1,
7,2025-12-06,28,2026-01-03,M4,33.0,53.37575247124325,3.9413421366216497,0.10915238248609328,exp(m + variance/2) - 1,
7,2025-12-06,28,2026-01-03,M5,33.0,65.76329467937728,4.1490500180119,0.10420686132625735,exp(m + variance/2) - 1,
8,2025-12-07,28,2026-01-04,M0,31.0,67.0,,,not applicable -- original-scale benchmark,2025-01-04
8,2025-12-07,28,2026-01-04,M1,31.0,51.49762696508806,3.906367736694894,0.10880046243222835,exp(m + variance/2) - 1,
8,2025-12-07,28,2026-01-04,M2,31.0,55.84878737091876,3.9865796635794046,0.10763045212559821,exp(m + variance/2) - 1,
8,2025-12-07,28,2026-01-04,M3,31.0,57.441912077292685,4.015124982230194,0.10581664551313372,exp(m + variance/2) - 1,
8,2025-12-07,28,2026-01-04,M4,31.0,51.98890171748465,3.9153459465087974,0.10947308711772766,exp(m + variance/2) - 1,
8,2025-12-07,28,2026-01-04,M5,31.0,64.5230971136497,4.1302356231877155,0.10433416996853448,exp(m + variance/2) - 1,
9,2025-12-08,28,2026-01-05,M0,34.0,70.0,,,not applicable -- original-scale benchmark,2025-01-05
9,2025-12-08,28,2026-01-05,M1,34.0,51.236467340420525,3.9014137061713114,0.10873430571660204,exp(m + variance/2) - 1,
9,2025-12-08,28,2026-01-05,M2,34.0,55.563994303939225,3.9815900063514134,0.10756526678589028,exp(m + variance/2) - 1,
9,2025-12-08,28,2026-01-05,M3,34.0,57.38378052035252,4.01416754497673,0.10574115093444941,exp(m + variance/2) - 1,
9,2025-12-08,28,2026-01-05,M4,34.0,52.09361704919347,3.9173825530280943,0.1093483235291453,exp(m + variance/2) - 1,
9,2025-12-08,28,2026-01-05,M5,34.0,64.82297892887385,4.134847377240964,0.10424324793784304,exp(m + variance/2) - 1,
10,2025-12-09,28,2026-01-06,M0,47.0,57.0,,,not applicable -- original-scale benchmark,2025-01-06
10,2025-12-09,28,2026-01-06,M1,47.0,49.48514771155623,3.867136901725859,0.10908457315304135,exp(m + variance/2) - 1,
10,2025-12-09,28,2026-01-06,M2,47.0,53.670422870032034,3.947382807136465,0.10788008139259928,exp(m + variance/2) - 1,
10,2025-12-09,28,2026-01-06,M3,47.0,55.58610830536446,3.982753927065735,0.1060191834360052,exp(m + variance/2) - 1,
10,2025-12-09,28,2026-01-06,M4,47.0,50.257724461073295,3.8819475026650574,0.10983765037567292,exp(m + variance/2) - 1,
10,2025-12-09,28,2026-01-06,M5,47.0,62.74988126488036,4.102706746972307,0.10452114910562665,exp(m + variance/2) - 1,
11,2025-12-10,28,2026-01-07,M0,34.0,53.0,,,not applicable -- original-scale benchmark,2025-01-07
11,2025-12-10,28,2026-01-07,M1,34.0,49.31517772510302,3.863811996781921,0.10898955769205934,exp(m + variance/2) - 1,
11,2025-12-10,28,2026-01-07,M2,34.0,53.48468060233038,3.944005884089778,0.10782737640152382,exp(m + variance/2) - 1,
11,2025-12-10,28,2026-01-07,M3,34.0,55.88692387124522,3.9880873806364594,0.10595625028899243,exp(m + variance/2) - 1,
11,2025-12-10,28,2026-01-07,M4,34.0,50.09058628527991,3.878812722498063,0.10957507263530239,exp(m + variance/2) - 1,
11,2025-12-10,28,2026-01-07,M5,34.0,63.090705447197536,4.108068446900977,0.10446181137652116,exp(m + variance/2) - 1,
12,2025-12-11,28,2026-01-08,M0,33.0,49.0,,,not applicable -- original-scale benchmark,2025-01-08
12,2025-12-11,28,2026-01-08,M1,33.0,49.836167393302865,3.874239042246706,0.10873803115593242,exp(m + variance/2) - 1,
12,2025-12-11,28,2026-01-08,M2,33.0,54.03775351227922,3.9542569190697696,0.1075249163501768,exp(m + variance/2) - 1,
12,2025-12-11,28,2026-01-08,M3,33.0,57.11984624634263,4.00962841501649,0.10575755646062848,exp(m + variance/2) - 1,
12,2025-12-11,28,2026-01-08,M4,33.0,50.58139599474526,3.8885090004480647,0.10930412858159577,exp(m + variance/2) - 1,
12,2025-12-11,28,2026-01-08,M5,33.0,64.47652088975573,4.129556753216338,0.10426973092889384,exp(m + variance/2) - 1,
13,2025-12-12,28,2026-01-09,M0,20.0,53.0,,,not applicable -- original-scale benchmark,2025-01-09
13,2025-12-12,28,2026-01-09,M1,20.0,51.49758574458722,3.906578644340427,0.10837707676476926,exp(m + variance/2) - 1,
13,2025-12-12,28,2026-01-09,M2,20.0,55.82296003650275,3.9863568124955524,0.10716731509800459,exp(m + variance/2) - 1,
13,2025-12-12,28,2026-01-09,M3,20.0,58.69745280701134,4.036575887861137,0.10542693015590562,exp(m + variance/2) - 1,
13,2025-12-12,28,2026-01-09,M4,20.0,52.284122026432975,3.9211502911185794,0.10897619496397651,exp(m + variance/2) - 1,
13,2025-12-12,28,2026-01-09,M5,20.0,66.20623622346443,4.155789903769376,0.10395228079679447,exp(m + variance/2) - 1,
14,2025-12-13,28,2026-01-10,M0,30.0,41.0,,,not applicable -- original-scale benchmark,2025-01-10
14,2025-12-13,28,2026-01-10,M1,30.0,48.60141966953812,3.849668963974706,0.10870098343256758,exp(m + variance/2) - 1,
14,2025-12-13,28,2026-01-10,M2,30.0,52.704985262243966,3.929748001508682,0.10751566224146608,exp(m + variance/2) - 1,
14,2025-12-13,28,2026-01-10,M3,30.0,54.03898616147755,3.955188041973547,0.10570746290119123,exp(m + variance/2) - 1,
14,2025-12-13,28,2026-01-10,M4,30.0,49.28579759194495,3.8630752259120262,0.1092949145747624,exp(m + variance/2) - 1,
14,2025-12-13,28,2026-01-10,M5,30.0,60.857137421735814,4.072701086331413,0.10425280949087719,exp(m + variance/2) - 1,
15,2025-12-14,28,2026-01-11,M0,38.0,45.0,,,not applicable -- original-scale benchmark,2025-01-11
15,2025-12-14,28,2026-01-11,M1,38.0,49.11863273617116,3.8601415756512085,0.10850254839902695,exp(m + variance/2) - 1,
15,2025-12-14,28,2026-01-11,M2,38.0,53.25349446176503,3.9400398108291332,0.10725518711738444,exp(m + variance/2) - 1,
15,2025-12-14,28,2026-01-11,M3,38.0,54.59668684868912,3.9653524831300566,0.10554225459725591,exp(m + variance/2) - 1,
15,2025-12-14,28,2026-01-11,M4,38.0,49.78968972606559,3.873150229054835,0.10908629356498828,exp(m + variance/2) - 1,
15,2025-12-14,28,2026-01-11,M5,38.0,61.48303286117377,4.082867434133027,0.10405522306462459,exp(m + variance/2) - 1,
16,2025-12-15,28,2026-01-12,M0,40.0,52.0,,,not applicable -- original-scale benchmark,2025-01-12
16,2025-12-15,28,2026-01-12,M1,40.0,45.688639278079506,3.7889286974369702,0.10914433473239496,exp(m + variance/2) - 1,
16,2025-12-15,28,2026-01-12,M2,40.0,49.56258462790017,3.8692411744716178,0.10794138814849825,exp(m + variance/2) - 1,
16,2025-12-15,28,2026-01-12,M3,40.0,50.8260416534724,3.89481743759485,0.10615063992978876,exp(m + variance/2) - 1,
16,2025-12-15,28,2026-01-12,M4,40.0,46.8415364813025,3.8129490320334387,0.10989038835455447,exp(m + variance/2) - 1,
16,2025-12-15,28,2026-01-12,M5,40.0,57.769733861965705,4.0212662351665065,0.10472151396062175,exp(m + variance/2) - 1,
17,2025-12-16,28,2026-01-13,M0,32.0,54.0,,,not applicable -- original-scale benchmark,2025-01-13
17,2025-12-16,28,2026-01-13,M1,32.0,43.29990113756147,3.7361376277451455,0.10968963529139966,exp(m + variance/2) - 1,
17,2025-12-16,28,2026-01-13,M2,32.0,46.99644705829166,3.8168816901180085,0.10849059686274301,exp(m + variance/2) - 1,
17,2025-12-16,28,2026-01-13,M3,32.0,48.332833229122954,3.8452529314720203,0.10667383265019073,exp(m + variance/2) - 1,
17,2025-12-16,28,2026-01-13,M4,32.0,44.399755664692584,3.7602467612518486,0.11051992389201308,exp(m + variance/2) - 1,
17,2025-12-16,28,2026-01-13,M5,32.0,55.002958247832275,3.9727721607470783,0.10526470889396496,exp(m + variance/2) - 1,
18,2025-12-17,28,2026-01-14,M0,35.0,59.0,,,not applicable -- original-scale benchmark,2025-01-14
18,2025-12-17,28,2026-01-14,M1,35.0,39.3356572448657,3.6415657590490804,0.11134022772203378,exp(m + variance/2) - 1,
18,2025-12-17,28,2026-01-14,M2,35.0,39.275732023187125,3.6406634690063906,0.11017127102749547,exp(m + variance/2) - 1,
18,2025-12-17,28,2026-01-14,M3,35.0,43.585333668670565,3.7432192390609815,0.10837144875036545,exp(m + variance/2) - 1,
18,2025-12-17,28,2026-01-14,M4,35.0,40.34349667264118,3.6658887987235844,0.11205267045869663,exp(m + variance/2) - 1,
18,2025-12-17,28,2026-01-14,M5,35.0,44.63050908853915,3.767088596079649,0.10697591135944043,exp(m + variance/2) - 1,
19,2025-12-18,28,2026-01-15,M0,36.0,42.0,,,not applicable -- original-scale benchmark,2025-01-15
19,2025-12-18,28,2026-01-15,M1,36.0,40.99348832136103,3.682282741111468,0.11046365036873515,exp(m + variance/2) - 1,
19,2025-12-18,28,2026-01-15,M2,36.0,40.91215153555138,3.6809331953000957,0.10928520472814926,exp(m + variance/2) - 1,
19,2025-12-18,28,2026-01-15,M3,36.0,45.49799728099148,3.785648662594566,0.10752115969049841,exp(m + variance/2) - 1,
19,2025-12-18,28,2026-01-15,M4,36.0,42.064604327609544,3.7071308133873027,0.11114120203330871,exp(m + variance/2) - 1,
19,2025-12-18,28,2026-01-15,M5,36.0,46.568151563464326,3.809098721534127,0.1061294619298957,exp(m + variance/2) - 1,
20,2025-12-19,28,2026-01-16,M0,42.0,59.0,,,not applicable -- original-scale benchmark,2025-01-16
20,2025-12-19,28,2026-01-16,M1,42.0,43.078407959076415,3.731148952751952,0.10964218871925156,exp(m + variance/2) - 1,
20,2025-12-19,28,2026-01-16,M2,42.0,42.97001538817989,3.729273813747794,0.10846823882968046,exp(m + variance/2) - 1,
20,2025-12-19,28,2026-01-16,M3,42.0,47.95545218694858,3.8375362559227986,0.10674897925682914,exp(m + variance/2) - 1,
20,2025-12-19,28,2026-01-16,M4,42.0,44.220582573373704,3.75640600563806,0.1102926884394969,exp(m + variance/2) - 1,
20,2025-12-19,28,2026-01-16,M5,42.0,49.05212642678325,3.860397019943312,0.10533594193005241,exp(m + variance/2) - 1,
21,2025-12-20,28,2026-01-17,M0,45.0,52.0,,,not applicable -- original-scale benchmark,2025-01-17
21,2025-12-20,28,2026-01-17,M1,45.0,42.077220845246956,3.7081352341451264,0.10971820915517612,exp(m + variance/2) - 1,
21,2025-12-20,28,2026-01-17,M2,45.0,41.972704596506944,3.7062980256774476,0.10853422326917217,exp(m + variance/2) - 1,
21,2025-12-20,28,2026-01-17,M3,45.0,46.86150687667959,3.8148652447113722,0.10689264473779375,exp(m + variance/2) - 1,
21,2025-12-20,28,2026-01-17,M4,45.0,43.185262461473116,3.7332038576738644,0.11037489467339254,exp(m + variance/2) - 1,
21,2025-12-20,28,2026-01-17,M5,45.0,47.93444907273024,3.8377351279296836,0.10549300107302306,exp(m + variance/2) - 1,
22,2025-12-21,28,2026-01-18,M0,41.0,51.0,,,not applicable -- original-scale benchmark,2025-01-18
22,2025-12-21,28,2026-01-18,M1,41.0,42.307413198118944,3.7135514341141294,0.10954478347921728,exp(m + variance/2) - 1,
22,2025-12-21,28,2026-01-18,M2,41.0,42.19760355389412,3.711603141471462,0.10836375790082964,exp(m + variance/2) - 1,
22,2025-12-21,28,2026-01-18,M3,41.0,46.992470608952466,3.817692805719733,0.10670266114097685,exp(m + variance/2) - 1,
22,2025-12-21,28,2026-01-18,M4,41.0,43.424022729232846,3.7386849070257604,0.11019093711301944,exp(m + variance/2) - 1,
22,2025-12-21,28,2026-01-18,M5,41.0,48.04855632595203,3.8401471088876438,0.10532728797654944,exp(m + variance/2) - 1,
23,2025-12-22,28,2026-01-19,M0,50.0,30.0,,,not applicable -- original-scale benchmark,2025-01-19
23,2025-12-22,28,2026-01-19,M1,50.0,41.7451993741651,3.700513399268914,0.10948698893418844,exp(m + variance/2) - 1,
23,2025-12-22,28,2026-01-19,M2,50.0,41.6386351441909,3.6986091526155467,0.1083032358324306,exp(m + variance/2) - 1,
23,2025-12-22,28,2026-01-19,M3,50.0,46.24599611820302,3.8020064983358752,0.1067228275485993,exp(m + variance/2) - 1,
23,2025-12-22,28,2026-01-19,M4,50.0,43.184626763283624,3.733309743637097,0.11013434832183432,exp(m + variance/2) - 1,
23,2025-12-22,28,2026-01-19,M5,50.0,47.58096845053584,3.8305761146495967,0.10531148779051647,exp(m + variance/2) - 1,
24,2025-12-23,28,2026-01-20,M0,42.0,41.0,,,not applicable -- original-scale benchmark,2025-01-20
24,2025-12-23,28,2026-01-20,M1,42.0,43.36641898966419,3.7378700705107244,0.10922556740943068,exp(m + variance/2) - 1,
24,2025-12-23,28,2026-01-20,M2,42.0,43.24614917118663,3.7357433057717953,0.10805007503067765,exp(m + variance/2) - 1,
24,2025-12-23,28,2026-01-20,M3,42.0,49.160259921520854,3.8620465603060765,0.10635303570732998,exp(m + variance/2) - 1,
24,2025-12-23,28,2026-01-20,M4,42.0,44.85624787254445,3.7705579240574485,0.10990706605740547,exp(m + variance/2) - 1,
24,2025-12-23,28,2026-01-20,M5,42.0,50.56474859338482,3.890319023940209,0.10503849657533827,exp(m + variance/2) - 1,
25,2025-12-24,28,2026-01-21,M0,49.0,46.0,,,not applicable -- original-scale benchmark,2025-01-21
25,2025-12-24,28,2026-01-21,M1,49.0,45.6454424800648,3.7880102621205047,0.10912992873474192,exp(m + variance/2) - 1,
25,2025-12-24,28,2026-01-21,M2,49.0,45.49817569300486,3.785430657643335,0.10796484354373363,exp(m + variance/2) - 1,
25,2025-12-24,28,2026-01-21,M3,49.0,50.72953440994425,3.8929157038709983,0.10622635943244277,exp(m + variance/2) - 1,
25,2025-12-24,28,2026-01-21,M4,49.0,47.2260069948429,3.820979408744041,0.1098380620168897,exp(m + variance/2) - 1,
25,2025-12-24,28,2026-01-21,M5,49.0,52.09294428779382,3.919617472836226,0.10485314129358295,exp(m + variance/2) - 1,
26,2025-12-25,28,2026-01-22,M0,38.0,35.0,,,not applicable -- original-scale benchmark,2025-01-22
26,2025-12-25,28,2026-01-22,M1,38.0,43.218554171700525,3.7346433229631795,0.10900231135754324,exp(m + variance/2) - 1,
26,2025-12-25,28,2026-01-22,M2,38.0,43.09584354036878,3.7324582353033158,0.10781458384462406,exp(m + variance/2) - 1,
26,2025-12-25,28,2026-01-22,M3,38.0,47.25082953373237,3.823280412450435,0.10626521519146612,exp(m + variance/2) - 1,
26,2025-12-25,28,2026-01-22,M4,38.0,44.61456785094575,3.765420673514934,0.10961292480215262,exp(m + variance/2) - 1,
26,2025-12-25,28,2026-01-22,M5,38.0,48.45168536986291,3.8485474391231707,0.10489740133469763,exp(m + variance/2) - 1,
27,2025-12-26,28,2026-01-23,M0,35.0,40.0,,,not applicable -- original-scale benchmark,2025-01-23
27,2025-12-26,28,2026-01-23,M1,35.0,40.95589868936641,3.682130884386785,0.10897630204408357,exp(m + variance/2) - 1,
27,2025-12-26,28,2026-01-23,M2,35.0,40.85998165269534,3.6804251413424205,0.10781027474748933,exp(m + variance/2) - 1,
27,2025-12-26,28,2026-01-23,M3,35.0,43.811326568674275,3.749234975035304,0.10645191524870842,exp(m + variance/2) - 1,
27,2025-12-26,28,2026-01-23,M4,35.0,42.2136571891673,3.7112666134791716,0.10977994089547088,exp(m + variance/2) - 1,
27,2025-12-26,28,2026-01-23,M5,35.0,44.90290712810954,3.7739710060132303,0.10511489034402449,exp(m + variance/2) - 1,
28,2025-12-27,28,2026-01-24,M0,33.0,49.0,,,not applicable -- original-scale benchmark,2025-01-24
28,2025-12-27,28,2026-01-24,M1,33.0,41.98809586561889,3.7065391487779724,0.10876817650757281,exp(m + variance/2) - 1,
28,2025-12-27,28,2026-01-24,M2,33.0,41.883106795666734,3.7046752836498555,0.10760536749046794,exp(m + variance/2) - 1,
28,2025-12-27,28,2026-01-24,M3,33.0,44.2803378008358,3.7597905112730925,0.10616476571963177,exp(m + variance/2) - 1,
28,2025-12-27,28,2026-01-24,M4,33.0,43.255339761716016,3.735247974787575,0.10945612393433302,exp(m + variance/2) - 1,
28,2025-12-27,28,2026-01-24,M5,33.0,45.31299943541063,3.782994982965612,0.10485540812601127,exp(m + variance/2) - 1,
29,2025-12-28,28,2026-01-25,M0,32.0,36.0,,,not applicable -- original-scale benchmark,2025-01-25
29,2025-12-28,28,2026-01-25,M1,32.0,42.15871865663438,3.7105713158327727,0.10862627180262717,exp(m + variance/2) - 1,
29,2025-12-28,28,2026-01-25,M2,32.0,41.402216154953486,3.6934312269249254,0.10753880350515838,exp(m + variance/2) - 1,
29,2025-12-28,28,2026-01-25,M3,32.0,44.35172570623492,3.7614306960700157,0.10603506565266993,exp(m + variance/2) - 1,
29,2025-12-28,28,2026-01-25,M4,32.0,43.41064807847397,3.738907657763134,0.10914320901939378,exp(m + variance/2) - 1,
29,2025-12-28,28,2026-01-25,M5,32.0,44.48120569006105,3.764842200710201,0.10491395631259362,exp(m + variance/2) - 1,
30,2025-12-29,28,2026-01-26,M0,45.0,46.0,,,not applicable -- original-scale benchmark,2025-01-26
30,2025-12-29,28,2026-01-26,M1,45.0,42.87892133370583,3.7271828603832873,0.10850238507244442,exp(m + variance/2) - 1,
30,2025-12-29,28,2026-01-26,M2,45.0,41.585726161918735,3.69784134950837,0.10735556199593177,exp(m + variance/2) - 1,
30,2025-12-29,28,2026-01-26,M3,45.0,44.959354419075225,3.7748255472671906,0.1058637180647221,exp(m + variance/2) - 1,
30,2025-12-29,28,2026-01-26,M4,45.0,44.38008865477683,3.76048481152054,0.10917724287651262,exp(m + variance/2) - 1,
30,2025-12-29,28,2026-01-26,M5,45.0,44.63969792510344,3.7683888341201515,0.10477814441632378,exp(m + variance/2) - 1,
31,2025-12-30,28,2026-01-27,M0,30.0,40.0,,,not applicable -- original-scale benchmark,2025-01-27
31,2025-12-30,28,2026-01-27,M1,30.0,41.85553156655053,3.7036396219466052,0.10839021233403681,exp(m + variance/2) - 1,
31,2025-12-30,28,2026-01-27,M2,30.0,40.33651911185308,3.668047294076846,0.10739811035340352,exp(m + variance/2) - 1,
31,2025-12-30,28,2026-01-27,M3,30.0,43.93853254140646,3.7523950769485324,0.10580107109246582,exp(m + variance/2) - 1,
31,2025-12-30,28,2026-01-27,M4,30.0,43.333080366224195,3.7371794983456885,0.10910327033331556,exp(m + variance/2) - 1,
31,2025-12-30,28,2026-01-27,M5,30.0,43.240719101378005,3.737190317805372,0.10491058765709604,exp(m + variance/2) - 1,
32,2025-12-31,28,2026-01-28,M0,35.0,32.0,,,not applicable -- original-scale benchmark,2025-01-28
32,2025-12-31,28,2026-01-28,M1,35.0,38.07828519528358,3.611183863007204,0.10876616772371303,exp(m + variance/2) - 1,
32,2025-12-31,28,2026-01-28,M2,35.0,36.83711447161002,3.57921310209623,0.10815476628826486,exp(m + variance/2) - 1,
32,2025-12-31,28,2026-01-28,M3,35.0,39.814461067499124,3.655824013984574,0.10642488511231532,exp(m + variance/2) - 1,
32,2025-12-31,28,2026-01-28,M4,35.0,39.37557922199258,3.6434951601174506,0.10945993475602053,exp(m + variance/2) - 1,
32,2025-12-31,28,2026-01-28,M5,35.0,39.28773086338829,3.6430034099184176,0.10608713520839066,exp(m + variance/2) - 1,
33,2026-01-01,28,2026-01-29,M0,34.0,34.0,,,not applicable -- original-scale benchmark,2025-01-29
33,2026-01-01,28,2026-01-29,M1,34.0,34.87109642131979,3.5251171583420193,0.10962939852384398,exp(m + variance/2) - 1,
33,2026-01-01,28,2026-01-29,M2,34.0,33.88671369479155,3.4974565761186907,0.10929896836419982,exp(m + variance/2) - 1,
33,2026-01-01,28,2026-01-29,M3,34.0,36.4583136205447,3.5694722094848506,0.10751293675917956,exp(m + variance/2) - 1,
33,2026-01-01,28,2026-01-29,M4,34.0,36.044535375148136,3.5569463350457733,0.11034902513952102,exp(m + variance/2) - 1,
33,2026-01-01,28,2026-01-29,M5,34.0,36.10281955242308,3.5598933615014694,0.10759920788353436,exp(m + variance/2) - 1,
34,2026-01-02,28,2026-01-30,M0,38.0,47.0,,,not applicable -- original-scale benchmark,2025-01-30
34,2026-01-02,28,2026-01-30,M1,38.0,34.64308416054771,3.5187894032711764,0.10953146415720752,exp(m + variance/2) - 1,
34,2026-01-02,28,2026-01-30,M2,38.0,33.58171983647565,3.4886994291471165,0.10925156975272615,exp(m + variance/2) - 1,
34,2026-01-02,28,2026-01-30,M3,38.0,35.801351902362725,3.551796156861769,0.10747684823119319,exp(m + variance/2) - 1,
34,2026-01-02,28,2026-01-30,M4,38.0,35.810382734559894,3.550656902669463,0.11024608447526962,exp(m + variance/2) - 1,
34,2026-01-02,28,2026-01-30,M5,38.0,35.355097957669535,3.539501924407622,0.1076650323332366,exp(m + variance/2) - 1,
35,2026-01-03,28,2026-01-31,M0,35.0,57.0,,,not applicable -- original-scale benchmark,2025-01-31
35,2026-01-03,28,2026-01-31,M1,35.0,33.97010049072205,3.4996790250487075,0.10962879929808733,exp(m + variance/2) - 1,
35,2026-01-03,28,2026-01-31,M2,35.0,32.895467139107915,3.468570080219752,0.10942242503126026,exp(m + variance/2) - 1,
35,2026-01-03,28,2026-01-31,M3,35.0,34.912836451608456,3.5272336308326717,0.10772232415577014,exp(m + variance/2) - 1,
35,2026-01-03,28,2026-01-31,M4,35.0,35.11583742104717,3.5315607314802206,0.11034149475587585,exp(m + variance/2) - 1,
35,2026-01-03,28,2026-01-31,M5,35.0,34.43794020379343,3.513788725704899,0.10798855536490745,exp(m + variance/2) - 1,
36,2026-01-04,28,2026-02-01,M0,36.0,36.0,,,not applicable -- original-scale benchmark,2025-02-01
36,2026-01-04,28,2026-02-01,M1,36.0,33.03359243003267,3.472435565303783,0.10982496839430564,exp(m + variance/2) - 1,
36,2026-01-04,28,2026-02-01,M2,36.0,31.985580472340104,3.441230532247728,0.1096799566845939,exp(m + variance/2) - 1,
36,2026-01-04,28,2026-02-01,M3,36.0,33.79319523897612,3.495401423791475,0.10804080951761558,exp(m + variance/2) - 1,
36,2026-01-04,28,2026-02-01,M4,36.0,34.145545947600624,3.504226128023302,0.1105435332620718,exp(m + variance/2) - 1,
36,2026-01-04,28,2026-02-01,M5,36.0,33.33233517149462,3.481879499309289,0.10841625430940902,exp(m + variance/2) - 1,
37,2026-01-05,28,2026-02-02,M0,41.0,43.0,,,not applicable -- original-scale benchmark,2025-02-02
37,2026-01-05,28,2026-02-02,M1,41.0,32.87707776464386,3.467888713793737,0.10969979950157496,exp(m + variance/2) - 1,
37,2026-01-05,28,2026-02-02,M2,41.0,31.78769253883035,3.4352668122531944,0.10957281049355079,exp(m + variance/2) - 1,
37,2026-01-05,28,2026-02-02,M3,41.0,33.50582709212776,3.48714288885886,0.10797064427468722,exp(m + variance/2) - 1,
37,2026-01-05,28,2026-02-02,M4,41.0,33.9817990343569,3.499612657141904,0.11043048299292957,exp(m + variance/2) - 1,
37,2026-01-05,28,2026-02-02,M5,41.0,33.0061850363485,3.4723325912304697,0.10841965935067602,exp(m + variance/2) - 1,
38,2026-01-06,28,2026-02-03,M0,46.0,54.0,,,not applicable -- original-scale benchmark,2025-02-03
38,2026-01-06,28,2026-02-03,M1,46.0,34.7940946757189,3.5232467296663796,0.10907239388358257,exp(m + variance/2) - 1,
38,2026-01-06,28,2026-02-03,M2,46.0,33.490725288871175,3.4862641342472998,0.10885264288305334,exp(m + variance/2) - 1,
38,2026-01-06,28,2026-02-03,M3,46.0,35.388736286768186,3.540623256742242,0.10727205468397327,exp(m + variance/2) - 1,
38,2026-01-06,28,2026-02-03,M4,46.0,35.97094890654384,3.5552038779138284,0.10985712327831207,exp(m + variance/2) - 1,
38,2026-01-06,28,2026-02-03,M5,46.0,34.70114585564458,3.5213639354511512,0.10763769923223591,exp(m + variance/2) - 1,
39,2026-01-07,28,2026-02-04,M0,40.0,58.0,,,not applicable -- original-scale benchmark,2025-02-04
39,2026-01-07,28,2026-02-04,M1,40.0,33.98909340327383,3.5005019564332454,0.10906887888833497,exp(m + variance/2) - 1,
39,2026-01-07,28,2026-02-04,M2,40.0,32.712842387646184,3.463428852315135,0.10889998440569261,exp(m + variance/2) - 1,
39,2026-01-07,28,2026-02-04,M3,40.0,34.27493212039648,3.509500128755066,0.10734488936839912,exp(m + variance/2) - 1,
39,2026-01-07,28,2026-02-04,M4,40.0,35.09611455441311,3.531292550320663,0.10978535830796338,exp(m + variance/2) - 1,
39,2026-01-07,28,2026-02-04,M5,40.0,33.57798013347059,3.4893351076829084,0.10776391891408843,exp(m + variance/2) - 1,
40,2026-01-08,28,2026-02-05,M0,21.0,46.0,,,not applicable -- original-scale benchmark,2025-02-05
40,2026-01-08,28,2026-02-05,M1,21.0,33.36227405621168,3.4824550498056195,0.10900845672580581,exp(m + variance/2) - 1,
40,2026-01-08,28,2026-02-05,M2,21.0,32.09085763468969,3.444853695727707,0.10880668822762579,exp(m + variance/2) - 1,
40,2026-01-08,28,2026-02-05,M3,21.0,33.5690070611019,3.489273175778063,0.10736871036600251,exp(m + variance/2) - 1,
40,2026-01-08,28,2026-02-05,M4,21.0,34.413929812759115,3.5121876063413118,0.10983526786826785,exp(m + variance/2) - 1,
40,2026-01-08,28,2026-02-05,M5,21.0,32.84385760855606,3.4678407562423406,0.10783353504678422,exp(m + variance/2) - 1,
41,2026-01-09,28,2026-02-06,M0,29.0,45.0,,,not applicable -- original-scale benchmark,2025-02-06
41,2026-01-09,28,2026-02-06,M1,29.0,29.798139092492516,3.372446712140071,0.11001511387846691,exp(m + variance/2) - 1,
41,2026-01-09,28,2026-02-06,M2,29.0,28.739966228566875,3.337515268035657,0.1099530748795701,exp(m + variance/2) - 1,
41,2026-01-09,28,2026-02-06,M3,29.0,30.00051581147576,3.379676427845817,0.10865483116152952,exp(m + variance/2) - 1,
41,2026-01-09,28,2026-02-06,M4,29.0,30.64032871592422,3.3990472282673787,0.11077060765964064,exp(m + variance/2) - 1,
41,2026-01-09,28,2026-02-06,M5,29.0,29.376122038161,3.359015489489248,0.10928270203430179,exp(m + variance/2) - 1,
42,2026-01-10,28,2026-02-07,M0,31.0,39.0,,,not applicable -- original-scale benchmark,2025-02-07
42,2026-01-10,28,2026-02-07,M1,31.0,29.597647117192714,3.3659791234730467,0.10988798186793751,exp(m + variance/2) - 1,
42,2026-01-10,28,2026-02-07,M2,31.0,28.530643026487525,3.330509656725899,0.1098376283129334,exp(m + variance/2) - 1,
42,2026-01-10,28,2026-02-07,M3,31.0,29.604696772070838,3.3668783876349595,0.10855019765692339,exp(m + variance/2) - 1,
42,2026-01-10,28,2026-02-07,M4,31.0,30.428306490089998,3.392384017564017,0.11064989967345382,exp(m + variance/2) - 1,
42,2026-01-10,28,2026-02-07,M5,31.0,28.96491371304563,3.345425858812116,0.10920259100510185,exp(m + variance/2) - 1,
43,2026-01-11,28,2026-02-08,M0,25.0,50.0,,,not applicable -- original-scale benchmark,2025-02-08
43,2026-01-11,28,2026-02-08,M1,25.0,30.514913578712722,3.395770119637364,0.10938152219368436,exp(m + variance/2) - 1,
43,2026-01-11,28,2026-02-08,M2,25.0,29.382100260380298,3.3592083315515815,0.10929059244242595,exp(m + variance/2) - 1,
43,2026-01-11,28,2026-02-08,M3,25.0,30.51242101691677,3.396390464546652,0.1079826431187656,exp(m + variance/2) - 1,
43,2026-01-11,28,2026-02-08,M4,25.0,31.35070002076911,3.421550062391267,0.11017119458858608,exp(m + variance/2) - 1,
43,2026-01-11,28,2026-02-08,M5,25.0,29.804232514290835,3.3733860649601377,0.1085320697467631,exp(m + variance/2) - 1,
44,2026-01-12,28,2026-02-09,M0,30.0,38.0,,,not applicable -- original-scale benchmark,2025-02-09
44,2026-01-12,28,2026-02-09,M1,30.0,31.45661394229181,3.4253873067192835,0.10903387029511136,exp(m + variance/2) - 1,
44,2026-01-12,28,2026-02-09,M2,30.0,30.261637330119097,3.3879219587724636,0.1089394853042236,exp(m + variance/2) - 1,
44,2026-01-12,28,2026-02-09,M3,30.0,31.431769545202634,3.4253426263737046,0.10759171505272792,exp(m + variance/2) - 1,
44,2026-01-12,28,2026-02-09,M4,30.0,32.31634108244573,3.4510950188355705,0.10990596196428795,exp(m + variance/2) - 1,
44,2026-01-12,28,2026-02-09,M5,30.0,30.689801943376526,3.401870479620227,0.10824888849702027,exp(m + variance/2) - 1,
45,2026-01-13,28,2026-02-10,M0,57.0,44.0,,,not applicable -- original-scale benchmark,2025-02-10
45,2026-01-13,28,2026-02-10,M1,57.0,30.853581698487304,3.4066647947049433,0.10897007240429604,exp(m + variance/2) - 1,
45,2026-01-13,28,2026-02-10,M2,57.0,29.680390634238037,3.3691883721248272,0.10887067366052743,exp(m + variance/2) - 1,
45,2026-01-13,28,2026-02-10,M3,57.0,30.90401962686231,3.408960112179174,0.1075437935701342,exp(m + variance/2) - 1,
45,2026-01-13,28,2026-02-10,M4,57.0,31.60879806147421,3.429698881022925,0.10976650025045162,exp(m + variance/2) - 1,
45,2026-01-13,28,2026-02-10,M5,57.0,30.10010448625526,3.383119957286473,0.1081824431594719,exp(m + variance/2) - 1,
46,2026-01-14,28,2026-02-11,M0,36.0,45.0,,,not applicable -- original-scale benchmark,2025-02-11
46,2026-01-14,28,2026-02-11,M1,36.0,31.015563110800002,3.4118101379258228,0.10882398771586005,exp(m + variance/2) - 1,
46,2026-01-14,28,2026-02-11,M2,36.0,30.202480884951157,3.386139631306385,0.10871595178232946,exp(m + variance/2) - 1,
46,2026-01-14,28,2026-02-11,M3,36.0,31.13239353879765,3.4161654982767375,0.10739833505208704,exp(m + variance/2) - 1,
46,2026-01-14,28,2026-02-11,M4,36.0,31.745525706368838,3.433893533072044,0.10974560004608383,exp(m + variance/2) - 1,
46,2026-01-14,28,2026-02-11,M5,36.0,30.71001747645609,3.402653631576314,0.10795801621538771,exp(m + variance/2) - 1,
47,2026-01-15,28,2026-02-12,M0,41.0,31.0,,,not applicable -- original-scale benchmark,2025-02-12
47,2026-01-15,28,2026-02-12,M1,41.0,31.224560170909832,3.418383663895991,0.10869047228882356,exp(m + variance/2) - 1,
47,2026-01-15,28,2026-02-12,M2,41.0,30.614981059562172,3.3993543215129858,0.10855354180169743,exp(m + variance/2) - 1,
47,2026-01-15,28,2026-02-12,M3,41.0,31.322502564463683,3.422141173098582,0.10724497677575767,exp(m + variance/2) - 1,
47,2026-01-15,28,2026-02-12,M4,41.0,31.908749065176075,3.4389760028013816,0.10952509729958883,exp(m + variance/2) - 1,
47,2026-01-15,28,2026-02-12,M5,41.0,31.096997823349994,3.414849496427771,0.10782600716411342,exp(m + variance/2) - 1,
48,2026-01-16,28,2026-02-13,M0,34.0,42.0,,,not applicable -- original-scale benchmark,2025-02-13
48,2026-01-16,28,2026-02-13,M1,34.0,32.32129235222545,3.451875983850372,0.10864123755461015,exp(m + variance/2) - 1,
48,2026-01-16,28,2026-02-13,M2,34.0,31.94777493195096,3.4406557834612155,0.10853589317306547,exp(m + variance/2) - 1,
48,2026-01-16,28,2026-02-13,M3,34.0,32.51540193543775,3.4584305416327847,0.10714910161625163,exp(m + variance/2) - 1,
48,2026-01-16,28,2026-02-13,M4,34.0,32.993912510090176,3.4714244099903193,0.10951410954941254,exp(m + variance/2) - 1,
48,2026-01-16,28,2026-02-13,M5,34.0,32.5326459749243,3.458671058512077,0.10769682501938649,exp(m + variance/2) - 1,
49,2026-01-17,28,2026-02-14,M0,34.0,34.0,,,not applicable -- original-scale benchmark,2025-02-14
49,2026-01-17,28,2026-02-14,M1,34.0,33.587814516212596,3.4891269667839757,0.10874894327368367,exp(m + variance/2) - 1,
49,2026-01-17,28,2026-02-14,M2,34.0,33.381290864604246,3.4831626686124277,0.10869975520176034,exp(m + variance/2) - 1,
49,2026-01-17,28,2026-02-14,M3,34.0,34.45458496100305,3.514632828846393,0.10723950352601827,exp(m + variance/2) - 1,
49,2026-01-17,28,2026-02-14,M4,34.0,34.26826125820429,3.508174514130351,0.10961786172910065,exp(m + variance/2) - 1,
49,2026-01-17,28,2026-02-14,M5,34.0,34.625182609399715,3.519118790684749,0.10786794753763018,exp(m + variance/2) - 1,
50,2026-01-18,28,2026-02-15,M0,41.0,44.0,,,not applicable -- original-scale benchmark,2025-02-15
50,2026-01-18,28,2026-02-15,M1,41.0,34.0044570291491,3.5010894032385194,0.10877198766669832,exp(m + variance/2) - 1,
50,2026-01-18,28,2026-02-15,M2,41.0,33.85804317342839,3.496920710849055,0.10872638760234728,exp(m + variance/2) - 1,
50,2026-01-18,28,2026-02-15,M3,41.0,34.831486677746916,3.5252241150607295,0.10720581587284381,exp(m + variance/2) - 1,
50,2026-01-18,28,2026-02-15,M4,41.0,34.660492730532845,3.519217547162903,0.10965176526817293,exp(m + variance/2) - 1,
50,2026-01-18,28,2026-02-15,M5,41.0,35.06671092400317,3.5314223064357133,0.10789599681171938,exp(m + variance/2) - 1,
51,2026-01-19,28,2026-02-16,M0,49.0,54.0,,,not applicable -- original-scale benchmark,2025-02-16
51,2026-01-19,28,2026-02-16,M1,49.0,35.78595643827316,3.5504794523609204,0.1092734029077976,exp(m + variance/2) - 1,
51,2026-01-19,28,2026-02-16,M2,49.0,35.7215416691157,3.5487195661598543,0.10928796632830992,exp(m + variance/2) - 1,
51,2026-01-19,28,2026-02-16,M3,49.0,36.592428356164504,3.5729833991555626,0.10763851491131238,exp(m + variance/2) - 1,
51,2026-01-19,28,2026-02-16,M4,49.0,35.143419787865135,3.532411894466588,0.11016602467527216,exp(m + variance/2) - 1,
51,2026-01-19,28,2026-02-16,M5,49.0,35.813266263064044,3.5516800288368673,0.10835649530752185,exp(m + variance/2) - 1,
52,2026-01-20,28,2026-02-17,M0,37.0,62.0,,,not applicable -- original-scale benchmark,2025-02-17
52,2026-01-20,28,2026-02-17,M1,37.0,35.89665441064572,3.5534835903952873,0.1092745803251699,exp(m + variance/2) - 1,
52,2026-01-20,28,2026-02-17,M2,37.0,35.8394274490883,3.551943025235041,0.10925128895120381,exp(m + variance/2) - 1,
52,2026-01-20,28,2026-02-17,M3,37.0,36.58255743489419,3.572759145751066,0.10756179800536009,exp(m + variance/2) - 1,
52,2026-01-20,28,2026-02-17,M4,37.0,35.14727638093149,3.5325309666591633,0.11014127389535153,exp(m + variance/2) - 1,
52,2026-01-20,28,2026-02-17,M5,37.0,35.73515821710392,3.549579824159153,0.1083089237781669,exp(m + variance/2) - 1,
53,2026-01-21,28,2026-02-18,M0,51.0,60.0,,,not applicable -- original-scale benchmark,2025-02-18
53,2026-01-21,28,2026-02-18,M1,51.0,37.25467313615668,3.5893913518240024,0.10974874896052228,exp(m + variance/2) - 1,
53,2026-01-21,28,2026-02-18,M2,51.0,39.584459575675766,3.6485257316026227,0.10971898531651725,exp(m + variance/2) - 1,
53,2026-01-21,28,2026-02-18,M3,51.0,37.69857346017109,3.6018262555722824,0.10795296457952983,exp(m + variance/2) - 1,
53,2026-01-21,28,2026-02-18,M4,51.0,36.37664007028052,3.565739841425839,0.11061214160265029,exp(m + variance/2) - 1,
53,2026-01-21,28,2026-02-18,M5,51.0,39.43259705737655,3.645258986099221,0.10875466277785255,exp(m + variance/2) - 1,
54,2026-01-22,28,2026-02-19,M0,37.0,66.0,,,not applicable -- original-scale benchmark,2025-02-19
54,2026-01-22,28,2026-02-19,M1,37.0,36.363093315131444,3.5659657466326053,0.10943532162947309,exp(m + variance/2) - 1,
54,2026-01-22,28,2026-02-19,M2,37.0,38.62013272441393,3.6246349895034795,0.10940480339208486,exp(m + variance/2) - 1,
54,2026-01-22,28,2026-02-19,M3,37.0,36.83028980522117,3.5792777494024524,0.10766469987598992,exp(m + variance/2) - 1,
54,2026-01-22,28,2026-02-19,M4,37.0,35.42803266138354,3.5402235104252,0.11023019176206689,exp(m + variance/2) - 1,
54,2026-01-22,28,2026-02-19,M5,37.0,38.451613793699984,3.620885354443131,0.10837919866038867,exp(m + variance/2) - 1,
55,2026-01-23,28,2026-02-20,M0,36.0,50.0,,,not applicable -- original-scale benchmark,2025-02-20
55,2026-01-23,28,2026-02-20,M1,36.0,35.25371082318202,3.535995221352714,0.10909304448965379,exp(m + variance/2) - 1,
55,2026-01-23,28,2026-02-20,M2,36.0,37.42741176697163,3.594237191509187,0.10906772302869897,exp(m + variance/2) - 1,
55,2026-01-23,28,2026-02-20,M3,36.0,35.88654906778427,3.5541623162214284,0.1073692889235553,exp(m + variance/2) - 1,
55,2026-01-23,28,2026-02-20,M4,36.0,34.28661463152941,3.508574859344097,0.10985768755269103,exp(m + variance/2) - 1,
55,2026-01-23,28,2026-02-20,M5,36.0,37.4115297167459,3.5943023362087887,0.10811066271645423,exp(m + variance/2) - 1,
56,2026-01-24,28,2026-02-21,M0,25.0,34.0,,,not applicable -- original-scale benchmark,2025-02-21
56,2026-01-24,28,2026-02-21,M1,25.0,33.98750321614226,3.5005761345624693,0.10882962440341327,exp(m + variance/2) - 1,
56,2026-01-24,28,2026-02-21,M2,25.0,36.07377134273202,3.558503902951973,0.10881168948985044,exp(m + variance/2) - 1,
56,2026-01-24,28,2026-02-21,M3,25.0,34.683450204026016,3.521111033187565,0.10715193678514148,exp(m + variance/2) - 1,
56,2026-01-24,28,2026-02-21,M4,25.0,33.01428257173518,3.4719538235197,0.10965337705732253,exp(m + variance/2) - 1,
56,2026-01-24,28,2026-02-21,M5,25.0,36.11387027516009,3.560057059412091,0.10786740439303766,exp(m + variance/2) - 1,
57,2026-01-25,28,2026-02-22,M0,28.0,49.0,,,not applicable -- original-scale benchmark,2025-02-22
57,2026-01-25,28,2026-02-22,M1,28.0,32.79055537003763,3.4658437568497513,0.10867515934056338,exp(m + variance/2) - 1,
57,2026-01-25,28,2026-02-22,M2,28.0,34.7995081654421,3.5236073085154267,0.10865369280276664,exp(m + variance/2) - 1,
57,2026-01-25,28,2026-02-22,M3,28.0,33.52575767721729,3.488201308032694,0.10700867355521522,exp(m + variance/2) - 1,
57,2026-01-25,28,2026-02-22,M4,28.0,31.812957174822323,3.4360505222679505,0.10954590186759108,exp(m + variance/2) - 1,
57,2026-01-25,28,2026-02-22,M5,28.0,34.87748761688387,3.526239330184323,0.10774136545730204,exp(m + variance/2) - 1,
58,2026-01-26,28,2026-02-23,M0,36.0,54.0,,,not applicable -- original-scale benchmark,2025-02-23
58,2026-01-26,28,2026-02-23,M1,36.0,33.99978645220946,3.5010190860382613,0.10864574813419009,exp(m + variance/2) - 1,
58,2026-01-26,28,2026-02-23,M2,36.0,36.084543189559795,3.5588914383941086,0.10861763757676104,exp(m + variance/2) - 1,
58,2026-01-26,28,2026-02-23,M3,36.0,34.77028730265085,3.5236304509582674,0.1069742684495871,exp(m + variance/2) - 1,
58,2026-01-26,28,2026-02-23,M4,36.0,32.019232600645736,3.442350063257541,0.10948026904721339,exp(m + variance/2) - 1,
58,2026-01-26,28,2026-02-23,M5,36.0,35.28526868452874,3.5375729784593495,0.10767771816167307,exp(m + variance/2) - 1,
59,2026-01-27,28,2026-02-24,M0,32.0,44.0,,,not applicable -- original-scale benchmark,2025-02-24
59,2026-01-27,28,2026-02-24,M1,32.0,32.13765950327878,3.4463900633784794,0.10856064320406691,exp(m + variance/2) - 1,
59,2026-01-27,28,2026-02-24,M2,32.0,34.09781648222135,3.5038682027300116,0.10854143464611578,exp(m + variance/2) - 1,
59,2026-01-27,28,2026-02-24,M3,32.0,33.02269887861715,3.4735837479502383,0.10688833597551557,exp(m + variance/2) - 1,
59,2026-01-27,28,2026-02-24,M4,32.0,30.2412271831208,3.3870229737649087,0.10943126573057102,exp(m + variance/2) - 1,
59,2026-01-27,28,2026-02-24,M5,32.0,33.500659152415224,3.487180334426741,0.10759619059033262,exp(m + variance/2) - 1,
60,2026-01-28,28,2026-02-25,M0,27.0,49.0,,,not applicable -- original-scale benchmark,2025-02-25
60,2026-01-28,28,2026-02-25,M1,27.0,31.86843249768104,3.4382894564535444,0.1084464843073139,exp(m + variance/2) - 1,
60,2026-01-28,28,2026-02-25,M2,27.0,33.82076503777265,3.495999124059304,0.10842956251256206,exp(m + variance/2) - 1,
60,2026-01-28,28,2026-02-25,M3,27.0,32.81302473065816,3.4674563805725716,0.10677938950036686,exp(m + variance/2) - 1,
60,2026-01-28,28,2026-02-25,M4,27.0,29.941457163276997,3.3774411587088307,0.10931156349690346,exp(m + variance/2) - 1,
60,2026-01-28,28,2026-02-25,M5,27.0,33.242338163905245,3.479704898361239,0.10751587615610025,exp(m + variance/2) - 1,
61,2026-01-29,28,2026-02-26,M0,37.0,46.0,,,not applicable -- original-scale benchmark,2025-02-26
61,2026-01-29,28,2026-02-26,M1,37.0,31.315015927717482,3.4213519778194756,0.10836006756910752,exp(m + variance/2) - 1,
61,2026-01-29,28,2026-02-26,M2,37.0,31.24027610542492,3.4190514701270995,0.10833002307741008,exp(m + variance/2) - 1,
61,2026-01-29,28,2026-02-26,M3,37.0,31.90471001052905,3.440273678486862,0.10668426090420685,exp(m + variance/2) - 1,
61,2026-01-29,28,2026-02-26,M4,37.0,29.386519834387247,3.359383984296224,0.1092301985458583,exp(m + variance/2) - 1,
61,2026-01-29,28,2026-02-26,M5,37.0,30.14869754599178,3.3850648333486895,0.10741519736580221,exp(m + variance/2) - 1,
62,2026-01-30,28,2026-02-27,M0,35.0,43.0,,,not applicable -- original-scale benchmark,2025-02-27
62,2026-01-30,28,2026-02-27,M1,35.0,31.548739606265663,3.4286298730114475,0.10821754623942278,exp(m + variance/2) - 1,
62,2026-01-30,28,2026-02-27,M2,35.0,31.47336155538826,3.4263231545783106,0.1081939084312282,exp(m + variance/2) - 1,
62,2026-01-30,28,2026-02-27,M3,35.0,32.68585561518799,3.463804249452483,0.10654757023624578,exp(m + variance/2) - 1,
62,2026-01-30,28,2026-02-27,M4,35.0,29.57204343199415,3.365566345335676,0.10903926538020815,exp(m + variance/2) - 1,
62,2026-01-30,28,2026-02-27,M5,35.0,30.828623175541193,3.406701557534523,0.10732885452886423,exp(m + variance/2) - 1,
63,2026-01-31,28,2026-02-28,M0,42.0,36.0,,,not applicable -- original-scale benchmark,2025-02-28
63,2026-01-31,28,2026-02-28,M1,42.0,31.1488004595589,3.416321221578181,0.10810783532943116,exp(m + variance/2) - 1,
63,2026-01-31,28,2026-02-28,M2,42.0,31.079195383185045,3.414161185775861,0.10809303067273335,exp(m + variance/2) - 1,
63,2026-01-31,28,2026-02-28,M3,42.0,32.66573113097027,3.463250523017415,0.10645983316126809,exp(m + variance/2) - 1,
63,2026-01-31,28,2026-02-28,M4,42.0,29.169477837712098,3.352343567395337,0.10897435658231808,exp(m + variance/2) - 1,
63,2026-01-31,28,2026-02-28,M5,42.0,30.769224274609492,3.404906205325296,0.10718365148600204,exp(m + variance/2) - 1,
64,2026-02-01,28,2026-03-01,M0,33.0,46.0,,,not applicable -- original-scale benchmark,2025-03-01
64,2026-02-01,28,2026-03-01,M1,33.0,31.035252655538898,3.4128410338182507,0.10799181620194288,exp(m + variance/2) - 1,
64,2026-02-01,28,2026-03-01,M2,33.0,30.962666762522577,3.4105821222460526,0.10797287160132657,exp(m + variance/2) - 1,
64,2026-02-01,28,2026-03-01,M3,33.0,32.555915056485055,3.460040644134462,0.10634501890131408,exp(m + variance/2) - 1,
64,2026-02-01,28,2026-03-01,M4,33.0,29.038118973933763,3.3480406764582256,0.10885306219624549,exp(m + variance/2) - 1,
64,2026-02-01,28,2026-03-01,M5,33.0,30.648563702415505,3.401164732248427,0.10705606932329334,exp(m + variance/2) - 1,
65,2026-02-02,28,2026-03-02,M0,27.0,40.0,,,not applicable -- original-scale benchmark,2025-03-02
65,2026-02-02,28,2026-03-02,M1,27.0,31.69033698974119,3.4331316430184384,0.10789577262742375,exp(m + variance/2) - 1,
65,2026-02-02,28,2026-03-02,M2,27.0,31.618274998608392,3.430938896066316,0.10786763603582952,exp(m + variance/2) - 1,
65,2026-02-02,28,2026-03-02,M3,27.0,33.22914561151477,3.479953147803458,0.10624868840521345,exp(m + variance/2) - 1,
65,2026-02-02,28,2026-03-02,M4,27.0,29.81783117204923,3.373724498833778,0.10873791557093088,exp(m + variance/2) - 1,
65,2026-02-02,28,2026-03-02,M5,27.0,31.424778278010322,3.425429171259542,0.10698744184906132,exp(m + variance/2) - 1,
66,2026-02-03,28,2026-03-03,M0,35.0,59.0,,,not applicable -- original-scale benchmark,2025-03-03
66,2026-02-03,28,2026-03-03,M1,35.0,32.87690661947268,3.4687552773946346,0.10795656838204074,exp(m + variance/2) - 1,
66,2026-02-03,28,2026-03-03,M2,35.0,32.805372845429474,3.4666548348192605,0.10792982992174338,exp(m + variance/2) - 1,
66,2026-02-03,28,2026-03-03,M3,35.0,33.744906502163296,3.4948726338612697,0.10632070385796202,exp(m + variance/2) - 1,
66,2026-02-03,28,2026-03-03,M4,35.0,30.904054689896352,3.4083446401788375,0.10877693560197563,exp(m + variance/2) - 1,
66,2026-02-03,28,2026-03-03,M5,35.0,31.937816444360706,3.441114743636572,0.10701338007555797,exp(m + variance/2) - 1,
67,2026-02-04,28,2026-03-04,M0,28.0,34.0,,,not applicable -- original-scale benchmark,2025-03-04
67,2026-02-04,28,2026-03-04,M1,28.0,32.90149845609692,3.469515095279064,0.10788824075039355,exp(m + variance/2) - 1,
67,2026-02-04,28,2026-03-04,M2,28.0,34.91943738133272,3.5273521849381693,0.10785279053990507,exp(m + variance/2) - 1,
67,2026-02-04,28,2026-03-04,M3,28.0,34.02316592090361,3.502881941611869,0.10625556876737366,exp(m + variance/2) - 1,
67,2026-02-04,28,2026-03-04,M4,28.0,30.901513083251178,3.4082992712281124,0.108708339029321,exp(m + variance/2) - 1,
67,2026-02-04,28,2026-03-04,M5,28.0,34.46661312872732,3.515114402214037,0.10695475299178664,exp(m + variance/2) - 1,
68,2026-02-05,28,2026-03-05,M0,33.0,46.0,,,not applicable -- original-scale benchmark,2025-03-05
68,2026-02-05,28,2026-03-05,M1,33.0,29.172861896657437,3.353067727921039,0.10775035954379034,exp(m + variance/2) - 1,
68,2026-02-05,28,2026-03-05,M2,33.0,30.964829275536,3.4107745834089642,0.1077232596285296,exp(m + variance/2) - 1,
68,2026-02-05,28,2026-03-05,M3,33.0,29.76230448959968,3.373234313271954,0.10611149389350466,exp(m + variance/2) - 1,
68,2026-02-05,28,2026-03-05,M4,33.0,27.366335437576257,3.290940114262233,0.1085259117592462,exp(m + variance/2) - 1,
68,2026-02-05,28,2026-03-05,M5,33.0,30.148934935999666,3.3853716035489896,0.10681689927849308,exp(m + variance/2) - 1,
69,2026-02-06,28,2026-03-06,M0,46.0,50.0,,,not applicable -- original-scale benchmark,2025-03-06
69,2026-02-06,28,2026-03-06,M1,46.0,28.42401373117356,3.327965698507454,0.10769087204034075,exp(m + variance/2) - 1,
69,2026-02-06,28,2026-03-06,M2,46.0,30.169446489018302,3.3856143335672666,0.10764800448579134,exp(m + variance/2) - 1,
69,2026-02-06,28,2026-03-06,M3,46.0,28.280452819708856,3.323892260708666,0.10605578683770286,exp(m + variance/2) - 1,
69,2026-02-06,28,2026-03-06,M4,46.0,26.648592300991357,3.2652849734023723,0.10857968382678596,exp(m + variance/2) - 1,
69,2026-02-06,28,2026-03-06,M5,46.0,28.661802463864163,3.336457443746585,0.10680532396401082,exp(m + variance/2) - 1,
70,2026-02-07,28,2026-03-07,M0,34.0,36.0,,,not applicable -- original-scale benchmark,2025-03-07
70,2026-02-07,28,2026-03-07,M1,34.0,27.922093274464306,3.3107852733956964,0.10764100565354796,exp(m + variance/2) - 1,
70,2026-02-07,28,2026-03-07,M2,34.0,29.639111995260347,3.3684736897257817,0.10760734569740024,exp(m + variance/2) - 1,
70,2026-02-07,28,2026-03-07,M3,34.0,27.567780162566084,3.2992820213650327,0.10599498732778179,exp(m + variance/2) - 1,
70,2026-02-07,28,2026-03-07,M4,34.0,26.158305078068423,3.247419412005513,0.10852696731844455,exp(m + variance/2) - 1,
70,2026-02-07,28,2026-03-07,M5,34.0,27.94508407699544,3.3120378742520233,0.10672501598081743,exp(m + variance/2) - 1,
71,2026-02-08,28,2026-03-08,M0,34.0,43.0,,,not applicable -- original-scale benchmark,2025-03-08
71,2026-02-08,28,2026-03-08,M1,34.0,26.36620687668017,3.2553331967814585,0.10795145954388696,exp(m + variance/2) - 1,
71,2026-02-08,28,2026-03-08,M2,34.0,27.990903919693714,3.313025015779801,0.1079142141282725,exp(m + variance/2) - 1,
71,2026-02-08,28,2026-03-08,M3,34.0,26.039124418670745,3.244141936192219,0.10628586698390208,exp(m + variance/2) - 1,
71,2026-02-08,28,2026-03-08,M4,34.0,24.670967718810868,3.1909267958947436,0.1088677934242607,exp(m + variance/2) - 1,
71,2026-02-08,28,2026-03-08,M5,34.0,26.379158233731296,3.256262777370084,0.10703859636038446,exp(m + variance/2) - 1,
72,2026-02-09,28,2026-03-09,M0,38.0,48.0,,,not applicable -- original-scale benchmark,2025-03-09
72,2026-02-09,28,2026-03-09,M1,38.0,26.141961153243162,3.247163182916223,0.10783545900086056,exp(m + variance/2) - 1,
72,2026-02-09,28,2026-03-09,M2,38.0,27.75479265792265,3.3048978891082057,0.1078131307743953,exp(m + variance/2) - 1,
72,2026-02-09,28,2026-03-09,M3,38.0,25.8032375667332,3.2354362682539217,0.10617283339087275,exp(m + variance/2) - 1,
72,2026-02-09,28,2026-03-09,M4,38.0,24.623445020931975,3.189141056329717,0.10873339435529908,exp(m + variance/2) - 1,
72,2026-02-09,28,2026-03-09,M5,38.0,26.283911191865226,3.252835348103961,0.10692369346064032,exp(m + variance/2) - 1,
73,2026-02-10,28,2026-03-10,M0,33.0,49.0,,,not applicable -- original-scale benchmark,2025-03-10
73,2026-02-10,28,2026-03-10,M1,33.0,29.250477886390012,3.3558028926351735,0.10741817922816388,exp(m + variance/2) - 1,
73,2026-02-10,28,2026-03-10,M2,33.0,31.056773786037958,3.4138194679356086,0.10737808735618179,exp(m + variance/2) - 1,
73,2026-02-10,28,2026-03-10,M3,33.0,28.750032168916125,3.339925472914227,0.10580948076986486,exp(m + variance/2) - 1,
73,2026-02-10,28,2026-03-10,M4,33.0,27.59340806797316,3.299052970428886,0.10824646739374819,exp(m + variance/2) - 1,
73,2026-02-10,28,2026-03-10,M5,33.0,29.330231142258555,3.358892346115212,0.10650519293631866,exp(m + variance/2) - 1,
74,2026-02-11,28,2026-03-11,M0,31.0,52.0,,,not applicable -- original-scale benchmark,2025-03-11
74,2026-02-11,28,2026-03-11,M1,31.0,28.98489617209953,3.3470438025221383,0.10729998286198644,exp(m + variance/2) - 1,
74,2026-02-11,28,2026-03-11,M2,31.0,30.775178520781232,3.4050489065404634,0.107273057594404,exp(m + variance/2) - 1,
74,2026-02-11,28,2026-03-11,M3,31.0,28.48282507523271,3.3309557752097834,0.10570423550340713,exp(m + variance/2) - 1,
74,2026-02-11,28,2026-03-11,M4,31.0,27.32593493437723,3.2896997859776933,0.10815605556720675,exp(m + variance/2) - 1,
74,2026-02-11,28,2026-03-11,M5,31.0,29.04868881245862,3.3495914125623454,0.10645522787614006,exp(m + variance/2) - 1,
75,2026-02-12,28,2026-03-12,M0,30.0,41.0,,,not applicable -- original-scale benchmark,2025-03-12
75,2026-02-12,28,2026-03-12,M1,30.0,29.83272567267216,3.3748715568959597,0.10741018169354306,exp(m + variance/2) - 1,
75,2026-02-12,28,2026-03-12,M2,30.0,29.77880355345752,3.3731301620975636,0.10739218929972649,exp(m + variance/2) - 1,
75,2026-02-12,28,2026-03-12,M3,30.0,28.85648616277554,3.343508426583937,0.10578736307097894,exp(m + variance/2) - 1,
75,2026-02-12,28,2026-03-12,M4,30.0,28.116913841535013,3.317191687176534,0.10825509963816116,exp(m + variance/2) - 1,
75,2026-02-12,28,2026-03-12,M5,30.0,27.470697524749063,3.29562399679852,0.10650280906746107,exp(m + variance/2) - 1,
76,2026-02-13,28,2026-03-13,M0,24.0,48.0,,,not applicable -- original-scale benchmark,2025-03-13
76,2026-02-13,28,2026-03-13,M1,24.0,29.33932501616585,3.3588141934658675,0.1072610657645049,exp(m + variance/2) - 1,
76,2026-02-13,28,2026-03-13,M2,24.0,29.28502134016777,3.3570382332178887,0.10723002371914725,exp(m + variance/2) - 1,
76,2026-02-13,28,2026-03-13,M3,24.0,28.473107862354407,3.330650984816362,0.1056545297701583,exp(m + variance/2) - 1,
76,2026-02-13,28,2026-03-13,M4,24.0,27.643859243648286,3.300897675486331,0.10808281531103026,exp(m + variance/2) - 1,
76,2026-02-13,28,2026-03-13,M5,24.0,27.08620498145563,3.282098833688197,0.10635939236214159,exp(m + variance/2) - 1,
77,2026-02-14,28,2026-03-14,M0,29.0,24.0,,,not applicable -- original-scale benchmark,2025-03-14
77,2026-02-14,28,2026-03-14,M1,29.0,29.064424658407027,3.3497705722761286,0.10714399088362053,exp(m + variance/2) - 1,
77,2026-02-14,28,2026-03-14,M2,29.0,29.010825440531793,3.3479984286949422,0.10711947178990339,exp(m + variance/2) - 1,
77,2026-02-14,28,2026-03-14,M3,29.0,27.756299245607888,3.3061002324757656,0.10551322992566445,exp(m + variance/2) - 1,
77,2026-02-14,28,2026-03-14,M4,29.0,27.361867652348966,3.291049101432365,0.10799290644721372,exp(m + variance/2) - 1,
77,2026-02-14,28,2026-03-14,M5,29.0,26.41336523642819,3.257919404814011,0.10622254400853649,exp(m + variance/2) - 1,
78,2026-02-15,28,2026-03-15,M0,20.0,27.0,,,not applicable -- original-scale benchmark,2025-03-15
78,2026-02-15,28,2026-03-15,M1,20.0,29.86471288475445,3.3759974988813632,0.10723210925826623,exp(m + variance/2) - 1,
78,2026-02-15,28,2026-03-15,M2,20.0,29.815433831854634,3.374405718841727,0.10721988813349037,exp(m + variance/2) - 1,
78,2026-02-15,28,2026-03-15,M3,20.0,28.36569534814623,3.3270484732046697,0.10555738995363081,exp(m + variance/2) - 1,
78,2026-02-15,28,2026-03-15,M4,20.0,28.118099359223617,3.317322250436146,0.10807540300955618,exp(m + variance/2) - 1,
78,2026-02-15,28,2026-03-15,M5,20.0,27.00820661765493,3.2793757937817145,0.10624353387532023,exp(m + variance/2) - 1,
79,2026-02-16,28,2026-03-16,M0,33.0,43.0,,,not applicable -- original-scale benchmark,2025-03-16
79,2026-02-16,28,2026-03-16,M1,33.0,31.50474011234877,3.427554251497872,0.10766335362706157,exp(m + variance/2) - 1,
79,2026-02-16,28,2026-03-16,M2,33.0,31.454043442743014,3.4259933895272727,0.10766330236717406,exp(m + variance/2) - 1,
79,2026-02-16,28,2026-03-16,M3,33.0,29.730032861426473,3.372308727782056,0.10586343543911979,exp(m + variance/2) - 1,
79,2026-02-16,28,2026-03-16,M4,33.0,30.41563069669049,3.3931499040151176,0.10831131585908862,exp(m + variance/2) - 1,
79,2026-02-16,28,2026-03-16,M5,33.0,28.940922821742276,3.346037881024409,0.10637663972311077,exp(m + variance/2) - 1,
80,2026-02-17,28,2026-03-17,M0,44.0,39.0,,,not applicable -- original-scale benchmark,2025-03-17
80,2026-02-17,28,2026-03-17,M1,44.0,31.071556501700258,3.4142161017251107,0.10750689062217283,exp(m + variance/2) - 1,
80,2026-02-17,28,2026-03-17,M2,44.0,31.020732936279096,3.412631869131823,0.10750345625455199,exp(m + variance/2) - 1,
80,2026-02-17,28,2026-03-17,M3,44.0,29.64574820596421,3.369618150843664,0.1057515621329494,exp(m + variance/2) - 1,
80,2026-02-17,28,2026-03-17,M4,44.0,30.10877900469623,3.3833853644976437,0.10820939592473522,exp(m + variance/2) - 1,
80,2026-02-17,28,2026-03-17,M5,44.0,28.90549268075872,3.344926011602543,0.10623230724124655,exp(m + variance/2) - 1,
81,2026-02-18,28,2026-03-18,M0,39.0,38.0,,,not applicable -- original-scale benchmark,2025-03-18
81,2026-02-18,28,2026-03-18,M1,39.0,32.93223621356189,3.470241766029971,0.10824743454350119,exp(m + variance/2) - 1,
81,2026-02-18,28,2026-03-18,M2,39.0,32.43338264970585,3.4554782925850636,0.1081531775592127,exp(m + variance/2) - 1,
81,2026-02-18,28,2026-03-18,M3,39.0,31.46155401384805,3.4268871427534293,0.10633858584103126,exp(m + variance/2) - 1,
81,2026-02-18,28,2026-03-18,M4,39.0,32.144121013259785,3.446422553764809,0.10888560427974692,exp(m + variance/2) - 1,
81,2026-02-18,28,2026-03-18,M5,39.0,30.38103501429101,3.392813970877217,0.1067795182614781,exp(m + variance/2) - 1,
82,2026-02-19,28,2026-03-19,M0,29.0,41.0,,,not applicable -- original-scale benchmark,2025-03-19
82,2026-02-19,28,2026-03-19,M1,29.0,32.19012612720795,3.4482609968177806,0.1079828581275897,exp(m + variance/2) - 1,
82,2026-02-19,28,2026-03-19,M2,29.0,31.413176354591698,3.4246770946678993,0.10777584614062552,exp(m + variance/2) - 1,
82,2026-02-19,28,2026-03-19,M3,29.0,30.671929482657436,3.4023726407221324,0.10611628518151284,exp(m + variance/2) - 1,
82,2026-02-19,28,2026-03-19,M4,29.0,31.47146640383683,3.4260277630789133,0.10866796764390982,exp(m + variance/2) - 1,
82,2026-02-19,28,2026-03-19,M5,29.0,29.358083867037085,3.359837372512767,0.1064509285779007,exp(m + variance/2) - 1,
83,2026-02-20,28,2026-03-20,M0,43.0,38.0,,,not applicable -- original-scale benchmark,2025-03-20
83,2026-02-20,28,2026-03-20,M1,43.0,31.654219608666793,3.4320783977596183,0.10779137448761444,exp(m + variance/2) - 1,
83,2026-02-20,28,2026-03-20,M2,43.0,30.664279430117745,3.4014332294258316,0.10751196849513284,exp(m + variance/2) - 1,
83,2026-02-20,28,2026-03-20,M3,43.0,30.3640477043453,3.39270981238951,0.10590489393697024,exp(m + variance/2) - 1,
83,2026-02-20,28,2026-03-20,M4,43.0,31.001612325091216,3.4115378803481953,0.10849681268268421,exp(m + variance/2) - 1,
83,2026-02-20,28,2026-03-20,M5,43.0,28.861397555929223,3.343461696763645,0.10620979573330566,exp(m + variance/2) - 1,
84,2026-02-21,28,2026-03-21,M0,34.0,32.0,,,not applicable -- original-scale benchmark,2025-03-21
84,2026-02-21,28,2026-03-21,M1,34.0,29.07925988613304,3.350156299392344,0.10735918907458081,exp(m + variance/2) - 1,
84,2026-02-21,28,2026-03-21,M2,34.0,28.092025467584318,3.3168761746698423,0.10717584607490296,exp(m + variance/2) - 1,
84,2026-02-21,28,2026-03-21,M3,34.0,27.939716626500292,3.3124418818571977,0.10554609507879835,exp(m + variance/2) - 1,
84,2026-02-21,28,2026-03-21,M4,34.0,28.458244367412732,3.328925709503047,0.10809621196296065,exp(m + variance/2) - 1,
84,2026-02-21,28,2026-03-21,M5,34.0,26.440691398342235,3.2590183212299833,0.10601735608571523,exp(m + variance/2) - 1,
85,2026-02-22,28,2026-03-22,M0,26.0,38.0,,,not applicable -- original-scale benchmark,2025-03-22
85,2026-02-22,28,2026-03-22,M1,26.0,27.908276030675772,3.3105092344916995,0.10723737494938967,exp(m + variance/2) - 1,
85,2026-02-22,28,2026-03-22,M2,26.0,26.87100287239765,3.274027754742344,0.10711814008748424,exp(m + variance/2) - 1,
85,2026-02-22,28,2026-03-22,M3,26.0,26.78068364462247,3.2716078349528015,0.10546622261652736,exp(m + variance/2) - 1,
85,2026-02-22,28,2026-03-22,M4,26.0,27.32529153221654,3.289770572804671,0.10796905291191441,exp(m + variance/2) - 1,
85,2026-02-22,28,2026-03-22,M5,26.0,25.249844671695257,3.2146403502329157,0.10603944303691579,exp(m + variance/2) - 1,
86,2026-02-23,28,2026-03-23,M0,39.0,40.0,,,not applicable -- original-scale benchmark,2025-03-23
86,2026-02-23,28,2026-03-23,M1,39.0,28.190013895331287,3.3202840909905365,0.10708513981181494,exp(m + variance/2) - 1,
86,2026-02-23,28,2026-03-23,M2,39.0,27.020747499294302,3.2794682000928983,0.10695403561649526,exp(m + variance/2) - 1,
86,2026-02-23,28,2026-03-23,M3,39.0,26.985791507540064,3.2790547634510814,0.10528434354092794,exp(m + variance/2) - 1,
86,2026-02-23,28,2026-03-23,M4,39.0,28.09062095521518,3.316548301133866,0.10773503429601178,exp(m + variance/2) - 1,
86,2026-02-23,28,2026-03-23,M5,39.0,25.715259537052845,3.232352449674304,0.10576494143845613,exp(m + variance/2) - 1,
87,2026-02-24,28,2026-03-24,M0,44.0,43.0,,,not applicable -- original-scale benchmark,2025-03-24
87,2026-02-24,28,2026-03-24,M1,44.0,27.64117223066952,3.3013412719235955,0.10700799834611802,exp(m + variance/2) - 1,
87,2026-02-24,28,2026-03-24,M2,44.0,26.418153995865357,3.25775330406299,0.10690408906453326,exp(m + variance/2) - 1,
87,2026-02-24,28,2026-03-24,M3,44.0,26.66564026599538,3.26757711182125,0.10522821559923165,exp(m + variance/2) - 1,
87,2026-02-24,28,2026-03-24,M4,44.0,27.650794304720005,3.3013570196101916,0.10764829517855865,exp(m + variance/2) - 1,
87,2026-02-24,28,2026-03-24,M5,44.0,25.390012027145115,3.220108870456826,0.10575347160922571,exp(m + variance/2) - 1,
88,2026-02-25,28,2026-03-25,M0,24.0,47.0,,,not applicable -- original-scale benchmark,2025-03-25
88,2026-02-25,28,2026-03-25,M1,24.0,26.405164408556043,3.257219808908059,0.10702333757908475,exp(m + variance/2) - 1,
88,2026-02-25,28,2026-03-25,M2,24.0,25.188444428136496,3.211815377110274,0.10700576800674746,exp(m + variance/2) - 1,
88,2026-02-25,28,2026-03-25,M3,24.0,25.407859824332178,3.221012445733023,0.10529848145580338,exp(m + variance/2) - 1,
88,2026-02-25,28,2026-03-25,M4,24.0,26.497649262253688,3.260260513033223,0.10768001322593701,exp(m + variance/2) - 1,
88,2026-02-25,28,2026-03-25,M5,24.0,24.216463369925627,3.17453724790516,0.10591968325922721,exp(m + variance/2) - 1,
89,2026-02-26,28,2026-03-26,M0,22.0,36.0,,,not applicable -- original-scale benchmark,2025-03-26
89,2026-02-26,28,2026-03-26,M1,22.0,27.076017279412362,3.281507388471334,0.10681669169602176,exp(m + variance/2) - 1,
89,2026-02-26,28,2026-03-26,M2,22.0,26.141403314359497,3.247720218743762,0.10668028164873108,exp(m + variance/2) - 1,
89,2026-02-26,28,2026-03-26,M3,22.0,26.04314626531605,3.2449111194299256,0.1050449618836751,exp(m + variance/2) - 1,
89,2026-02-26,28,2026-03-26,M4,22.0,27.24678523053862,3.28725040217037,0.10745850359523518,exp(m + variance/2) - 1,
89,2026-02-26,28,2026-03-26,M5,22.0,25.229136244164362,3.214121114798428,0.10549949692870543,exp(m + variance/2) - 1,
90,2026-02-27,28,2026-03-27,M0,22.0,24.0,,,not applicable -- original-scale benchmark,2025-03-27
90,2026-02-27,28,2026-03-27,M1,22.0,27.152454667188024,3.2842970202859574,0.10667506008590105,exp(m + variance/2) - 1,
90,2026-02-27,28,2026-03-27,M2,22.0,26.37279653422903,3.2562938677251028,0.1065116505432113,exp(m + variance/2) - 1,
90,2026-02-27,28,2026-03-27,M3,22.0,26.026449527714774,3.244350201255997,0.10493159475814866,exp(m + variance/2) - 1,
90,2026-02-27,28,2026-03-27,M4,22.0,27.383412405559444,3.2921431183595318,0.10732357189077679,exp(m + variance/2) - 1,
90,2026-02-27,28,2026-03-27,M5,22.0,25.428039654006557,3.221774266523611,0.10530257619442882,exp(m + variance/2) - 1,
91,2026-02-28,28,2026-03-28,M0,26.0,46.0,,,not applicable -- original-scale benchmark,2025-03-28
91,2026-02-28,28,2026-03-28,M1,26.0,28.239716976914146,3.3221830643912127,0.10668978226283693,exp(m + variance/2) - 1,
91,2026-02-28,28,2026-03-28,M2,26.0,27.61208987730371,3.300576289869216,0.10650612323409893,exp(m + variance/2) - 1,
91,2026-02-28,28,2026-03-28,M3,26.0,26.896233669337303,3.2760452053439715,0.10489296088056996,exp(m + variance/2) - 1,
91,2026-02-28,28,2026-03-28,M4,26.0,28.528622822151583,3.3316865213437152,0.10734707351350774,exp(m + variance/2) - 1,
91,2026-02-28,28,2026-03-28,M5,26.0,26.48097754955768,3.2608608549328264,0.10526636983324457,exp(m + variance/2) - 1,
92,2026-03-01,28,2026-03-29,M0,25.0,38.0,,,not applicable -- original-scale benchmark,2025-03-29
92,2026-03-01,28,2026-03-29,M1,25.0,27.74306791410245,3.305115347088143,0.10656255010170747,exp(m + variance/2) - 1,
92,2026-03-01,28,2026-03-29,M2,25.0,27.21589285697219,3.2866962177031445,0.10637835595942399,exp(m + variance/2) - 1,
92,2026-03-01,28,2026-03-29,M3,25.0,26.3368997295213,3.255849233170504,0.10477638964690691,exp(m + variance/2) - 1,
92,2026-03-01,28,2026-03-29,M4,25.0,28.06447518367168,3.3159119745640453,0.10720933956652351,exp(m + variance/2) - 1,
92,2026-03-01,28,2026-03-29,M5,25.0,26.06574661672031,3.2457087461915997,0.10512043947418,exp(m + variance/2) - 1,
93,2026-03-02,28,2026-03-30,M0,44.0,39.0,,,not applicable -- original-scale benchmark,2025-03-30
93,2026-03-02,28,2026-03-30,M1,44.0,26.45966702544004,3.2595265329246934,0.10638348307652945,exp(m + variance/2) - 1,
93,2026-03-02,28,2026-03-30,M2,44.0,26.01377984400846,3.2432483981289293,0.10619740455318341,exp(m + variance/2) - 1,
93,2026-03-02,28,2026-03-30,M3,44.0,25.058494531065477,3.2080313313270996,0.10462493872682992,exp(m + variance/2) - 1,
93,2026-03-02,28,2026-03-30,M4,44.0,27.0826914844676,3.2816521700891985,0.10700251012298198,exp(m + variance/2) - 1,
93,2026-03-02,28,2026-03-30,M5,44.0,25.11626064857815,3.210078517142964,0.10495923309783395,exp(m + variance/2) - 1,
94,2026-03-03,28,2026-03-31,M0,26.0,38.0,,,not applicable -- original-scale benchmark,2025-03-31
94,2026-03-03,28,2026-03-31,M1,26.0,26.815430648728437,3.2724459559067243,0.10628994021641508,exp(m + variance/2) - 1,
94,2026-03-03,28,2026-03-31,M2,26.0,26.442068381886234,3.259009460903106,0.1061354349247939,exp(m + variance/2) - 1,
94,2026-03-03,28,2026-03-31,M3,26.0,25.423189202698197,3.2219801778019006,0.10452365138294278,exp(m + variance/2) - 1,
94,2026-03-03,28,2026-03-31,M4,26.0,27.45598038943212,3.2948907096142,0.10693527175531706,exp(m + variance/2) - 1,
94,2026-03-03,28,2026-03-31,M5,26.0,25.567190568822852,3.227237696578406,0.10487864127425103,exp(m + variance/2) - 1,
95,2026-03-04,28,2026-04-01,M0,18.0,35.0,,,not applicable -- original-scale benchmark,2025-04-01
95,2026-03-04,28,2026-04-01,M1,18.0,25.82214506209646,3.2361206354640766,0.1062144382703403,exp(m + variance/2) - 1,
95,2026-03-04,28,2026-04-01,M2,18.0,25.329815561392017,3.2176882562043714,0.10602742478969335,exp(m + variance/2) - 1,
95,2026-03-04,28,2026-04-01,M3,18.0,24.47002947125136,3.1852542702418103,0.10449635169104704,exp(m + variance/2) - 1,
95,2026-03-04,28,2026-04-01,M4,18.0,26.44680393033143,3.2588329260547817,0.10683360542293263,exp(m + variance/2) - 1,
95,2026-03-04,28,2026-04-01,M5,18.0,24.456153071118095,3.184559661824335,0.10479564583523693,exp(m + variance/2) - 1,
96,2026-03-05,28,2026-04-02,M0,19.0,31.0,,,not applicable -- original-scale benchmark,2025-04-02
96,2026-03-05,28,2026-04-02,M1,19.0,25.95601201046633,3.241147629281544,0.10611744672101693,exp(m + variance/2) - 1,
96,2026-03-05,28,2026-04-02,M2,19.0,25.34317458430582,3.2182466219789005,0.10592518079209413,exp(m + variance/2) - 1,
96,2026-03-05,28,2026-04-02,M3,19.0,24.65075076814807,3.1923895178163875,0.1043666461708326,exp(m + variance/2) - 1,
96,2026-03-05,28,2026-04-02,M4,19.0,26.592818928159044,3.264190840811559,0.10672942859104873,exp(m + variance/2) - 1,
96,2026-03-05,28,2026-04-02,M5,19.0,24.5128754422157,3.186846250273267,0.10467398752966209,exp(m + variance/2) - 1,
97,2026-03-06,28,2026-04-03,M0,19.0,32.0,,,not applicable -- original-scale benchmark,2025-04-03
97,2026-03-06,28,2026-04-03,M1,19.0,27.67564598500585,3.3029394794223625,0.10621742230242208,exp(m + variance/2) - 1,
97,2026-03-06,28,2026-04-03,M2,19.0,26.842853501425136,3.273566330074337,0.10601999319742977,exp(m + variance/2) - 1,
97,2026-03-06,28,2026-04-03,M3,19.0,26.491910340187186,3.261626673360002,0.10453023717693072,exp(m + variance/2) - 1,
97,2026-03-06,28,2026-04-03,M4,19.0,28.358296441035538,3.326132025369512,0.10688630713580657,exp(m + variance/2) - 1,
97,2026-03-06,28,2026-04-03,M5,19.0,26.166738380813996,3.2495750575606994,0.10483662759817611,exp(m + variance/2) - 1,
98,2026-03-07,28,2026-04-04,M0,26.0,37.0,,,not applicable -- original-scale benchmark,2025-04-04
98,2026-03-07,28,2026-04-04,M1,26.0,27.357020851539023,3.291812968797569,0.10612335960097649,exp(m + variance/2) - 1,
98,2026-03-07,28,2026-04-04,M2,26.0,26.45340329316219,3.2595476071075944,0.10588506939766572,exp(m + variance/2) - 1,
98,2026-03-07,28,2026-04-04,M3,26.0,26.342107893420827,3.256196800749973,0.10446225364224652,exp(m + variance/2) - 1,
98,2026-03-07,28,2026-04-04,M4,26.0,28.035628231676007,3.315138941340502,0.10676938859399407,exp(m + variance/2) - 1,
98,2026-03-07,28,2026-04-04,M5,26.0,25.916506663103245,3.240372841164272,0.1047337756957664,exp(m + variance/2) - 1,
99,2026-03-08,28,2026-04-05,M0,25.0,45.0,,,not applicable -- original-scale benchmark,2025-04-05
99,2026-03-08,28,2026-04-05,M1,25.0,27.30356562227814,3.2899583955347573,0.10605878979593615,exp(m + variance/2) - 1,
99,2026-03-08,28,2026-04-05,M2,25.0,26.317049268710775,3.2546125049941317,0.1057970352112466,exp(m + variance/2) - 1,
99,2026-03-08,28,2026-04-05,M3,25.0,26.416078386082717,3.258926535906943,0.1044062155952943,exp(m + variance/2) - 1,
99,2026-03-08,28,2026-04-05,M4,25.0,27.979831133409466,3.3132470478773923,0.1067061239873249,exp(m + variance/2) - 1,
99,2026-03-08,28,2026-04-05,M5,25.0,25.894492718229525,3.2395740438287515,0.10469498030864784,exp(m + variance/2) - 1,
100,2026-03-09,28,2026-04-06,M0,25.0,27.0,,,not applicable -- original-scale benchmark,2025-04-06
100,2026-03-09,28,2026-04-06,M1,25.0,27.82715258595589,3.308266107175471,0.10610326786978114,exp(m + variance/2) - 1,
100,2026-03-09,28,2026-04-06,M2,25.0,26.734955430488593,3.2697838667564096,0.10581935954468281,exp(m + variance/2) - 1,
100,2026-03-09,28,2026-04-06,M3,25.0,27.028684296499335,3.2809573860862224,0.10454207773994875,exp(m + variance/2) - 1,
100,2026-03-09,28,2026-04-06,M4,25.0,28.45126773413111,3.3293370243948686,0.1067998635511806,exp(m + variance/2) - 1,
100,2026-03-09,28,2026-04-06,M5,25.0,26.355894375042332,3.256521497780753,0.10482104864366429,exp(m + variance/2) - 1,
101,2026-03-10,28,2026-04-07,M0,34.0,37.0,,,not applicable -- original-scale benchmark,2025-04-07
101,2026-03-10,28,2026-04-07,M1,34.0,27.44082458781774,3.2948312705889213,0.10598865574314777,exp(m + variance/2) - 1,
101,2026-03-10,28,2026-04-07,M2,34.0,26.318918951559795,3.2547348926231074,0.10568914288303144,exp(m + variance/2) - 1,
101,2026-03-10,28,2026-04-07,M3,34.0,26.361387254980244,3.256906474281757,0.10445264190219636,exp(m + variance/2) - 1,
101,2026-03-10,28,2026-04-07,M4,34.0,28.038190623792357,3.3152814670444988,0.1066608292554748,exp(m + variance/2) - 1,
101,2026-03-10,28,2026-04-07,M5,34.0,25.630712351713786,3.229751304695676,0.10462768948573388,exp(m + variance/2) - 1,
102,2026-03-11,28,2026-04-08,M0,27.0,26.0,,,not applicable -- original-scale benchmark,2025-04-08
102,2026-03-11,28,2026-04-08,M1,27.0,26.893762814787298,3.275490713024551,0.1058247915701493,exp(m + variance/2) - 1,
102,2026-03-11,28,2026-04-08,M2,27.0,25.756389506418344,3.2340099097784556,0.10552679018812294,exp(m + variance/2) - 1,
102,2026-03-11,28,2026-04-08,M3,27.0,25.966498636447085,3.242454563904756,0.10428148087613336,exp(m + variance/2) - 1,
102,2026-03-11,28,2026-04-08,M4,27.0,27.45641149999191,3.2951279225446575,0.10649114583755896,exp(m + variance/2) - 1,
102,2026-03-11,28,2026-04-08,M5,27.0,25.17753719166441,3.212638918438744,0.10452553097802422,exp(m + variance/2) - 1,
103,2026-03-12,28,2026-04-09,M0,25.0,28.0,,,not applicable -- original-scale benchmark,2025-04-09
103,2026-03-12,28,2026-04-09,M1,25.0,26.312025990375933,3.2545011804056787,0.10565187451217083,exp(m + variance/2) - 1,
103,2026-03-12,28,2026-04-09,M2,25.0,25.38053370717378,3.2199219880358205,0.10540878111283766,exp(m + variance/2) - 1,
103,2026-03-12,28,2026-04-09,M3,25.0,25.67663146244721,3.231716463812345,0.1041429844685471,exp(m + variance/2) - 1,
103,2026-03-12,28,2026-04-09,M4,25.0,26.83591838319764,3.2731606376414906,0.10633315455505177,exp(m + variance/2) - 1,
103,2026-03-12,28,2026-04-09,M5,25.0,25.10971532633411,3.2101015779000868,0.10441180378369508,exp(m + variance/2) - 1,
104,2026-03-13,28,2026-04-10,M0,23.0,33.0,,,not applicable -- original-scale benchmark,2025-04-10
104,2026-03-13,28,2026-04-10,M1,23.0,24.77116031956543,3.196468499344141,0.10557510057770761,exp(m + variance/2) - 1,
104,2026-03-13,28,2026-04-10,M2,23.0,23.971739904143156,3.165070461348368,0.10534864059450957,exp(m + variance/2) - 1,
104,2026-03-13,28,2026-04-10,M3,23.0,24.250135778169014,3.1768683668566755,0.10392633240692768,exp(m + variance/2) - 1,
104,2026-03-13,28,2026-04-10,M4,23.0,25.240683978309953,3.214189242174316,0.1062435756168438,exp(m + variance/2) - 1,
104,2026-03-13,28,2026-04-10,M5,23.0,23.80549364018232,3.1589390173788248,0.10425225801993007,exp(m + variance/2) - 1,
105,2026-03-14,28,2026-04-11,M0,27.0,32.0,,,not applicable -- original-scale benchmark,2025-04-11
105,2026-03-14,28,2026-04-11,M1,27.0,24.521383150343773,3.186774583808785,0.10548414376058153,exp(m + variance/2) - 1,
105,2026-03-14,28,2026-04-11,M2,27.0,23.864891959238147,3.160833799478839,0.10524609516888248,exp(m + variance/2) - 1,
105,2026-03-14,28,2026-04-11,M3,27.0,24.248056755485347,3.1768221456855046,0.10385409379095907,exp(m + variance/2) - 1,
105,2026-03-14,28,2026-04-11,M4,27.0,24.98643908677267,3.2045133178065193,0.10612302112495794,exp(m + variance/2) - 1,
105,2026-03-14,28,2026-04-11,M5,27.0,23.934593108196676,3.1641763798210807,0.10415948188934576,exp(m + variance/2) - 1,
106,2026-03-15,28,2026-04-12,M0,21.0,26.0,,,not applicable -- original-scale benchmark,2025-04-12
106,2026-03-15,28,2026-04-12,M1,21.0,22.5613312358027,3.106673170537219,0.10586738143240176,exp(m + variance/2) - 1,
106,2026-03-15,28,2026-04-12,M2,21.0,22.008214782640376,3.0830664220953397,0.10556978905678377,exp(m + variance/2) - 1,
106,2026-03-15,28,2026-04-12,M3,21.0,22.390614608026745,3.100318460009709,0.10403279354146172,exp(m + variance/2) - 1,
106,2026-03-15,28,2026-04-12,M4,21.0,22.966575445140595,3.12338460674955,0.10655112623762536,exp(m + variance/2) - 1,
106,2026-03-15,28,2026-04-12,M5,21.0,22.15549030284027,3.090085400216076,0.1042930286148206,exp(m + variance/2) - 1,
107,2026-03-16,28,2026-04-13,M0,30.0,24.0,,,not applicable -- original-scale benchmark,2025-04-13
107,2026-03-16,28,2026-04-13,M1,30.0,23.338500350634323,3.139289286224675,0.1055403737814766,exp(m + variance/2) - 1,
107,2026-03-16,28,2026-04-13,M2,30.0,22.877715243174865,3.120319758060936,0.10525169860440389,exp(m + variance/2) - 1,
107,2026-03-16,28,2026-04-13,M3,30.0,23.2101800414726,3.1348674823443505,0.10381145047047681,exp(m + variance/2) - 1,
107,2026-03-16,28,2026-04-13,M4,30.0,23.86764179579096,3.1604444026503486,0.10624605886068625,exp(m + variance/2) - 1,
107,2026-03-16,28,2026-04-13,M5,30.0,23.176759417302506,3.1333151115904894,0.10415341095848987,exp(m + variance/2) - 1,
108,2026-03-17,28,2026-04-14,M0,22.0,35.0,,,not applicable -- original-scale benchmark,2025-04-14
108,2026-03-17,28,2026-04-14,M1,22.0,25.073189324207437,3.208244113822464,0.10532688717471889,exp(m + variance/2) - 1,
108,2026-03-17,28,2026-04-14,M2,22.0,24.681255521606072,3.1932076973610504,0.10510734258771273,exp(m + variance/2) - 1,
108,2026-03-17,28,2026-04-14,M3,22.0,24.85095743511607,3.2004550627372277,0.10378515128051105,exp(m + variance/2) - 1,
108,2026-03-17,28,2026-04-14,M4,22.0,25.65707231384564,3.23002220683005,0.10606457241123804,exp(m + variance/2) - 1,
108,2026-03-17,28,2026-04-14,M5,22.0,24.93190505124946,3.2033405060931877,0.10426711952346929,exp(m + variance/2) - 1,
109,2026-03-18,28,2026-04-15,M0,24.0,37.0,,,not applicable -- original-scale benchmark,2025-04-15
109,2026-03-18,28,2026-04-15,M1,24.0,25.88628948324367,3.2389257591516993,0.10538142576989068,exp(m + variance/2) - 1,
109,2026-03-18,28,2026-04-15,M2,24.0,25.55752037780785,3.226697387433284,0.10523114709483719,exp(m + variance/2) - 1,
109,2026-03-18,28,2026-04-15,M3,24.0,25.499927385681794,3.225193153995985,0.1038976776589722,exp(m + variance/2) - 1,
109,2026-03-18,28,2026-04-15,M4,24.0,26.474024434674508,3.260171438768539,0.10613910701712118,exp(m + variance/2) - 1,
109,2026-03-18,28,2026-04-15,M5,24.0,25.674719784980617,3.2314684967781293,0.10449559114805868,exp(m + variance/2) - 1,
110,2026-03-19,28,2026-04-16,M0,25.0,26.0,,,not applicable -- original-scale benchmark,2025-04-16
110,2026-03-19,28,2026-04-16,M1,25.0,25.215665418096926,3.21377858685432,0.10515712390601227,exp(m + variance/2) - 1,
110,2026-03-19,28,2026-04-16,M2,25.0,24.94494407092996,3.203463306705624,0.10502690086717655,exp(m + variance/2) - 1,
110,2026-03-19,28,2026-04-16,M3,25.0,24.833841915806385,3.1998519968671335,0.1036666753874872,exp(m + variance/2) - 1,
110,2026-03-19,28,2026-04-16,M4,25.0,25.744153186998545,3.233353251969966,0.10592525006591672,exp(m + variance/2) - 1,
110,2026-03-19,28,2026-04-16,M5,25.0,25.035362173512855,3.2073250713899175,0.10426125230460648,exp(m + variance/2) - 1,
111,2026-03-20,28,2026-04-17,M0,20.0,45.0,,,not applicable -- original-scale benchmark,2025-04-17
111,2026-03-20,28,2026-04-17,M1,20.0,26.77753397210346,3.2713959690326933,0.10566318890108063,exp(m + variance/2) - 1,
111,2026-03-20,28,2026-04-17,M2,20.0,26.552235714785702,3.263282833577696,0.105601699801088,exp(m + variance/2) - 1,
111,2026-03-20,28,2026-04-17,M3,20.0,27.099292738536885,3.283618684583076,0.10425144398556399,exp(m + variance/2) - 1,
111,2026-03-20,28,2026-04-17,M4,20.0,27.35146173302941,3.291472550193121,0.10641207779881393,exp(m + variance/2) - 1,
111,2026-03-20,28,2026-04-17,M5,20.0,27.342272234255006,3.291890285714795,0.1049282459429513,exp(m + variance/2) - 1,
112,2026-03-21,28,2026-04-18,M0,13.0,28.0,,,not applicable -- original-scale benchmark,2025-04-18
112,2026-03-21,28,2026-04-18,M1,13.0,26.663437577853138,3.2673109618194904,0.10560127288776291,exp(m + variance/2) - 1,
112,2026-03-21,28,2026-04-18,M2,13.0,26.48018025393774,3.26069099453973,0.10554806450413234,exp(m + variance/2) - 1,
112,2026-03-21,28,2026-04-18,M3,13.0,26.837614177329733,3.2742958282428485,0.10418461179546122,exp(m + variance/2) - 1,
112,2026-03-21,28,2026-04-18,M4,13.0,27.205827297214714,3.286359203732816,0.10633878921797967,exp(m + variance/2) - 1,
112,2026-03-21,28,2026-04-18,M5,13.0,27.112440455940796,3.283776865965514,0.10487066650842122,exp(m + variance/2) - 1,
113,2026-03-22,28,2026-04-19,M0,34.0,25.0,,,not applicable -- original-scale benchmark,2025-04-19
113,2026-03-22,28,2026-04-19,M1,34.0,25.402963945996444,3.2208825958743925,0.10518735731536005,exp(m + variance/2) - 1,
113,2026-03-22,28,2026-04-19,M2,34.0,25.251400970637984,3.2151521995028642,0.1051343168412853,exp(m + variance/2) - 1,
113,2026-03-22,28,2026-04-19,M3,34.0,25.529157312433885,3.226378715797774,0.10373137655073048,exp(m + variance/2) - 1,
113,2026-03-22,28,2026-04-19,M4,34.0,25.8827545203857,3.2385101754346493,0.10594961937370867,exp(m + variance/2) - 1,
113,2026-03-22,28,2026-04-19,M5,34.0,25.808248511735083,3.2365097871516677,0.10439966659825839,exp(m + variance/2) - 1,
114,2026-03-23,28,2026-04-20,M0,28.0,24.0,,,not applicable -- original-scale benchmark,2025-04-20
114,2026-03-23,28,2026-04-20,M1,28.0,26.509224974492298,3.261787060791596,0.10546868249369185,exp(m + variance/2) - 1,
114,2026-03-23,28,2026-04-20,M2,28.0,26.383010163433568,3.2571874099199243,0.10547068825012695,exp(m + variance/2) - 1,
114,2026-03-23,28,2026-04-20,M3,28.0,26.595434143191145,3.26563568001424,0.10402929885871141,exp(m + variance/2) - 1,
114,2026-03-23,28,2026-04-20,M4,28.0,26.99876551478436,3.279044447441035,0.10623194600905927,exp(m + variance/2) - 1,
114,2026-03-23,28,2026-04-20,M5,28.0,26.901045902761428,3.2762571447651423,0.10481406182742013,exp(m + variance/2) - 1,
115,2026-03-24,28,2026-04-21,M0,20.0,32.0,,,not applicable -- original-scale benchmark,2025-04-21
115,2026-03-24,28,2026-04-21,M1,20.0,27.860879796733524,3.3095402758486427,0.10589352403945211,exp(m + variance/2) - 1,
115,2026-03-24,28,2026-04-21,M2,20.0,27.760096802984325,3.3060152618360634,0.10594727380139624,exp(m + variance/2) - 1,
115,2026-03-24,28,2026-04-21,M3,20.0,27.71072792107751,3.3050350952926086,0.10447150557691082,exp(m + variance/2) - 1,
115,2026-03-24,28,2026-04-21,M4,20.0,28.352419864506697,3.3260167034286554,0.10671657596381595,exp(m + variance/2) - 1,
115,2026-03-24,28,2026-04-21,M5,20.0,28.048090332391613,3.316280629795693,0.10534422814873681,exp(m + variance/2) - 1,
116,2026-03-25,28,2026-04-22,M0,28.0,29.0,,,not applicable -- original-scale benchmark,2025-04-22
116,2026-03-25,28,2026-04-22,M1,28.0,25.822748566715628,3.2366092789521352,0.10528215126185231,exp(m + variance/2) - 1,
116,2026-03-25,28,2026-04-22,M2,28.0,25.733356401545347,3.233260749829972,0.10530267854942735,exp(m + variance/2) - 1,
116,2026-03-25,28,2026-04-22,M3,28.0,25.528544111244642,3.2262647048651383,0.10391316941076273,exp(m + variance/2) - 1,
116,2026-03-25,28,2026-04-22,M4,28.0,26.17325401374619,3.2491887802927613,0.10608880185251757,exp(m + variance/2) - 1,
116,2026-03-25,28,2026-04-22,M5,28.0,25.78574153893654,3.2355570907282827,0.10462524615996585,exp(m + variance/2) - 1,
117,2026-03-26,28,2026-04-23,M0,29.0,27.0,,,not applicable -- original-scale benchmark,2025-04-23
117,2026-03-26,28,2026-04-23,M1,29.0,24.167494463091597,3.1730458628655933,0.10501479350700653,exp(m + variance/2) - 1,
117,2026-03-26,28,2026-04-23,M2,29.0,24.09796389449603,3.1703086435300984,0.10495615915212293,exp(m + variance/2) - 1,
117,2026-03-26,28,2026-04-23,M3,29.0,23.812717067023602,3.1595528422118253,0.10360692898092094,exp(m + variance/2) - 1,
117,2026-03-26,28,2026-04-23,M4,29.0,24.442434751540755,3.1835249674230344,0.10578694422343882,exp(m + variance/2) - 1,
117,2026-03-26,28,2026-04-23,M5,29.0,24.00384798472484,3.1669019600740604,0.10425554467752039,exp(m + variance/2) - 1,
118,2026-03-27,28,2026-04-24,M0,16.0,39.0,,,not applicable -- original-scale benchmark,2025-04-24
118,2026-03-27,28,2026-04-24,M1,16.0,22.884103286597647,3.1206898668481315,0.10504647267459523,exp(m + variance/2) - 1,
118,2026-03-27,28,2026-04-24,M2,16.0,22.829902251990326,3.1184655773132346,0.1049512238004431,exp(m + variance/2) - 1,
118,2026-03-27,28,2026-04-24,M3,16.0,22.69976196690931,3.113663684332181,0.10360264033628583,exp(m + variance/2) - 1,
118,2026-03-27,28,2026-04-24,M4,16.0,23.103387171822703,3.1294433725837956,0.10581800917146555,exp(m + variance/2) - 1,
118,2026-03-27,28,2026-04-24,M5,16.0,22.854158748399175,3.119824144742713,0.10426885678568636,exp(m + variance/2) - 1,
119,2026-03-28,28,2026-04-25,M0,27.0,29.0,,,not applicable -- original-scale benchmark,2025-04-25
119,2026-03-28,28,2026-04-25,M1,27.0,22.56066473018536,3.1071102316320314,0.10493668221510905,exp(m + variance/2) - 1,
119,2026-03-28,28,2026-04-25,M2,27.0,22.511882954898905,3.1050730655480443,0.10486577091118032,exp(m + variance/2) - 1,
119,2026-03-28,28,2026-04-25,M3,27.0,22.634542666387414,3.1109346948457297,0.10354923873231796,exp(m + variance/2) - 1,
119,2026-03-28,28,2026-04-25,M4,27.0,22.75375450294181,3.1148708874966307,0.1057394296488002,exp(m + variance/2) - 1,
119,2026-03-28,28,2026-04-25,M5,27.0,22.76876001425509,3.1162874953076454,0.10416923741384683,exp(m + variance/2) - 1,
120,2026-03-29,28,2026-04-26,M0,22.0,13.0,,,not applicable -- original-scale benchmark,2025-04-26
120,2026-03-29,28,2026-04-26,M1,22.0,22.042640389204074,3.0848752210247903,0.10494241692533496,exp(m + variance/2) - 1,
120,2026-03-29,28,2026-04-26,M2,22.0,22.00728333003137,3.0833881417835207,0.10484538108094166,exp(m + variance/2) - 1,
120,2026-03-29,28,2026-04-26,M3,22.0,22.090093013538574,3.0876448476608496,0.10351760800281357,exp(m + variance/2) - 1,
120,2026-03-29,28,2026-04-26,M4,22.0,22.21391533475891,3.0918847621529073,0.10573427124781379,exp(m + variance/2) - 1,
120,2026-03-29,28,2026-04-26,M5,22.0,22.22279007730412,3.0930549655798303,0.10415832367888062,exp(m + variance/2) - 1,
121,2026-03-30,28,2026-04-27,M0,28.0,37.0,,,not applicable -- original-scale benchmark,2025-04-27
121,2026-03-30,28,2026-04-27,M1,28.0,24.102551483976868,3.1705847907526863,0.10476940593368789,exp(m + variance/2) - 1,
121,2026-03-30,28,2026-04-27,M2,28.0,24.073780232921365,3.169471775453823,0.10470182492416635,exp(m + variance/2) - 1,
121,2026-03-30,28,2026-04-27,M3,28.0,24.101238021788586,3.1712341854046042,0.10336596618800177,exp(m + variance/2) - 1,
121,2026-03-30,28,2026-04-27,M4,28.0,24.343987794790056,3.1797093017656617,0.10566446456881148,exp(m + variance/2) - 1,
121,2026-03-30,28,2026-04-27,M5,28.0,24.293003797949346,3.178435937657124,0.10418378021926797,exp(m + variance/2) - 1,
122,2026-03-31,28,2026-04-28,M0,27.0,24.0,,,not applicable -- original-scale benchmark,2025-04-28
122,2026-03-31,28,2026-04-28,M1,27.0,23.224803943063414,3.135049013723876,0.10465610170921442,exp(m + variance/2) - 1,
122,2026-03-31,28,2026-04-28,M2,27.0,24.368268158508386,3.181197526148886,0.10460316354069385,exp(m + variance/2) - 1,
122,2026-03-31,28,2026-04-28,M3,27.0,23.015268320305374,3.1270625556673473,0.10325450483320589,exp(m + variance/2) - 1,
122,2026-03-31,28,2026-04-28,M4,27.0,23.367948759858336,3.1404910823824106,0.10555522200931247,exp(m + variance/2) - 1,
122,2026-03-31,28,2026-04-28,M5,27.0,24.497372045345646,3.1865538124244903,0.10404315476775879,exp(m + variance/2) - 1,
123,2026-04-01,28,2026-04-29,M0,19.0,27.0,,,not applicable -- original-scale benchmark,2025-04-29
123,2026-04-01,28,2026-04-29,M1,19.0,21.315175305691053,3.0529098533367627,0.10471420134217568,exp(m + variance/2) - 1,
123,2026-04-01,28,2026-04-29,M2,19.0,22.373104347228868,3.0992767699626054,0.10461840895763051,exp(m + variance/2) - 1,
123,2026-04-01,28,2026-04-29,M3,19.0,21.002373167013456,3.0394690410800833,0.10336255537686836,exp(m + variance/2) - 1,
123,2026-04-01,28,2026-04-29,M4,19.0,21.382001822618864,3.0554701769342705,0.10557393778782374,exp(m + variance/2) - 1,
123,2026-04-01,28,2026-04-29,M5,19.0,22.305377502567616,3.0966870636903687,0.10399412870807834,exp(m + variance/2) - 1,
124,2026-04-02,28,2026-04-30,M0,12.0,24.0,,,not applicable -- original-scale benchmark,2025-04-30
124,2026-04-02,28,2026-04-30,M1,12.0,20.164468105059523,2.9998590494799604,0.10492938660701231,exp(m + variance/2) - 1,
124,2026-04-02,28,2026-04-30,M2,12.0,21.17480233096496,3.0465444086180264,0.10482441097791101,exp(m + variance/2) - 1,
124,2026-04-02,28,2026-04-30,M3,12.0,19.946025903957622,2.990164112612777,0.10356964287858905,exp(m + variance/2) - 1,
124,2026-04-02,28,2026-04-30,M4,12.0,20.173902180181557,2.9998548162195013,0.10582915576566725,exp(m + variance/2) - 1,
124,2026-04-02,28,2026-04-30,M5,12.0,21.14320797784391,3.0454274094554967,0.1042068048872243,exp(m + variance/2) - 1,
125,2026-04-03,28,2026-05-01,M0,14.0,33.0,,,not applicable -- original-scale benchmark,2025-05-01
125,2026-04-03,28,2026-05-01,M1,14.0,19.1976325608747,2.952933504027293,0.10526378710943265,exp(m + variance/2) - 1,
125,2026-04-03,28,2026-05-01,M2,14.0,20.171331166641956,3.0000768747663873,0.10514217652760596,exp(m + variance/2) - 1,
125,2026-04-03,28,2026-05-01,M3,14.0,19.210465005131518,2.954254111419302,0.10389285679423932,exp(m + variance/2) - 1,
125,2026-04-03,28,2026-05-01,M4,14.0,19.17588298258092,2.9513982097678526,0.10617953921092677,exp(m + variance/2) - 1,
125,2026-04-03,28,2026-05-01,M5,14.0,20.31776889985567,3.0072684411737085,0.10454500884704368,exp(m + variance/2) - 1,
126,2026-04-04,28,2026-05-02,M0,25.0,26.0,,,not applicable -- original-scale benchmark,2025-05-02
126,2026-04-04,28,2026-05-02,M1,25.0,19.55763292034604,2.9707798238573546,0.1049049595364808,exp(m + variance/2) - 1,
126,2026-04-04,28,2026-05-02,M2,25.0,20.550536089943943,3.0180115811583956,0.10477822329093743,exp(m + variance/2) - 1,
126,2026-04-04,28,2026-05-02,M3,25.0,19.368773868123252,2.962233329297691,0.10353941221287533,exp(m + variance/2) - 1,
126,2026-04-04,28,2026-05-02,M4,25.0,19.527528198646937,2.9688727190341675,0.10578821053335807,exp(m + variance/2) - 1,
126,2026-04-04,28,2026-05-02,M5,25.0,20.489913538273257,3.015492918033287,0.10418153853210384,exp(m + variance/2) - 1,
127,2026-04-05,28,2026-05-03,M0,20.0,17.0,,,not applicable -- original-scale benchmark,2025-05-03
127,2026-04-05,28,2026-05-03,M1,20.0,19.580092414017948,2.9719602741462334,0.10472789345330125,exp(m + variance/2) - 1,
127,2026-04-05,28,2026-05-03,M2,20.0,20.5757743734417,3.019274386490775,0.10459348399753132,exp(m + variance/2) - 1,
127,2026-04-05,28,2026-05-03,M3,20.0,19.37672706788084,2.9627172557765427,0.10335232765176879,exp(m + variance/2) - 1,
127,2026-04-05,28,2026-05-03,M4,20.0,19.535622175323894,2.96935768473305,0.10560672100701075,exp(m + variance/2) - 1,
127,2026-04-05,28,2026-05-03,M5,20.0,20.485566676842684,3.0153859478681135,0.10399088894991082,exp(m + variance/2) - 1,
128,2026-04-06,28,2026-05-04,M0,20.0,25.0,,,not applicable -- original-scale benchmark,2025-05-04
128,2026-04-06,28,2026-05-04,M1,20.0,19.641017907064853,2.974997955307889,0.10456460258434813,exp(m + variance/2) - 1,
128,2026-04-06,28,2026-05-04,M2,20.0,20.644106090512633,3.022515662097739,0.10443503856755294,exp(m + variance/2) - 1,
128,2026-04-06,28,2026-05-04,M3,20.0,19.42340725966951,2.965083203492876,0.10319690853971185,exp(m + variance/2) - 1,
128,2026-04-06,28,2026-05-04,M4,20.0,19.698252828771643,2.9773301410837982,0.10543830243621115,exp(m + variance/2) - 1,
128,2026-04-06,28,2026-05-04,M5,20.0,20.632861086446976,3.022291362815783,0.1038442847875042,exp(m + variance/2) - 1,
129,2026-04-07,28,2026-05-05,M0,25.0,23.0,,,not applicable -- original-scale benchmark,2025-05-05
129,2026-04-07,28,2026-05-05,M1,25.0,20.871431097224008,3.032975210478351,0.10441211722751145,exp(m + variance/2) - 1,
129,2026-04-07,28,2026-05-05,M2,25.0,21.935801352281647,3.0805534501172436,0.10429123493788746,exp(m + variance/2) - 1,
129,2026-04-07,28,2026-05-05,M3,25.0,20.24457150208949,3.004578058358102,0.10304669130397023,exp(m + variance/2) - 1,
129,2026-04-07,28,2026-05-05,M4,25.0,20.948612442041817,3.036084063408002,0.10523971925898426,exp(m + variance/2) - 1,
129,2026-04-07,28,2026-05-05,M5,25.0,21.523197383782996,3.0626921929394775,0.10370715999107748,exp(m + variance/2) - 1,
130,2026-04-08,28,2026-05-06,M0,21.0,17.0,,,not applicable -- original-scale benchmark,2025-05-06
130,2026-04-08,28,2026-05-06,M1,21.0,20.887881633715807,3.0337642847180786,0.10433769778218496,exp(m + variance/2) - 1,
130,2026-04-08,28,2026-05-06,M2,21.0,21.958046341134615,3.081566700590361,0.10420355513767166,exp(m + variance/2) - 1,
130,2026-04-08,28,2026-05-06,M3,21.0,20.32426903473018,3.008372181334125,0.10294726813901535,exp(m + variance/2) - 1,
130,2026-04-08,28,2026-05-06,M4,21.0,20.954405257033347,3.036391888132725,0.10515185266627491,exp(m + variance/2) - 1,
130,2026-04-08,28,2026-05-06,M5,21.0,21.610173643847236,3.066593185829968,0.10361356077656121,exp(m + variance/2) - 1,
131,2026-04-09,28,2026-05-07,M0,16.0,24.0,,,not applicable -- original-scale benchmark,2025-05-07
131,2026-04-09,28,2026-05-07,M1,16.0,20.744274121482796,3.0272459184230764,0.10420909134108067,exp(m + variance/2) - 1,
131,2026-04-09,28,2026-05-07,M2,16.0,21.809170682397685,3.0751065489384883,0.10411225812826924,exp(m + variance/2) - 1,
131,2026-04-09,28,2026-05-07,M3,16.0,20.09719745580967,2.997714741518328,0.10285093628505688,exp(m + variance/2) - 1,
131,2026-04-09,28,2026-05-07,M4,16.0,20.80130314904274,3.0294464448736163,0.10504660122769932,exp(m + variance/2) - 1,
131,2026-04-09,28,2026-05-07,M5,16.0,21.370853815119748,3.056001233672947,0.10351541792961869,exp(m + variance/2) - 1,
132,2026-04-10,28,2026-05-08,M0,19.0,21.0,,,not applicable -- original-scale benchmark,2025-05-08
132,2026-04-10,28,2026-05-08,M1,19.0,20.33070110388644,3.0081040088955002,0.10408678485618078,exp(m + variance/2) - 1,
132,2026-04-10,28,2026-05-08,M2,19.0,21.377316715766817,3.056058529238471,0.1039785398639615,exp(m + variance/2) - 1,
132,2026-04-10,28,2026-05-08,M3,19.0,19.725365932095304,2.9800010828882297,0.10271454906382539,exp(m + variance/2) - 1,
132,2026-04-10,28,2026-05-08,M4,19.0,20.37895849923614,3.0099443583405727,0.10492566456574899,exp(m + variance/2) - 1,
132,2026-04-10,28,2026-05-08,M5,19.0,20.971608798353632,3.0380612702097984,0.10337968111743016,exp(m + variance/2) - 1,
133,2026-04-11,28,2026-05-09,M0,17.0,17.0,,,not applicable -- original-scale benchmark,2025-05-09
133,2026-04-11,28,2026-05-09,M1,17.0,20.646812985395346,3.0228321175316637,0.1040522397272628,exp(m + variance/2) - 1,
133,2026-04-11,28,2026-05-09,M2,17.0,21.71078817755074,3.0708724729232277,0.10393517756185902,exp(m + variance/2) - 1,
133,2026-04-11,28,2026-05-09,M3,17.0,20.035955798128516,2.9948902735809666,0.10268576179008257,exp(m + variance/2) - 1,
133,2026-04-11,28,2026-05-09,M4,17.0,20.699588902223763,3.0248571258678125,0.10487237980233419,exp(m + variance/2) - 1,
133,2026-04-11,28,2026-05-09,M5,17.0,21.29751273264431,3.0528129668397908,0.10332433750577182,exp(m + variance/2) - 1,
134,2026-04-12,28,2026-05-10,M0,20.0,16.0,,,not applicable -- original-scale benchmark,2025-05-10
134,2026-04-12,28,2026-05-10,M1,20.0,19.883832829855493,2.9870170349206613,0.10391655179219962,exp(m + variance/2) - 1,
134,2026-04-12,28,2026-05-10,M2,20.0,20.912472451225536,3.0351553894051335,0.10380120724822343,exp(m + variance/2) - 1,
134,2026-04-12,28,2026-05-10,M3,20.0,19.28405022080859,2.958563668905996,0.10254240981320831,exp(m + variance/2) - 1,
134,2026-04-12,28,2026-05-10,M4,20.0,19.92133533358257,2.988394537005548,0.10474986126254841,exp(m + variance/2) - 1,
134,2026-04-12,28,2026-05-10,M5,20.0,20.498835477815167,3.0163997311219486,0.10319807744441045,exp(m + variance/2) - 1,
135,2026-04-13,28,2026-05-11,M0,22.0,17.0,,,not applicable -- original-scale benchmark,2025-05-11
135,2026-04-13,28,2026-05-11,M1,22.0,20.738241116084517,3.027084459276952,0.10397702743839114,exp(m + variance/2) - 1,
135,2026-04-13,28,2026-05-11,M2,22.0,21.809321438357422,3.0752378972068843,0.1038627804378469,exp(m + variance/2) - 1,
135,2026-04-13,28,2026-05-11,M3,22.0,20.091363024851894,2.997553257457697,0.10262072781735718,exp(m + variance/2) - 1,
135,2026-04-13,28,2026-05-11,M4,22.0,20.88436173385369,3.0333625448559935,0.10481952162592445,exp(m + variance/2) - 1,
135,2026-04-13,28,2026-05-11,M5,22.0,21.446913300643384,3.0595002538523905,0.10330571741343117,exp(m + variance/2) - 1,
136,2026-04-14,28,2026-05-12,M0,18.0,20.0,,,not applicable -- original-scale benchmark,2025-05-12
136,2026-04-14,28,2026-05-12,M1,18.0,20.09588467786497,2.9971650331879487,0.10382589861550885,exp(m + variance/2) - 1,
136,2026-04-14,28,2026-05-12,M2,18.0,21.13756576249668,3.0454161148987695,0.10371971768735522,exp(m + variance/2) - 1,
136,2026-04-14,28,2026-05-12,M3,18.0,19.56824604858119,2.9725185905102265,0.10245968414102016,exp(m + variance/2) - 1,
136,2026-04-14,28,2026-05-12,M4,18.0,20.2079282467911,3.0020409218339963,0.10466832767679918,exp(m + variance/2) - 1,
136,2026-04-14,28,2026-05-12,M5,18.0,20.873617370836552,3.033708286528935,0.10314587562510193,exp(m + variance/2) - 1,
137,2026-04-15,28,2026-05-13,M0,13.0,20.0,,,not applicable -- original-scale benchmark,2025-05-13
137,2026-04-15,28,2026-05-13,M1,13.0,20.066514781221343,2.9958128686851557,0.10374386804280891,exp(m + variance/2) - 1,
137,2026-04-15,28,2026-05-13,M2,13.0,21.107055926469148,3.0440815367877168,0.10363058694044441,exp(m + variance/2) - 1,
137,2026-04-15,28,2026-05-13,M3,13.0,19.644575977008568,2.976258283522566,0.10238867366091506,exp(m + variance/2) - 1,
137,2026-04-15,28,2026-05-13,M4,13.0,20.166951954315294,3.0001520378858135,0.10457811482104251,exp(m + variance/2) - 1,
137,2026-04-15,28,2026-05-13,M5,13.0,20.935915018776054,3.0365954000221773,0.10305969747479661,exp(m + variance/2) - 1,
138,2026-04-16,28,2026-05-14,M0,17.0,15.0,,,not applicable -- original-scale benchmark,2025-05-14
138,2026-04-16,28,2026-05-14,M1,17.0,20.144373829367225,2.9995448845215367,0.10365794557438929,exp(m + variance/2) - 1,
138,2026-04-16,28,2026-05-14,M2,17.0,20.164177929744945,3.0005376714867826,0.10354472141723628,exp(m + variance/2) - 1,
138,2026-04-16,28,2026-05-14,M3,17.0,19.894679724711033,2.9883367884352845,0.10231555900733533,exp(m + variance/2) - 1,
138,2026-04-16,28,2026-05-14,M4,17.0,20.237047889939614,3.0034985060941723,0.104497384774416,exp(m + variance/2) - 1,
138,2026-04-16,28,2026-05-14,M5,17.0,20.026795134284328,2.9942904106642176,0.10301434498207937,exp(m + variance/2) - 1,
139,2026-04-17,28,2026-05-15,M0,17.0,25.0,,,not applicable -- original-scale benchmark,2025-05-15
139,2026-04-17,28,2026-05-15,M1,17.0,19.38217847747105,2.962889690522011,0.10354244893644658,exp(m + variance/2) - 1,
139,2026-04-17,28,2026-05-15,M2,17.0,19.402409090674258,2.963941695841802,0.10342258143217525,exp(m + variance/2) - 1,
139,2026-04-17,28,2026-05-15,M3,17.0,18.92250619700604,2.9407686769652317,0.10216276076025738,exp(m + variance/2) - 1,
139,2026-04-17,28,2026-05-15,M4,17.0,19.452255642483486,2.965902188459383,0.10438197662546042,exp(m + variance/2) - 1,
139,2026-04-17,28,2026-05-15,M5,17.0,19.04886484179351,2.9467413284267328,0.1028624147073547,exp(m + variance/2) - 1,
140,2026-04-18,28,2026-05-16,M0,14.0,17.0,,,not applicable -- original-scale benchmark,2025-05-16
140,2026-04-18,28,2026-05-16,M1,14.0,17.434095415808756,2.86226006689485,0.10388378948103272,exp(m + variance/2) - 1,
140,2026-04-18,28,2026-05-16,M2,14.0,17.4519835094147,2.863287084400647,0.10376957518548964,exp(m + variance/2) - 1,
140,2026-04-18,28,2026-05-16,M3,14.0,16.964999256662516,2.837165061696898,0.10252063498320257,exp(m + variance/2) - 1,
140,2026-04-18,28,2026-05-16,M4,14.0,17.478919055066818,2.8642549698511512,0.10475120392086598,exp(m + variance/2) - 1,
140,2026-04-18,28,2026-05-16,M5,14.0,17.063591993060793,2.8422949647636733,0.1032069112895853,exp(m + variance/2) - 1,
141,2026-04-19,28,2026-05-17,M0,13.0,25.0,,,not applicable -- original-scale benchmark,2025-05-17
141,2026-04-19,28,2026-05-17,M1,13.0,19.24418903041968,2.9560588832117958,0.1036178153973548,exp(m + variance/2) - 1,
141,2026-04-19,28,2026-05-17,M2,13.0,19.264136879157164,2.957111751760359,0.10348183142154282,exp(m + variance/2) - 1,
141,2026-04-19,28,2026-05-17,M3,13.0,18.64672090383604,2.926780328044612,0.10226024244521595,exp(m + variance/2) - 1,
141,2026-04-19,28,2026-05-17,M4,13.0,19.319190382249527,2.9593457309008953,0.10444009524476999,exp(m + variance/2) - 1,
141,2026-04-19,28,2026-05-17,M5,13.0,18.75419033931409,2.9319106493862748,0.102909977070749,exp(m + variance/2) - 1,
142,2026-04-20,28,2026-05-18,M0,12.0,26.0,,,not applicable -- original-scale benchmark,2025-05-18
142,2026-04-20,28,2026-05-18,M1,12.0,19.717828334849013,2.979244579907146,0.10350004379403034,exp(m + variance/2) - 1,
142,2026-04-20,28,2026-05-18,M2,12.0,19.738989545894114,2.980328740167137,0.10337348276883793,exp(m + variance/2) - 1,
142,2026-04-20,28,2026-05-18,M3,12.0,19.05296032789613,2.947302396244032,0.10214878777274991,exp(m + variance/2) - 1,
142,2026-04-20,28,2026-05-18,M4,12.0,19.809947923259,2.9832772294449224,0.10430781694227362,exp(m + variance/2) - 1,
142,2026-04-20,28,2026-05-18,M5,12.0,19.19623550930692,2.95407124744267,0.10284995734346863,exp(m + variance/2) - 1,
143,2026-04-21,28,2026-05-19,M0,18.0,17.0,,,not applicable -- original-scale benchmark,2025-05-19
143,2026-04-21,28,2026-05-19,M1,18.0,19.050956752580475,2.9466080799307033,0.10333758203316479,exp(m + variance/2) - 1,
143,2026-04-21,28,2026-05-19,M2,18.0,19.07287913458664,2.947763577900842,0.10321205851374109,exp(m + variance/2) - 1,
143,2026-04-21,28,2026-05-19,M3,18.0,18.39945117176247,2.9142440563134206,0.10200143848070473,exp(m + variance/2) - 1,
143,2026-04-21,28,2026-05-19,M4,18.0,19.123770024404813,2.949825314767879,0.10415277973855867,exp(m + variance/2) - 1,
143,2026-04-21,28,2026-05-19,M5,18.0,18.5328460415125,2.9207774576135583,0.10264000661975523,exp(m + variance/2) - 1,
144,2026-04-22,28,2026-05-20,M0,21.0,21.0,,,not applicable -- original-scale benchmark,2025-05-20
144,2026-04-22,28,2026-05-20,M1,21.0,19.84812301820266,2.9855521160240093,0.10342361012138396,exp(m + variance/2) - 1,
144,2026-04-22,28,2026-05-20,M2,21.0,19.871335249440136,2.9867261478584726,0.10330110110696086,exp(m + variance/2) - 1,
144,2026-04-22,28,2026-05-20,M3,21.0,19.117344614248285,2.9505431756105236,0.102078366976362,exp(m + variance/2) - 1,
144,2026-04-22,28,2026-05-20,M4,21.0,19.93426968670162,2.9892720112181665,0.1042310056879111,exp(m + variance/2) - 1,
144,2026-04-22,28,2026-05-20,M5,21.0,19.25595061912289,2.9570890005080153,0.10271921522253803,exp(m + variance/2) - 1,
145,2026-04-23,28,2026-05-21,M0,23.0,19.0,,,not applicable -- original-scale benchmark,2025-05-21
145,2026-04-23,28,2026-05-21,M1,23.0,20.520830229042247,3.0172529624121625,0.10353670310743188,exp(m + variance/2) - 1,
145,2026-04-23,28,2026-05-21,M2,23.0,20.546261086329107,3.0184972197327493,0.1034101645798901,exp(m + variance/2) - 1,
145,2026-04-23,28,2026-05-21,M3,23.0,19.788612872015822,2.9833069045839906,0.10219694827446277,exp(m + variance/2) - 1,
145,2026-04-23,28,2026-05-21,M4,23.0,20.613890112010807,3.021165782289154,0.10434077293449302,exp(m + variance/2) - 1,
145,2026-04-23,28,2026-05-21,M5,23.0,19.937321963096302,2.990116385010021,0.1028338425680183,exp(m + variance/2) - 1,
146,2026-04-24,28,2026-05-22,M0,22.0,22.0,,,not applicable -- original-scale benchmark,2025-05-22
146,2026-04-24,28,2026-05-22,M1,22.0,18.91842535510975,2.940048091275339,0.10319421863671081,exp(m + variance/2) - 1,
146,2026-04-24,28,2026-05-22,M2,22.0,18.940287437801306,2.9412060418904633,0.10307227534960717,exp(m + variance/2) - 1,
146,2026-04-24,28,2026-05-22,M3,22.0,18.112249820829458,2.8993933742870515,0.10187221412640016,exp(m + variance/2) - 1,
146,2026-04-24,28,2026-05-22,M4,22.0,18.977590474626634,2.942605453779598,0.10401143060577857,exp(m + variance/2) - 1,
146,2026-04-24,28,2026-05-22,M5,22.0,18.24920008281966,2.9062209145482534,0.10249718236580814,exp(m + variance/2) - 1,
147,2026-04-25,28,2026-05-23,M0,20.0,22.0,,,not applicable -- original-scale benchmark,2025-05-23
147,2026-04-25,28,2026-05-23,M1,20.0,19.728755559381394,2.9798679753080366,0.10330783686950643,exp(m + variance/2) - 1,
147,2026-04-25,28,2026-05-23,M2,20.0,19.753768989926407,2.9811350218755073,0.10318569275149184,exp(m + variance/2) - 1,
147,2026-04-25,28,2026-05-23,M3,20.0,18.772640533154547,2.9333193209946717,0.10195973979421785,exp(m + variance/2) - 1,
147,2026-04-25,28,2026-05-23,M4,20.0,19.80632391826009,2.9832033221594254,0.10410730574089935,exp(m + variance/2) - 1,
147,2026-04-25,28,2026-05-23,M5,20.0,18.9145470379241,2.94015566928881,0.10258960463413577,exp(m + variance/2) - 1,
148,2026-04-26,28,2026-05-24,M0,23.0,10.0,,,not applicable -- original-scale benchmark,2025-05-24
148,2026-04-26,28,2026-05-24,M1,23.0,19.42967785489347,2.965395558220472,0.10318616449306697,exp(m + variance/2) - 1,
148,2026-04-26,28,2026-05-24,M2,23.0,19.455005973182086,2.9666950830962677,0.10306512060159549,exp(m + variance/2) - 1,
148,2026-04-26,28,2026-05-24,M3,23.0,18.44913199786974,2.916885081736222,0.10183471994704167,exp(m + variance/2) - 1,
148,2026-04-26,28,2026-05-24,M4,23.0,19.49928562705848,2.9683961006895165,0.1039878747741945,exp(m + variance/2) - 1,
148,2026-04-26,28,2026-05-24,M5,23.0,18.59232916138478,2.923900943686258,0.10247435325630251,exp(m + variance/2) - 1,
149,2026-04-27,28,2026-05-25,M0,25.0,10.0,,,not applicable -- original-scale benchmark,2025-05-25
149,2026-04-27,28,2026-05-25,M1,25.0,20.198287992514853,3.002263244972573,0.1033143567489466,exp(m + variance/2) - 1,
149,2026-04-27,28,2026-05-25,M2,25.0,20.226269333393084,3.003642162783324,0.1031947426386987,exp(m + variance/2) - 1,
149,2026-04-27,28,2026-05-25,M3,25.0,19.127855071757814,2.9511296650916217,0.10195003014097767,exp(m + variance/2) - 1,
149,2026-04-27,28,2026-05-25,M4,25.0,20.276040128245427,3.0055200909477398,0.1041229440217957,exp(m + variance/2) - 1,
149,2026-04-27,28,2026-05-25,M5,25.0,19.275195709390456,2.958106828616547,0.10258284816526217,exp(m + variance/2) - 1,
150,2026-04-28,28,2026-05-26,M0,16.0,14.0,,,not applicable -- original-scale benchmark,2025-05-26
150,2026-04-28,28,2026-05-26,M1,16.0,20.617250106986422,3.0218030900274435,0.10337704400546811,exp(m + variance/2) - 1,
150,2026-04-28,28,2026-05-26,M2,16.0,20.45198354379012,3.0142170740318432,0.10320007994159172,exp(m + variance/2) - 1,
150,2026-04-28,28,2026-05-26,M3,16.0,19.692446185156587,2.9787642314759815,0.10200896720976166,exp(m + variance/2) - 1,
150,2026-04-28,28,2026-05-26,M4,16.0,20.691519647990244,3.02482981912019,0.10418313082472236,exp(m + variance/2) - 1,
150,2026-04-28,28,2026-05-26,M5,16.0,19.626662632637174,2.975287635488142,0.1025938119501801,exp(m + variance/2) - 1,
151,2026-04-29,28,2026-05-27,M0,21.0,17.0,,,not applicable -- original-scale benchmark,2025-05-27
151,2026-04-29,28,2026-05-27,M1,21.0,19.691104669301456,2.978169265226895,0.10306923312999214,exp(m + variance/2) - 1,
151,2026-04-29,28,2026-05-27,M2,21.0,19.424399197305,2.9653007982895065,0.1028588539186039,exp(m + variance/2) - 1,
151,2026-04-29,28,2026-05-27,M3,21.0,18.720714741765565,2.9308083180609814,0.10172254993626004,exp(m + variance/2) - 1,
151,2026-04-29,28,2026-05-27,M4,21.0,19.741121635047698,2.980177668361848,0.10388122748266848,exp(m + variance/2) - 1,
151,2026-04-29,28,2026-05-27,M5,21.0,18.531353422983504,2.920882675603297,0.10227673315222678,exp(m + variance/2) - 1,
152,2026-04-30,28,2026-05-28,M0,24.0,14.0,,,not applicable -- original-scale benchmark,2025-05-28
152,2026-04-30,28,2026-05-28,M1,24.0,17.58063212252659,2.870573370918898,0.10309276710516066,exp(m + variance/2) - 1,
152,2026-04-30,28,2026-05-28,M2,24.0,17.310977399008237,2.8559969191924544,0.10300763736281629,exp(m + variance/2) - 1,
152,2026-04-30,28,2026-05-28,M3,24.0,16.85715402454313,2.83151861294793,0.10177120134655512,exp(m + variance/2) - 1,
152,2026-04-30,28,2026-05-28,M4,24.0,17.600196988276203,2.871209871953231,0.10392459895476139,exp(m + variance/2) - 1,
152,2026-04-30,28,2026-05-28,M5,24.0,16.623104101707014,2.8180034498624167,0.10241464870502756,exp(m + variance/2) - 1,
153,2026-05-01,28,2026-05-29,M0,23.0,13.0,,,not applicable -- original-scale benchmark,2025-05-29
153,2026-05-01,28,2026-05-29,M1,23.0,16.582366778693263,2.8152140780807393,0.10336486832857657,exp(m + variance/2) - 1,
153,2026-05-01,28,2026-05-29,M2,23.0,16.299231662594508,2.7990001763581143,0.10332382318512078,exp(m + variance/2) - 1,
153,2026-05-01,28,2026-05-29,M3,23.0,15.773562037675141,2.7687923011503237,0.10202331495465349,exp(m + variance/2) - 1,
153,2026-05-01,28,2026-05-29,M4,23.0,16.590509819013423,2.8152635131102324,0.10419205735298886,exp(m + variance/2) - 1,
153,2026-05-01,28,2026-05-29,M5,23.0,15.508650664846297,2.752492204112691,0.10278464424727007,exp(m + variance/2) - 1,
154,2026-05-02,28,2026-05-30,M0,26.0,14.0,,,not applicable -- original-scale benchmark,2025-05-30
154,2026-05-02,28,2026-05-30,M1,26.0,17.48282505241392,2.865407692382637,0.10286846589794012,exp(m + variance/2) - 1,
154,2026-05-02,28,2026-05-30,M2,26.0,17.110264394571054,2.845081251491231,0.10279523933287302,exp(m + variance/2) - 1,
154,2026-05-02,28,2026-05-30,M3,26.0,16.511979995532645,2.8121097748495547,0.10155088608249116,exp(m + variance/2) - 1,
154,2026-05-02,28,2026-05-30,M4,26.0,17.512961075964846,2.866637578960423,0.10366701303991117,exp(m + variance/2) - 1,
154,2026-05-02,28,2026-05-30,M5,26.0,16.165393011761154,2.7917735072004475,0.10224363111803719,exp(m + variance/2) - 1,
155,2026-05-03,28,2026-05-31,M0,16.0,25.0,,,not applicable -- original-scale benchmark,2025-05-31
155,2026-05-03,28,2026-05-31,M1,16.0,17.336022482713105,2.8574697872098116,0.10279555894644385,exp(m + variance/2) - 1,
155,2026-05-03,28,2026-05-31,M2,16.0,16.923440022668306,2.8347354239779423,0.1027478613930006,exp(m + variance/2) - 1,
155,2026-05-03,28,2026-05-31,M3,16.0,16.364884609159866,2.803710326576372,0.10147942914736174,exp(m + variance/2) - 1,
155,2026-05-03,28,2026-05-31,M4,16.0,17.360911275908755,2.858432982979007,0.10358206949143278,exp(m + variance/2) - 1,
155,2026-05-03,28,2026-05-31,M5,16.0,15.978444272004616,2.7808551649348647,0.10217878109943271,exp(m + variance/2) - 1,
156,2026-05-04,28,2026-06-01,M0,34.0,15.0,,,not applicable -- original-scale benchmark,2025-06-01
156,2026-05-04,28,2026-06-01,M1,34.0,17.33857995953486,2.857667514857588,0.10267904075238404,exp(m + variance/2) - 1,
156,2026-05-04,28,2026-06-01,M2,34.0,16.8875995124619,2.8327876381508124,0.10264013991327997,exp(m + variance/2) - 1,
156,2026-05-04,28,2026-06-01,M3,34.0,16.363325341642895,2.8036829182246366,0.10135464920358479,exp(m + variance/2) - 1,
156,2026-05-04,28,2026-06-01,M4,34.0,17.39128551894083,2.8601389441713256,0.10347599030492666,exp(m + variance/2) - 1,
156,2026-05-04,28,2026-06-01,M5,34.0,15.958703795777783,2.7797454134809665,0.1020715736526884,exp(m + variance/2) - 1,
157,2026-05-05,28,2026-06-02,M0,24.0,15.0,,,not applicable -- original-scale benchmark,2025-06-02
157,2026-05-05,28,2026-06-02,M1,24.0,18.06299206405435,2.8964707612408684,0.10255621197980132,exp(m + variance/2) - 1,
157,2026-05-05,28,2026-06-02,M2,24.0,17.542886113525526,2.8688583073776988,0.1024558203969172,exp(m + variance/2) - 1,
157,2026-05-05,28,2026-06-02,M3,24.0,17.134809004001472,2.847215656962975,0.10123516763373906,exp(m + variance/2) - 1,
157,2026-05-05,28,2026-06-02,M4,24.0,18.117756143073123,2.898937638423189,0.10335981155883356,exp(m + variance/2) - 1,
157,2026-05-05,28,2026-06-02,M5,24.0,16.65050522422407,2.8197991071774253,0.10193060078826921,exp(m + variance/2) - 1,
158,2026-05-06,28,2026-06-03,M0,32.0,25.0,,,not applicable -- original-scale benchmark,2025-06-03
158,2026-05-06,28,2026-06-03,M1,32.0,18.031941149076502,2.894891093274256,0.1024551750250485,exp(m + variance/2) - 1,
158,2026-05-06,28,2026-06-03,M2,32.0,17.483866494219022,2.865721244949757,0.1023540505135043,exp(m + variance/2) - 1,
158,2026-05-06,28,2026-06-03,M3,32.0,17.214155215279444,2.85162243361071,0.1011532345109333,exp(m + variance/2) - 1,
158,2026-05-06,28,2026-06-03,M4,32.0,18.073944868051026,2.8966923761280574,0.10326176920080431,exp(m + variance/2) - 1,
158,2026-05-06,28,2026-06-03,M5,32.0,16.681489609520398,2.8216183384599405,0.10179993826508599,exp(m + variance/2) - 1,
159,2026-05-07,28,2026-06-04,M0,39.0,26.0,,,not applicable -- original-scale benchmark,2025-06-04
159,2026-05-07,28,2026-06-04,M1,39.0,17.228436655617053,2.8518018880671834,0.10236188052045772,exp(m + variance/2) - 1,
159,2026-05-07,28,2026-06-04,M2,39.0,16.695269706689952,2.822143205421028,0.10230830046396398,exp(m + variance/2) - 1,
159,2026-05-07,28,2026-06-04,M3,39.0,16.344035718505545,2.8027298571138246,0.10103765511393961,exp(m + variance/2) - 1,
159,2026-05-07,28,2026-06-04,M4,39.0,17.24986593457935,2.8525747076936896,0.10316605251476392,exp(m + variance/2) - 1,
159,2026-05-07,28,2026-06-04,M5,39.0,15.814546362287103,2.7713718947606285,0.10174494382102503,exp(m + variance/2) - 1,
160,2026-05-08,28,2026-06-05,M0,25.0,21.0,,,not applicable -- original-scale benchmark,2025-06-05
160,2026-05-08,28,2026-06-05,M1,25.0,17.20763925696473,2.850711266270041,0.10225995828087633,exp(m + variance/2) - 1,
160,2026-05-08,28,2026-06-05,M2,25.0,16.65637266794003,2.8199932543689044,0.10220704303684165,exp(m + variance/2) - 1,
160,2026-05-08,28,2026-06-05,M3,25.0,16.50481191337127,2.8120025916794402,0.10094643586406549,exp(m + variance/2) - 1,
160,2026-05-08,28,2026-06-05,M4,25.0,17.226222341193303,2.851328559124477,0.10306557199363045,exp(m + variance/2) - 1,
160,2026-05-08,28,2026-06-05,M5,25.0,15.932237458431377,2.7784118290694484,0.10161503546174423,exp(m + variance/2) - 1,
161,2026-05-09,28,2026-06-06,M0,23.0,14.0,,,not applicable -- original-scale benchmark,2025-06-06
161,2026-05-09,28,2026-06-06,M1,23.0,16.78089520705286,2.827020664712675,0.10220782641739048,exp(m + variance/2) - 1,
161,2026-05-09,28,2026-06-06,M2,23.0,16.232899240189028,2.7957187098761267,0.10220318699117073,exp(m + variance/2) - 1,
161,2026-05-09,28,2026-06-06,M3,23.0,16.067181683259776,2.786720863829052,0.10087311169298752,exp(m + variance/2) - 1,
161,2026-05-09,28,2026-06-06,M4,23.0,16.7893811390009,2.827089690360021,0.10302404739502785,exp(m + variance/2) - 1,
161,2026-05-09,28,2026-06-06,M5,23.0,15.495263601632615,2.7522648728946932,0.1016168247146396,exp(m + variance/2) - 1,
162,2026-05-10,28,2026-06-07,M0,16.0,17.0,,,not applicable -- original-scale benchmark,2025-06-07
162,2026-05-10,28,2026-06-07,M1,16.0,16.984487800564583,2.838460915657368,0.1020973636555467,exp(m + variance/2) - 1,
162,2026-05-10,28,2026-06-07,M2,16.0,16.41341734434647,2.8062158070003465,0.10205042762055047,exp(m + variance/2) - 1,
162,2026-05-10,28,2026-06-07,M3,16.0,16.285709028543536,2.7994934777947904,0.10077322922549191,exp(m + variance/2) - 1,
162,2026-05-10,28,2026-06-07,M4,16.0,16.99548439979667,2.8386736143216247,0.10289449084853736,exp(m + variance/2) - 1,
162,2026-05-10,28,2026-06-07,M5,16.0,15.685656069835105,2.7638169348166293,0.10146499510147153,exp(m + variance/2) - 1,
163,2026-05-11,28,2026-06-08,M0,24.0,16.0,,,not applicable -- original-scale benchmark,2025-06-08
163,2026-05-11,28,2026-06-08,M1,24.0,17.402058013081,2.8614692166523064,0.1019865804901261,exp(m + variance/2) - 1,
163,2026-05-11,28,2026-06-08,M2,24.0,16.801789961861076,2.828338289463792,0.10192144486716156,exp(m + variance/2) - 1,
163,2026-05-11,28,2026-06-08,M3,24.0,16.708947105753676,2.8237203137646336,0.10069936860162024,exp(m + variance/2) - 1,
163,2026-05-11,28,2026-06-08,M4,24.0,17.46570559216417,2.864513817554533,0.10280288486130026,exp(m + variance/2) - 1,
163,2026-05-11,28,2026-06-08,M5,24.0,16.120326848244954,2.7895539243150647,0.1014250756387644,exp(m + variance/2) - 1,
164,2026-05-12,28,2026-06-09,M0,27.0,19.0,,,not applicable -- original-scale benchmark,2025-06-09
164,2026-05-12,28,2026-06-09,M1,27.0,17.108937888880074,2.8454589997833764,0.10189324524361845,exp(m + variance/2) - 1,
164,2026-05-12,28,2026-06-09,M2,27.0,17.152184642913674,2.847873833297619,0.10183417234117673,exp(m + variance/2) - 1,
164,2026-05-12,28,2026-06-09,M3,27.0,16.38544976192135,2.8053380473554173,0.10059117691673913,exp(m + variance/2) - 1,
164,2026-05-12,28,2026-06-09,M4,27.0,17.153706917805074,2.847527132483715,0.10269529053804352,exp(m + variance/2) - 1,
164,2026-05-12,28,2026-06-09,M5,27.0,16.51245384467683,2.8122698110460593,0.10128493009820162,exp(m + variance/2) - 1,
165,2026-05-13,28,2026-06-10,M0,15.0,24.0,,,not applicable -- original-scale benchmark,2025-06-10
165,2026-05-13,28,2026-06-10,M1,15.0,15.991944370210692,2.78176649758366,0.10194574717862352,exp(m + variance/2) - 1,
165,2026-05-13,28,2026-06-10,M2,15.0,16.024401036994657,2.783680181684198,0.1019349767037238,exp(m + variance/2) - 1,
165,2026-05-13,28,2026-06-10,M3,15.0,15.145670567961773,2.7313591688920487,0.10058553710109816,exp(m + variance/2) - 1,
165,2026-05-13,28,2026-06-10,M4,15.0,16.010709993112286,2.7824708532307207,0.10274458410780102,exp(m + variance/2) - 1,
165,2026-05-13,28,2026-06-10,M5,15.0,15.237987004899878,2.736697285805496,0.10131217668997286,exp(m + variance/2) - 1,
166,2026-05-14,28,2026-06-11,M0,29.0,30.0,,,not applicable -- original-scale benchmark,2025-06-11
166,2026-05-14,28,2026-06-11,M1,29.0,15.968135695355386,2.7804158242037182,0.10184278031968408,exp(m + variance/2) - 1,
166,2026-05-14,28,2026-06-11,M2,29.0,16.099233242052446,2.7881344470757408,0.10179835156298123,exp(m + variance/2) - 1,
166,2026-05-14,28,2026-06-11,M3,29.0,14.827767777582146,2.7115259117925743,0.10047988000386437,exp(m + variance/2) - 1,
166,2026-05-14,28,2026-06-11,M4,29.0,15.981604376780055,2.780812093424219,0.10263713852091418,exp(m + variance/2) - 1,
166,2026-05-14,28,2026-06-11,M5,29.0,15.032840468037897,2.724039927342053,0.10119844117970331,exp(m + variance/2) - 1,
167,2026-05-15,28,2026-06-12,M0,15.0,29.0,,,not applicable -- original-scale benchmark,2025-06-12
167,2026-05-15,28,2026-06-12,M1,15.0,15.848433181561198,2.773373247632735,0.10176883716930017,exp(m + variance/2) - 1,
167,2026-05-15,28,2026-06-12,M2,15.0,16.051281672304086,2.785373849260583,0.10170304607969771,exp(m + variance/2) - 1,
167,2026-05-15,28,2026-06-12,M3,15.0,14.627459038086926,2.6988290300956885,0.10040106316330549,exp(m + variance/2) - 1,
167,2026-05-15,28,2026-06-12,M4,15.0,15.856477250591237,2.7734510509067656,0.10256787717921846,exp(m + variance/2) - 1,
167,2026-05-15,28,2026-06-12,M5,15.0,14.908942549364195,2.7163397521183437,0.10108324698956246,exp(m + variance/2) - 1,
168,2026-05-16,28,2026-06-13,M0,22.0,31.0,,,not applicable -- original-scale benchmark,2025-06-13
168,2026-05-16,28,2026-06-13,M1,22.0,15.228875290975573,2.735855085109531,0.10187399172532952,exp(m + variance/2) - 1,
168,2026-05-16,28,2026-06-13,M2,22.0,15.50089437777083,2.752521809258179,0.10178554978543436,exp(m + variance/2) - 1,
168,2026-05-16,28,2026-06-13,M3,22.0,14.142484914711819,2.6672629394051017,0.10048284849119078,exp(m + variance/2) - 1,
168,2026-05-16,28,2026-06-13,M4,22.0,15.225525453639875,2.7352519664357007,0.10266736212481244,exp(m + variance/2) - 1,
168,2026-05-16,28,2026-06-13,M5,22.0,14.487658380205543,2.6894725366158916,0.10114187322378801,exp(m + variance/2) - 1,
169,2026-05-17,28,2026-06-14,M0,16.0,9.0,,,not applicable -- original-scale benchmark,2025-06-14
169,2026-05-17,28,2026-06-14,M1,16.0,14.598591693297957,2.6961470351689436,0.10206719788154883,exp(m + variance/2) - 1,
169,2026-05-17,28,2026-06-14,M2,16.0,14.930815688546515,2.7172848618862795,0.1019409305577009,exp(m + variance/2) - 1,
169,2026-05-17,28,2026-06-14,M3,16.0,13.555551927241902,2.6276530838583456,0.10063882546619676,exp(m + variance/2) - 1,
169,2026-05-17,28,2026-06-14,M4,16.0,14.587901522597507,2.6950538512140123,0.1028824374577259,exp(m + variance/2) - 1,
169,2026-05-17,28,2026-06-14,M5,16.0,13.951249874869717,2.6541781447331676,0.10123351055830179,exp(m + variance/2) - 1,
170,2026-05-18,28,2026-06-15,M0,13.0,19.0,,,not applicable -- original-scale benchmark,2025-06-15
170,2026-05-18,28,2026-06-15,M1,13.0,13.905621607078054,2.650527803284004,0.10242125515485563,exp(m + variance/2) - 1,
170,2026-05-18,28,2026-06-15,M2,13.0,14.288310116862952,2.6759740321193917,0.10222891919729116,exp(m + variance/2) - 1,
170,2026-05-18,28,2026-06-15,M3,13.0,12.911589511414551,2.5822553636800616,0.10093381371314447,exp(m + variance/2) - 1,
170,2026-05-18,28,2026-06-15,M4,13.0,13.940344403148478,2.652440656649099,0.10324915041889217,exp(m + variance/2) - 1,
170,2026-05-18,28,2026-06-15,M5,13.0,13.395201084411914,2.616140156868308,0.1015094722877998,exp(m + variance/2) - 1,
171,2026-05-19,28,2026-06-16,M0,11.0,27.0,,,not applicable -- original-scale benchmark,2025-06-16
171,2026-05-19,28,2026-06-16,M1,11.0,14.408796184341186,2.6839329230249653,0.10201120826865764,exp(m + variance/2) - 1,
171,2026-05-19,28,2026-06-16,M2,11.0,14.830559695161655,2.711045347105037,0.10179376554891059,exp(m + variance/2) - 1,
171,2026-05-19,28,2026-06-16,M3,11.0,13.851916211945625,2.6478494238441703,0.10055894184265679,exp(m + variance/2) - 1,
171,2026-05-19,28,2026-06-16,M4,11.0,14.452102767889865,2.686334989350576,0.10282021242751369,exp(m + variance/2) - 1,
171,2026-05-19,28,2026-06-16,M5,11.0,14.380631034570333,2.6825369029331756,0.10114417971714264,exp(m + variance/2) - 1,
172,2026-05-20,28,2026-06-17,M0,17.0,25.0,,,not applicable -- original-scale benchmark,2025-06-17
172,2026-05-20,28,2026-06-17,M1,17.0,15.138820134281385,2.73040156218225,0.10165199204451182,exp(m + variance/2) - 1,
172,2026-05-20,28,2026-06-17,M2,17.0,14.982033438433666,2.7206894502930967,0.1015514618257555,exp(m + variance/2) - 1,
172,2026-05-20,28,2026-06-17,M3,17.0,14.556761615982824,2.694373315229319,0.10024411898863793,exp(m + variance/2) - 1,
172,2026-05-20,28,2026-06-17,M4,17.0,15.192004170772577,2.7332985307242468,0.10243803992614675,exp(m + variance/2) - 1,
172,2026-05-20,28,2026-06-17,M5,17.0,14.452551362293729,2.6873451657881144,0.10085792128022743,exp(m + variance/2) - 1,
173,2026-05-21,28,2026-06-18,M0,20.0,16.0,,,not applicable -- original-scale benchmark,2025-06-18
173,2026-05-21,28,2026-06-18,M1,20.0,16.019997100007785,2.783593948696696,0.10159000812239154,exp(m + variance/2) - 1,
173,2026-05-21,28,2026-06-18,M2,20.0,15.893072234484144,2.7761518987278917,0.101503424409026,exp(m + variance/2) - 1,
173,2026-05-21,28,2026-06-18,M3,20.0,15.463367353493808,2.751026500323334,0.10022250395781418,exp(m + variance/2) - 1,
173,2026-05-21,28,2026-06-18,M4,20.0,16.08448441776093,2.7869802612649845,0.10238089273463014,exp(m + variance/2) - 1,
173,2026-05-21,28,2026-06-18,M5,20.0,15.398388515878327,2.746731559955281,0.10090301763997983,exp(m + variance/2) - 1,
174,2026-05-22,28,2026-06-19,M0,17.0,19.0,,,not applicable -- original-scale benchmark,2025-06-19
174,2026-05-22,28,2026-06-19,M1,17.0,16.653330694648357,2.820082726861829,0.1016834932529328,exp(m + variance/2) - 1,
174,2026-05-22,28,2026-06-19,M2,17.0,16.549430980092612,2.8141969176746873,0.10164921784962408,exp(m + variance/2) - 1,
174,2026-05-22,28,2026-06-19,M3,17.0,15.908745951544436,2.7776505762975954,0.10036084738804772,exp(m + variance/2) - 1,
174,2026-05-22,28,2026-06-19,M4,17.0,16.72437709206788,2.8236993775008563,0.10248310279627465,exp(m + variance/2) - 1,
174,2026-05-22,28,2026-06-19,M5,17.0,15.889535826972711,2.776149064481745,0.10109036767822015,exp(m + variance/2) - 1,
175,2026-05-23,28,2026-06-20,M0,19.0,15.0,,,not applicable -- original-scale benchmark,2025-06-20
175,2026-05-23,28,2026-06-20,M1,19.0,16.94832054840612,2.8366315913922238,0.10172991280381123,exp(m + variance/2) - 1,
175,2026-05-23,28,2026-06-20,M2,19.0,16.86592178662192,2.8320362658274685,0.1017176433296037,exp(m + variance/2) - 1,
175,2026-05-23,28,2026-06-20,M3,19.0,16.440381850770496,2.8085732003116317,0.10043022608498953,exp(m + variance/2) - 1,
175,2026-05-23,28,2026-06-20,M4,19.0,17.02063244748886,2.8402544277883806,0.10252584150178262,exp(m + variance/2) - 1,
175,2026-05-23,28,2026-06-20,M5,19.0,16.43813515172018,2.8080468075775826,0.10122535162411013,exp(m + variance/2) - 1,
176,2026-05-24,28,2026-06-21,M0,22.0,13.0,,,not applicable -- original-scale benchmark,2025-06-21
176,2026-05-24,28,2026-06-21,M1,22.0,17.709812145303072,2.878016298737066,0.10206360232394773,exp(m + variance/2) - 1,
176,2026-05-24,28,2026-06-21,M2,22.0,17.648095067168295,2.874690019470694,0.10210796046353009,exp(m + variance/2) - 1,
176,2026-05-24,28,2026-06-21,M3,22.0,17.20778492307711,2.851442717575231,0.10081305615552827,exp(m + variance/2) - 1,
176,2026-05-24,28,2026-06-21,M4,22.0,17.7922665713271,2.8820120708303083,0.10286672357585255,exp(m + variance/2) - 1,
176,2026-05-24,28,2026-06-21,M5,22.0,17.23468922847305,2.8524981303842374,0.10165530229351372,exp(m + variance/2) - 1,
177,2026-05-25,28,2026-06-22,M0,26.0,12.0,,,not applicable -- original-scale benchmark,2025-06-22
177,2026-05-25,28,2026-06-22,M1,26.0,18.623946128482604,2.925461935242011,0.10257725305010994,exp(m + variance/2) - 1,
177,2026-05-25,28,2026-06-22,M2,26.0,18.580490863037273,2.9231986106966246,0.10267019141050981,exp(m + variance/2) - 1,
177,2026-05-25,28,2026-06-22,M3,26.0,18.122774714667525,2.9001884533830276,0.10138312954240467,exp(m + variance/2) - 1,
177,2026-05-25,28,2026-06-22,M4,26.0,18.62262626507507,2.9249886874831654,0.10338922844769431,exp(m + variance/2) - 1,
177,2026-05-25,28,2026-06-22,M5,26.0,18.102401220103367,2.8986581993684073,0.10231169222461807,exp(m + variance/2) - 1,
178,2026-05-26,28,2026-06-23,M0,6.0,20.0,,,not applicable -- original-scale benchmark,2025-06-23
178,2026-05-26,28,2026-06-23,M1,6.0,17.866016157866405,2.8863308649079347,0.10206270354727526,exp(m + variance/2) - 1,
178,2026-05-26,28,2026-06-23,M2,6.0,17.8328638103327,2.8845360618775358,0.10213471374233822,exp(m + variance/2) - 1,
178,2026-05-26,28,2026-06-23,M3,6.0,17.338889719234704,2.8585963806062145,0.10085509126927344,exp(m + variance/2) - 1,
178,2026-05-26,28,2026-06-23,M4,6.0,17.850348948623008,2.885099013580044,0.10286482401184567,exp(m + variance/2) - 1,
178,2026-05-26,28,2026-06-23,M5,6.0,17.32612088734581,2.8574481320388045,0.10175856195256756,exp(m + variance/2) - 1,
179,2026-05-27,28,2026-06-24,M0,10.0,19.0,,,not applicable -- original-scale benchmark,2025-06-24
179,2026-05-27,28,2026-06-24,M1,10.0,18.361777907239624,2.912167533134077,0.10226675709899746,exp(m + variance/2) - 1,
179,2026-05-27,28,2026-06-24,M2,10.0,18.34102332824949,2.911047153744196,0.10236249481392125,exp(m + variance/2) - 1,
179,2026-05-27,28,2026-06-24,M3,10.0,17.870333712013938,2.887045080096228,0.10109192783853665,exp(m + variance/2) - 1,
179,2026-05-27,28,2026-06-24,M4,10.0,18.351610077028877,2.9112413842868876,0.1030684796849749,exp(m + variance/2) - 1,
179,2026-05-27,28,2026-06-24,M5,10.0,17.867575131830122,2.8864496587189863,0.10199037705313026,exp(m + variance/2) - 1,
180,2026-05-28,28,2026-06-25,M0,26.0,19.0,,,not applicable -- original-scale benchmark,2025-06-25
180,2026-05-28,28,2026-06-25,M1,26.0,19.12712539977776,2.950770188848119,0.10259647761403531,exp(m + variance/2) - 1,
180,2026-05-28,28,2026-06-25,M2,26.0,19.11906780490489,2.950304586201133,0.10272685238577162,exp(m + variance/2) - 1,
180,2026-05-28,28,2026-06-25,M3,26.0,18.597186312576728,2.9246646337722657,0.10144273335670459,exp(m + variance/2) - 1,
180,2026-05-28,28,2026-06-25,M4,26.0,19.124513030545945,2.9502338106442214,0.10340963025538895,exp(m + variance/2) - 1,
180,2026-05-28,28,2026-06-25,M5,26.0,18.615239920029676,2.9251200091388387,0.10237360380981037,exp(m + variance/2) - 1,
181,2026-05-29,28,2026-06-26,M0,23.0,16.0,,,not applicable -- original-scale benchmark,2025-06-26
181,2026-05-29,28,2026-06-26,M1,23.0,19.61822937129912,2.9747753443930547,0.10280052205527054,exp(m + variance/2) - 1,
181,2026-05-29,28,2026-06-26,M2,23.0,19.619904490769983,2.974784038931956,0.10294561554541216,exp(m + variance/2) - 1,
181,2026-05-29,28,2026-06-26,M3,23.0,19.186403477221337,2.9541690289677125,0.10168050724423379,exp(m + variance/2) - 1,
181,2026-05-29,28,2026-06-26,M4,23.0,19.61807382305274,2.974365473086931,0.10360517619116755,exp(m + variance/2) - 1,
181,2026-05-29,28,2026-06-26,M5,23.0,19.217136493353294,2.95519964472168,0.10266188260506581,exp(m + variance/2) - 1,
182,2026-05-30,28,2026-06-27,M0,19.0,30.0,,,not applicable -- original-scale benchmark,2025-06-27
182,2026-05-30,28,2026-06-27,M1,19.0,20.565064113801203,3.0194003732423855,0.1033484598039579,exp(m + variance/2) - 1,
182,2026-05-30,28,2026-06-27,M2,19.0,20.57799722105836,3.0199146241674466,0.10351904835163424,exp(m + variance/2) - 1,
182,2026-05-30,28,2026-06-27,M3,19.0,20.243730982080674,3.00492959563479,0.10226448720577527,exp(m + variance/2) - 1,
182,2026-05-30,28,2026-06-27,M4,19.0,20.57309697060977,3.0193674285721253,0.10415919841013875,exp(m + variance/2) - 1,
182,2026-05-30,28,2026-06-27,M5,19.0,20.28834518100716,3.006523734974427,0.10327202677139478,exp(m + variance/2) - 1,
183,2026-05-31,28,2026-06-28,M0,26.0,15.0,,,not applicable -- original-scale benchmark,2025-06-28
183,2026-05-31,28,2026-06-28,M1,26.0,19.480855426437053,2.9681498164254076,0.10268150348520289,exp(m + variance/2) - 1,
183,2026-05-31,28,2026-06-28,M2,26.0,19.494052985125826,2.9687209262277245,0.10282763908689088,exp(m + variance/2) - 1,
183,2026-05-31,28,2026-06-28,M3,26.0,19.20729061244203,2.955238607101701,0.10160970719403084,exp(m + variance/2) - 1,
183,2026-05-31,28,2026-06-28,M4,26.0,19.47348785910966,2.967387800993846,0.1034859459661603,exp(m + variance/2) - 1,
183,2026-05-31,28,2026-06-28,M5,26.0,19.239644537987555,2.9563595443819835,0.10256747506133584,exp(m + variance/2) - 1,
184,2026-06-01,28,2026-06-29,M0,26.0,13.0,,,not applicable -- original-scale benchmark,2025-06-29
184,2026-06-01,28,2026-06-29,M1,26.0,21.7525328916556,3.072616647767639,0.10411965465777771,exp(m + variance/2) - 1,
184,2026-06-01,28,2026-06-29,M2,26.0,21.78323653535221,3.0738825832124315,0.10428488529835872,exp(m + variance/2) - 1,
184,2026-06-01,28,2026-06-29,M3,26.0,21.470799719755522,3.06065317197751,0.10312700828143359,exp(m + variance/2) - 1,
184,2026-06-01,28,2026-06-29,M4,26.0,21.11197680672078,3.043637607897599,0.1049635815740024,exp(m + variance/2) - 1,
184,2026-06-01,28,2026-06-29,M5,26.0,20.94987177144477,3.036668680781604,0.10418523374978736,exp(m + variance/2) - 1,
185,2026-06-02,28,2026-06-30,M0,21.0,18.0,,,not applicable -- original-scale benchmark,2025-06-30
185,2026-06-02,28,2026-06-30,M1,21.0,21.9176147665951,3.0798537298138666,0.10410417768432584,exp(m + variance/2) - 1,
185,2026-06-02,28,2026-06-30,M2,21.0,21.952296465031864,3.0812576086706156,0.10432077333139608,exp(m + variance/2) - 1,
185,2026-06-02,28,2026-06-30,M3,21.0,21.879747879879606,3.0786801388345326,0.1031440167606419,exp(m + variance/2) - 1,
185,2026-06-02,28,2026-06-30,M4,21.0,21.261275266283405,3.050372060424065,0.10495314674559421,exp(m + variance/2) - 1,
185,2026-06-02,28,2026-06-30,M5,21.0,21.331364574275366,3.0539012240836065,0.10418189872571217,exp(m + variance/2) - 1,
186,2026-06-03,28,2026-07-01,M0,16.0,16.0,,,not applicable -- original-scale benchmark,2025-07-01
186,2026-06-03,28,2026-07-01,M1,16.0,23.615709173662804,3.1507488144972426,0.10527201785624082,exp(m + variance/2) - 1,
186,2026-06-03,28,2026-07-01,M2,16.0,23.662964599762812,3.1525483876506764,0.10550864365656958,exp(m + variance/2) - 1,
186,2026-06-03,28,2026-07-01,M3,16.0,23.55563052482241,3.148767681335772,0.10434699177633451,exp(m + variance/2) - 1,
186,2026-06-03,28,2026-07-01,M4,16.0,22.90770331138812,3.1211403378637677,0.10612076685125765,exp(m + variance/2) - 1,
186,2026-06-03,28,2026-07-01,M5,16.0,22.972874157063824,3.1241948561346975,0.1054561831015089,exp(m + variance/2) - 1,
187,2026-06-04,28,2026-07-02,M0,12.0,14.0,,,not applicable -- original-scale benchmark,2025-07-02
187,2026-06-04,28,2026-07-02,M1,12.0,25.980023364636896,3.2415903667380626,0.10701270007914912,exp(m + variance/2) - 1,
187,2026-06-04,28,2026-07-02,M2,12.0,26.04469103189487,3.2438533760071953,0.10727469005631265,exp(m + variance/2) - 1,
187,2026-06-04,28,2026-07-02,M3,12.0,25.7354581146349,3.232906832515443,0.10616774225563191,exp(m + variance/2) - 1,
187,2026-06-04,28,2026-07-02,M4,12.0,25.204788485477437,3.2120004033869325,0.10788351460322163,exp(m + variance/2) - 1,
187,2026-06-04,28,2026-07-02,M5,12.0,25.113506981376624,3.208779891312865,0.10734559603851138,exp(m + variance/2) - 1,
188,2026-06-05,28,2026-07-03,M0,18.0,15.0,,,not applicable -- original-scale benchmark,2025-07-03
188,2026-06-05,28,2026-07-03,M1,18.0,25.668286696221564,3.230147798291899,0.1066545939538161,exp(m + variance/2) - 1,
188,2026-06-05,28,2026-07-03,M2,18.0,25.731163433683403,3.232369673439032,0.1069207623098381,exp(m + variance/2) - 1,
188,2026-06-05,28,2026-07-03,M3,18.0,25.540204043885865,3.2257464641899056,0.10582850569820662,exp(m + variance/2) - 1,
188,2026-06-05,28,2026-07-03,M4,18.0,24.885067975524674,3.1999088549722012,0.107514842873462,exp(m + variance/2) - 1,
188,2026-06-05,28,2026-07-03,M5,18.0,24.905955243876036,3.2009812564550266,0.10698323603219051,exp(m + variance/2) - 1,
189,2026-06-06,28,2026-07-04,M0,18.0,8.0,,,not applicable -- original-scale benchmark,2025-07-04
189,2026-06-06,28,2026-07-04,M1,18.0,25.30604976381523,3.216651529593963,0.10629482435907309,exp(m + variance/2) - 1,
189,2026-06-06,28,2026-07-04,M2,18.0,25.365018370533996,3.2187626491317243,0.1065508412555688,exp(m + variance/2) - 1,
189,2026-06-06,28,2026-07-04,M3,18.0,25.48082321729074,3.223679665243913,0.10548230721586224,exp(m + variance/2) - 1,
189,2026-06-06,28,2026-07-04,M4,18.0,24.523308607724292,3.1860191504000994,0.10714589462212024,exp(m + variance/2) - 1,
189,2026-06-06,28,2026-07-04,M5,18.0,24.818548702114285,3.1977780633709245,0.10663022436820946,exp(m + variance/2) - 1,
190,2026-06-07,28,2026-07-05,M0,13.0,10.0,,,not applicable -- original-scale benchmark,2025-07-05
190,2026-06-07,28,2026-07-05,M1,13.0,23.378075729992894,3.141023191061676,0.10532200331261997,exp(m + variance/2) - 1,
190,2026-06-07,28,2026-07-05,M2,13.0,23.422024439042385,3.142697431221565,0.10557586977318642,exp(m + variance/2) - 1,
190,2026-06-07,28,2026-07-05,M3,13.0,23.562745424803783,3.1489741769022714,0.1045134090536168,exp(m + variance/2) - 1,
190,2026-06-07,28,2026-07-05,M4,13.0,22.632172452493386,3.1095146615572915,0.10618872323869841,exp(m + variance/2) - 1,
190,2026-06-07,28,2026-07-05,M5,13.0,22.933691954518064,3.1224724527735037,0.10562943734473484,exp(m + variance/2) - 1,
191,2026-06-08,28,2026-07-06,M0,16.0,18.0,,,not applicable -- original-scale benchmark,2025-07-06
191,2026-06-08,28,2026-07-06,M1,16.0,23.850268164185973,3.1601685653265315,0.10539995694642287,exp(m + variance/2) - 1,
191,2026-06-08,28,2026-07-06,M2,16.0,23.898829292413005,3.1620055448411843,0.10563048231043604,exp(m + variance/2) - 1,
191,2026-06-08,28,2026-07-06,M3,16.0,24.05171986575024,3.1686457448317844,0.10459347531532526,exp(m + variance/2) - 1,
191,2026-06-08,28,2026-07-06,M4,16.0,23.556180447554734,3.1478430499402568,0.10624104401588724,exp(m + variance/2) - 1,
191,2026-06-08,28,2026-07-06,M5,16.0,23.83250045018155,3.1593102118856455,0.10568617070090504,exp(m + variance/2) - 1,
192,2026-06-09,28,2026-07-07,M0,13.0,24.0,,,not applicable -- original-scale benchmark,2025-07-07
192,2026-06-09,28,2026-07-07,M1,13.0,24.55844173538364,3.188227883451654,0.1054795584597995,exp(m + variance/2) - 1,
192,2026-06-09,28,2026-07-07,M2,13.0,24.44934045717975,3.1838361537441164,0.10570734735618628,exp(m + variance/2) - 1,
192,2026-06-09,28,2026-07-07,M3,13.0,24.957206202791475,3.204097414294325,0.10470370488647454,exp(m + variance/2) - 1,
192,2026-06-09,28,2026-07-07,M4,13.0,24.248323079047097,3.1755956939143744,0.1063280937811334,exp(m + variance/2) - 1,
192,2026-06-09,28,2026-07-07,M5,13.0,24.52156277691229,3.186626485208427,0.10579441746611146,exp(m + variance/2) - 1,
193,2026-06-10,28,2026-07-08,M0,20.0,24.0,,,not applicable -- original-scale benchmark,2025-07-08
193,2026-06-10,28,2026-07-08,M1,20.0,22.545588247125185,3.1063845971590385,0.10510774035067738,exp(m + variance/2) - 1,
193,2026-06-10,28,2026-07-08,M2,20.0,22.374335665807305,3.099002678277804,0.10527195155788865,exp(m + variance/2) - 1,
193,2026-06-10,28,2026-07-08,M3,20.0,23.095642647405754,3.1298785196570558,0.10430500296101848,exp(m + variance/2) - 1,
193,2026-06-10,28,2026-07-08,M4,20.0,22.231512591416376,3.0925305825760483,0.10595815158716573,exp(m + variance/2) - 1,
193,2026-06-10,28,2026-07-08,M5,20.0,22.59181760099578,3.108252788321369,0.10529430353908494,exp(m + variance/2) - 1,
194,2026-06-11,28,2026-07-09,M0,16.0,16.0,,,not applicable -- original-scale benchmark,2025-07-09
194,2026-06-11,28,2026-07-09,M1,16.0,24.064599288730296,3.1688042606410374,0.10530440612350028,exp(m + variance/2) - 1,
194,2026-06-11,28,2026-07-09,M2,16.0,23.7714154743687,3.1569664928805845,0.10544778738806132,exp(m + variance/2) - 1,
194,2026-06-11,28,2026-07-09,M3,16.0,24.853667064908443,3.2001710935049927,0.10456271353171628,exp(m + variance/2) - 1,
194,2026-06-11,28,2026-07-09,M4,16.0,23.74409725865854,3.155517049480448,0.10613983298047347,exp(m + variance/2) - 1,
194,2026-06-11,28,2026-07-09,M5,16.0,24.16069001926715,3.172510712822028,0.10554428776647687,exp(m + variance/2) - 1,
195,2026-06-12,28,2026-07-10,M0,15.0,17.0,,,not applicable -- original-scale benchmark,2025-07-10
195,2026-06-12,28,2026-07-10,M1,15.0,22.147752321917512,3.0892592444739595,0.1052768788374957,exp(m + variance/2) - 1,
195,2026-06-12,28,2026-07-10,M2,15.0,21.854530027747852,3.076406169333791,0.10548635804931665,exp(m + variance/2) - 1,
195,2026-06-12,28,2026-07-10,M3,15.0,22.726025367350474,3.114330158160568,0.10448480851434613,exp(m + variance/2) - 1,
195,2026-06-12,28,2026-07-10,M4,15.0,21.823029008536825,3.0746933330150665,0.1061534748558828,exp(m + variance/2) - 1,
195,2026-06-12,28,2026-07-10,M5,15.0,22.06661540648635,3.085649944569626,0.1054728142425329,exp(m + variance/2) - 1,
196,2026-06-13,28,2026-07-11,M0,15.0,16.0,,,not applicable -- original-scale benchmark,2025-07-11
196,2026-06-13,28,2026-07-11,M1,15.0,22.541982007663396,3.1061759860662623,0.10521861931662216,exp(m + variance/2) - 1,
196,2026-06-13,28,2026-07-11,M2,15.0,22.190433856230623,3.091050033140374,0.10537965343155534,exp(m + variance/2) - 1,
196,2026-06-13,28,2026-07-11,M3,15.0,23.28529368375534,3.137669849013584,0.10440223985439703,exp(m + variance/2) - 1,
196,2026-06-13,28,2026-07-11,M4,15.0,22.220397094847293,3.0919974041531457,0.10606734676996901,exp(m + variance/2) - 1,
196,2026-06-13,28,2026-07-11,M5,15.0,22.53421078910854,3.1057638678028097,0.1053825459787089,exp(m + variance/2) - 1,
197,2026-06-14,28,2026-07-12,M0,14.0,18.0,,,not applicable -- original-scale benchmark,2025-07-12
197,2026-06-14,28,2026-07-12,M1,14.0,21.369871545103745,3.0550196913472383,0.10539068370834237,exp(m + variance/2) - 1,
197,2026-06-14,28,2026-07-12,M2,14.0,21.023682392811775,3.0393205689887095,0.10559555557838894,exp(m + variance/2) - 1,
197,2026-06-14,28,2026-07-12,M3,14.0,22.17013803466884,3.090624825622531,0.10447894055569379,exp(m + variance/2) - 1,
197,2026-06-14,28,2026-07-12,M4,14.0,21.05170586412945,3.040271185790576,0.10623755312492861,exp(m + variance/2) - 1,
197,2026-06-14,28,2026-07-12,M5,14.0,21.421813573297058,3.0572621168235585,0.10554437683718654,exp(m + variance/2) - 1,
198,2026-06-15,28,2026-07-13,M0,21.0,17.0,,,not applicable -- original-scale benchmark,2025-07-13
198,2026-06-15,28,2026-07-13,M1,21.0,19.84389520992118,2.984114956470429,0.1058923064282434,exp(m + variance/2) - 1,
198,2026-06-15,28,2026-07-13,M2,21.0,19.523145595485726,2.968483984896963,0.10613863556849243,exp(m + variance/2) - 1,
198,2026-06-15,28,2026-07-13,M3,21.0,20.682687875232173,3.024100926359643,0.10482644402371968,exp(m + variance/2) - 1,
198,2026-06-15,28,2026-07-13,M4,21.0,19.50653829892289,2.967378174636258,0.10673120413595524,exp(m + variance/2) - 1,
198,2026-06-15,28,2026-07-13,M5,21.0,19.948180691169515,2.989101380231496,0.10590084369765339,exp(m + variance/2) - 1,
199,2026-06-16,28,2026-07-14,M0,22.0,20.0,,,not applicable -- original-scale benchmark,2025-07-14
199,2026-06-16,28,2026-07-14,M1,22.0,18.143998407610596,2.898449042225583,0.10708045040186101,exp(m + variance/2) - 1,
199,2026-06-16,28,2026-07-14,M2,22.0,17.854731876543052,2.883075937153777,0.10737594634264258,exp(m + variance/2) - 1,
199,2026-06-16,28,2026-07-14,M3,22.0,18.984803151309404,2.9420293621356914,0.1058855603143789,exp(m + variance/2) - 1,
199,2026-06-16,28,2026-07-14,M4,22.0,17.815245701194844,2.8807038306618042,0.1079273041831457,exp(m + variance/2) - 1,
199,2026-06-16,28,2026-07-14,M5,22.0,18.285994003635864,2.905855936917042,0.10704639250624734,exp(m + variance/2) - 1,
200,2026-06-17,28,2026-07-15,M0,17.0,18.0,,,not applicable -- original-scale benchmark,2025-07-15
200,2026-06-17,28,2026-07-15,M1,17.0,18.319966713145373,2.9077064853464787,0.10686524102865366,exp(m + variance/2) - 1,
200,2026-06-17,28,2026-07-15,M2,17.0,18.0981784997739,2.8960473696011393,0.10709118879957333,exp(m + variance/2) - 1,
200,2026-06-17,28,2026-07-15,M3,17.0,19.243863528556076,2.954996828856628,0.10570976628897202,exp(m + variance/2) - 1,
200,2026-06-17,28,2026-07-15,M4,17.0,17.99026629419967,2.890064983745348,0.10772312769035104,exp(m + variance/2) - 1,
200,2026-06-17,28,2026-07-15,M5,17.0,18.61970470173787,2.923131684982024,0.10680543632420841,exp(m + variance/2) - 1,
201,2026-06-18,28,2026-07-16,M0,13.0,18.0,,,not applicable -- original-scale benchmark,2025-07-16
201,2026-06-18,28,2026-07-16,M1,13.0,18.867089548320248,2.9358506098635444,0.10642792260476186,exp(m + variance/2) - 1,
201,2026-06-18,28,2026-07-16,M2,13.0,18.70037991575495,2.927366090573348,0.10654366009668656,exp(m + variance/2) - 1,
201,2026-06-18,28,2026-07-16,M3,13.0,19.72358746685348,2.9786231729250607,0.10529873954265535,exp(m + variance/2) - 1,
201,2026-06-18,28,2026-07-16,M4,13.0,18.537246054428767,2.9187073134582264,0.10723076870192413,exp(m + variance/2) - 1,
201,2026-06-18,28,2026-07-16,M5,13.0,19.169686575947573,2.9510286138247497,0.10630439780107326,exp(m + variance/2) - 1,
202,2026-06-19,28,2026-07-17,M0,16.0,32.0,,,not applicable -- original-scale benchmark,2025-07-17
202,2026-06-19,28,2026-07-17,M1,16.0,18.722747975206932,2.9285748844623782,0.10639560931874756,exp(m + variance/2) - 1,
202,2026-06-19,28,2026-07-17,M2,16.0,18.581722874594092,2.9213182728021883,0.10655670396289926,exp(m + variance/2) - 1,
202,2026-06-19,28,2026-07-17,M3,16.0,19.71361485408674,2.978139051444405,0.10530431008394762,exp(m + variance/2) - 1,
202,2026-06-19,28,2026-07-17,M4,16.0,18.3897902944781,2.9111268493345164,0.10723960944752459,exp(m + variance/2) - 1,
202,2026-06-19,28,2026-07-17,M5,16.0,19.186472481502342,2.9518544558824966,0.1063164901117665,exp(m + variance/2) - 1,
203,2026-06-20,28,2026-07-18,M0,20.0,17.0,,,not applicable -- original-scale benchmark,2025-07-18
203,2026-06-20,28,2026-07-18,M1,20.0,19.085530318704986,2.9469132069854655,0.10617292839329923,exp(m + variance/2) - 1,
203,2026-06-20,28,2026-07-18,M2,20.0,18.973623781258254,2.9412651309588234,0.10629492252318684,exp(m + variance/2) - 1,
203,2026-06-20,28,2026-07-18,M3,20.0,19.94700092591859,2.989443305727825,0.10510435299744898,exp(m + variance/2) - 1,
203,2026-06-20,28,2026-07-18,M4,20.0,18.751344185411263,2.929718564484869,0.10700596913421437,exp(m + variance/2) - 1,
203,2026-06-20,28,2026-07-18,M5,20.0,19.471881643318014,2.966027008991967,0.10605061691117758,exp(m + variance/2) - 1,
204,2026-06-21,28,2026-07-19,M0,17.0,20.0,,,not applicable -- original-scale benchmark,2025-07-19
204,2026-06-21,28,2026-07-19,M1,17.0,19.89749201135752,2.9867642084157793,0.10572988779579481,exp(m + variance/2) - 1,
204,2026-06-21,28,2026-07-19,M2,17.0,19.805350257265133,2.9822153351685152,0.10598968473867468,exp(m + variance/2) - 1,
204,2026-06-21,28,2026-07-19,M3,17.0,20.752524660451627,3.0273127815321796,0.10483409121755943,exp(m + variance/2) - 1,
204,2026-06-21,28,2026-07-19,M4,17.0,19.55159324854707,2.9695845435276818,0.10670784950432699,exp(m + variance/2) - 1,
204,2026-06-21,28,2026-07-19,M5,17.0,20.310249578805347,3.006312328150137,0.10575165941621081,exp(m + variance/2) - 1,
205,2026-06-22,28,2026-07-20,M0,14.0,17.0,,,not applicable -- original-scale benchmark,2025-07-20
205,2026-06-22,28,2026-07-20,M1,14.0,21.1992408737917,3.0471747345446163,0.10576671774942313,exp(m + variance/2) - 1,
205,2026-06-22,28,2026-07-20,M2,14.0,21.13569073450263,3.044253777501891,0.10587498745934243,exp(m + variance/2) - 1,
205,2026-06-22,28,2026-07-20,M3,14.0,22.084109816265023,3.086779698728918,0.10472959070883014,exp(m + variance/2) - 1,
205,2026-06-22,28,2026-07-20,M4,14.0,20.90170021947378,3.033288257284024,0.10655202423470952,exp(m + variance/2) - 1,
205,2026-06-22,28,2026-07-20,M5,14.0,21.71217584771856,3.0701026613816613,0.10559700052322765,exp(m + variance/2) - 1,
206,2026-06-23,28,2026-07-21,M0,11.0,22.0,,,not applicable -- original-scale benchmark,2025-07-21
206,2026-06-23,28,2026-07-21,M1,11.0,17.14867880011142,2.844961765420317,0.10727199851736974,exp(m + variance/2) - 1,
206,2026-06-23,28,2026-07-21,M2,11.0,17.08583592124965,2.8414294664145197,0.10739923944232335,exp(m + variance/2) - 1,
206,2026-06-23,28,2026-07-21,M3,11.0,17.94963882865446,2.88864051582309,0.10628871269961959,exp(m + variance/2) - 1,
206,2026-06-23,28,2026-07-21,M4,11.0,16.85867231132958,2.8283969832815847,0.10818450146431226,exp(m + variance/2) - 1,
206,2026-06-23,28,2026-07-21,M5,11.0,17.583215207397075,2.8686433666756823,0.1072307968472185,exp(m + variance/2) - 1,
207,2026-06-24,28,2026-07-22,M0,11.0,19.0,,,not applicable -- original-scale benchmark,2025-07-22
207,2026-06-24,28,2026-07-22,M1,11.0,16.176227573910513,2.7895655964745085,0.1079214270864419,exp(m + variance/2) - 1,
207,2026-06-24,28,2026-07-22,M2,11.0,16.1272395509846,2.78667320812007,0.10799388835504467,exp(m + variance/2) - 1,
207,2026-06-24,28,2026-07-22,M3,11.0,17.001417876469688,2.836992651181445,0.10691574905487301,exp(m + variance/2) - 1,
207,2026-06-24,28,2026-07-22,M4,11.0,15.899625564680477,2.7728782085930526,0.10882651430892512,exp(m + variance/2) - 1,
207,2026-06-24,28,2026-07-22,M5,11.0,16.655931496999713,2.817131246703091,0.10788108474587194,exp(m + variance/2) - 1,
208,2026-06-25,28,2026-07-23,M0,15.0,12.0,,,not applicable -- original-scale benchmark,2025-07-23
208,2026-06-25,28,2026-07-23,M1,15.0,18.14315377051218,2.8987169621051154,0.10645636828989137,exp(m + variance/2) - 1,
208,2026-06-25,28,2026-07-23,M2,15.0,18.105518415425422,2.896702029176241,0.10655037283984628,exp(m + variance/2) - 1,
208,2026-06-25,28,2026-07-23,M3,15.0,19.060685048584286,2.946004946871807,0.10551397011632328,exp(m + variance/2) - 1,
208,2026-06-25,28,2026-07-23,M4,15.0,17.887962537633346,2.884878359056171,0.10729291465994685,exp(m + variance/2) - 1,
208,2026-06-25,28,2026-07-23,M5,15.0,18.75295678720731,2.930101166019312,0.1064040497339148,exp(m + variance/2) - 1,
209,2026-06-26,28,2026-07-24,M0,14.0,15.0,,,not applicable -- original-scale benchmark,2025-07-24
209,2026-06-26,28,2026-07-24,M1,14.0,19.10838589276678,2.948122336492678,0.10602920032081581,exp(m + variance/2) - 1,
209,2026-06-26,28,2026-07-24,M2,14.0,19.07601070797677,2.9464154477239886,0.10622031488116282,exp(m + variance/2) - 1,
209,2026-06-26,28,2026-07-24,M3,14.0,20.144217852439382,2.99881509689914,0.10510276724885721,exp(m + variance/2) - 1,
209,2026-06-26,28,2026-07-24,M4,14.0,18.86690780157078,2.9356337724630572,0.10684330105887002,exp(m + variance/2) - 1,
209,2026-06-26,28,2026-07-24,M5,14.0,19.862318630422827,2.9849704981577942,0.10594819444732358,exp(m + variance/2) - 1,
210,2026-06-27,28,2026-07-25,M0,15.0,19.0,,,not applicable -- original-scale benchmark,2025-07-25
210,2026-06-27,28,2026-07-25,M1,15.0,19.391916008417933,2.9621797658110345,0.10591756480929422,exp(m + variance/2) - 1,
210,2026-06-27,28,2026-07-25,M2,15.0,19.373352496726636,2.9612288530488224,0.10599788750494571,exp(m + variance/2) - 1,
210,2026-06-27,28,2026-07-25,M3,15.0,20.406762630688014,3.011210713787202,0.10499233819905603,exp(m + variance/2) - 1,
210,2026-06-27,28,2026-07-25,M4,15.0,19.15974507610579,2.9503268777672065,0.10672184064315457,exp(m + variance/2) - 1,
210,2026-06-27,28,2026-07-25,M5,15.0,20.146637946220398,2.998558104413888,0.10584565217779911,exp(m + variance/2) - 1,
211,2026-06-28,28,2026-07-26,M0,19.0,14.0,,,not applicable -- original-scale benchmark,2025-07-26
211,2026-06-28,28,2026-07-26,M1,19.0,20.888909687729534,3.0329542661691415,0.10605167086603555,exp(m + variance/2) - 1,
211,2026-06-28,28,2026-07-26,M2,19.0,20.877963588356515,3.032400800414087,0.10615820195620168,exp(m + variance/2) - 1,
211,2026-06-28,28,2026-07-26,M3,19.0,21.951973005704318,3.080851372696438,0.10510505972478788,exp(m + variance/2) - 1,
211,2026-06-28,28,2026-07-26,M4,19.0,20.66650281672075,3.022336976704402,0.1068608843786702,exp(m + variance/2) - 1,
211,2026-06-28,28,2026-07-26,M5,19.0,21.71493047618425,3.070037289672255,0.10597029766751181,exp(m + variance/2) - 1,
212,2026-06-29,28,2026-07-27,M0,17.0,8.0,,,not applicable -- original-scale benchmark,2025-07-27
212,2026-06-29,28,2026-07-27,M1,17.0,22.089816614331877,3.086236160199646,0.10631104184703956,exp(m + variance/2) - 1,
212,2026-06-29,28,2026-07-27,M2,17.0,22.08591085828123,3.086007628764623,0.10642976626320605,exp(m + variance/2) - 1,
212,2026-06-29,28,2026-07-27,M3,17.0,23.188054847604697,3.1331894104819096,0.10533899896167885,exp(m + variance/2) - 1,
212,2026-06-29,28,2026-07-27,M4,17.0,22.077354068571186,3.085382550809934,0.10693848503016272,exp(m + variance/2) - 1,
212,2026-06-29,28,2026-07-27,M5,17.0,23.157644506605102,3.131588053419706,0.10602563861273523,exp(m + variance/2) - 1,
213,2026-06-30,28,2026-07-28,M0,15.0,15.0,,,not applicable -- original-scale benchmark,2025-07-28
213,2026-06-30,28,2026-07-28,M1,15.0,22.310850547225588,3.0957838183114474,0.10627024516599,exp(m + variance/2) - 1,
213,2026-06-30,28,2026-07-28,M2,15.0,22.312604787829898,3.095800008899461,0.10638836682957735,exp(m + variance/2) - 1,
213,2026-06-30,28,2026-07-28,M3,15.0,23.19407703654764,3.1334753556574952,0.1052649939859147,exp(m + variance/2) - 1,
213,2026-06-30,28,2026-07-28,M4,15.0,22.368920410100316,3.097953212906514,0.106907478063295,exp(m + variance/2) - 1,
213,2026-06-30,28,2026-07-28,M5,15.0,23.23375433900889,3.134742579245999,0.1060077789468956,exp(m + variance/2) - 1,
214,2026-07-01,28,2026-07-29,M0,15.0,18.0,,,not applicable -- original-scale benchmark,2025-07-29
214,2026-07-01,28,2026-07-29,M1,15.0,21.532981429799126,3.0620260662038126,0.10590802206860044,exp(m + variance/2) - 1,
214,2026-07-01,28,2026-07-29,M2,15.0,21.53782101897938,3.062197057032501,0.10599555033214075,exp(m + variance/2) - 1,
214,2026-07-01,28,2026-07-29,M3,15.0,22.357495910389392,3.098467248829531,0.10490141553548446,exp(m + variance/2) - 1,
214,2026-07-01,28,2026-07-29,M4,15.0,21.65193523196089,3.0669442648425025,0.10660204828273276,exp(m + variance/2) - 1,
214,2026-07-01,28,2026-07-29,M5,15.0,22.445669911979312,3.1018478535908387,0.10567594462000048,exp(m + variance/2) - 1,
215,2026-07-02,28,2026-07-30,M0,15.0,15.0,,,not applicable -- original-scale benchmark,2025-07-30
215,2026-07-02,28,2026-07-30,M1,15.0,20.001084058054538,2.991768305585241,0.10561150523588597,exp(m + variance/2) - 1,
215,2026-07-02,28,2026-07-30,M2,15.0,20.00167628548609,2.991728631458507,0.1057472523952118,exp(m + variance/2) - 1,
215,2026-07-02,28,2026-07-30,M3,15.0,20.660201578745152,3.023113111446616,0.10472687316170574,exp(m + variance/2) - 1,
215,2026-07-02,28,2026-07-30,M4,15.0,20.167265242047698,2.9992304740508975,0.10645084386330135,exp(m + variance/2) - 1,
215,2026-07-02,28,2026-07-30,M5,15.0,20.79224981339697,3.0287478494952067,0.10561308788625622,exp(m + variance/2) - 1,
216,2026-07-03,28,2026-07-31,M0,8.0,19.0,,,not applicable -- original-scale benchmark,2025-07-31
216,2026-07-03,28,2026-07-31,M1,8.0,20.319932690876247,3.0068485171363233,0.10558785013596138,exp(m + variance/2) - 1,
216,2026-07-03,28,2026-07-31,M2,8.0,20.329739227605973,3.0072797680072365,0.10564507757013308,exp(m + variance/2) - 1,
216,2026-07-03,28,2026-07-31,M3,8.0,21.00959264051371,3.0391692721979657,0.1046182304830785,exp(m + variance/2) - 1,
216,2026-07-03,28,2026-07-31,M4,8.0,20.548017130416454,3.0171088886082367,0.10634982239686419,exp(m + variance/2) - 1,
216,2026-07-03,28,2026-07-31,M5,8.0,21.190478384444674,3.04692025295391,0.10548608463626481,exp(m + variance/2) - 1,
